poi_id,category,lat,lon
0,Train Station,35.74964694,139.8051453
1,Subway,35.669687,139.767254
2,Convention Center,35.66808763,139.7673154
3,Train Station,35.6985962,139.7730182
4,Japanese Restaurant,35.700941,139.770555
5,Electronics Store,35.70128072,139.7712931
6,Electronics Store,35.69901542,139.7746217
7,Café,35.70093221,139.7706521
8,Fast Food Restaurant,35.69926155,139.7739056
9,Train Station,35.71341173,139.7760584
10,Train Station,35.64592362,139.8269248
11,Convenience Store,35.63379647,139.7915176
12,Train Station,35.63440986,139.7916135
13,Convention Center,35.62986668,139.7942662
14,Event Space,35.69997164,139.7708103
15,Paper / Office Supplies Store,35.697973,139.7866304
16,Train Station,35.69746615,139.7859755
17,Chinese Restaurant,35.70084933,139.7708713
18,Office,35.69965384,139.772374
19,Train Station,35.68137872,139.7660816
20,Train Station,35.68148766,139.7659636
21,Subway,35.68691239,139.7636139
22,Stadium,35.69320376,139.7498274
23,Bookstore,35.70042688,139.7717518
24,Hobby Shop,35.6983271,139.7716284
25,Electronics Store,35.70018728,139.7719771
26,Train Station,35.72777124,139.7709632
27,Electronics Store,35.70104548,139.7718
28,Arcade,35.700226,139.771692
29,Subway,35.68985772,139.8356581
30,Train Station,35.67993969,139.7682153
31,Fast Food Restaurant,35.68018027,139.7683553
32,Bus Station,35.67999307,139.7695309
33,Train Station,35.69080269,139.7002792
34,Temple,35.71472744,139.7967339
35,Bar,35.69178998,139.7703959
36,Miscellaneous Shop,35.69964037,139.7705468
37,Café,35.699527,139.770389
38,Toy / Game Store,35.70100191,139.7713119
39,University,35.69541694,139.7414857
40,Train Station,35.58259999,139.6732548
41,Office,35.65785416,139.6978569
42,Train Station,35.65819631,139.7020304
43,Gym / Fitness Center,35.65558461,139.7008424
44,Japanese Restaurant,35.65801107,139.6989647
45,Train Station,35.66669205,139.7581327
46,Train Station,35.70230879,139.7450316
47,Ramen /  Noodle House,35.65858641,139.7009575
48,Ramen /  Noodle House,35.65791518,139.6994863
49,Train Station,35.57572976,139.6596515
50,Train Station,35.58941466,139.6687227
51,Train Station,35.57542435,139.6806813
52,Ramen /  Noodle House,35.65859949,139.6982539
53,Train Station,35.56220032,139.7159428
54,Chinese Restaurant,35.65943633,139.6976826
55,Train Station,35.58970453,139.6682453
56,Park,35.66843628,139.6009326
57,Train Station,35.66822491,139.6011391
58,Train Station,35.65188911,139.5443957
59,Miscellaneous Shop,35.68748,139.67728
60,Medical Center,35.6932996,139.6920097
61,Road,35.68335477,139.6567896
62,Smoke Shop,35.69133034,139.6992195
63,Subway,35.68860292,139.6989512
64,Subway,35.70788893,139.7743267
65,Temple,35.71210317,139.7710893
66,Train Station,35.6897183,139.6992517
67,Japanese Restaurant,35.66717,139.602071
68,Other Great Outdoors,35.70349804,139.5803788
69,Electronics Store,35.70470468,139.5815456
70,Ramen /  Noodle House,35.67164812,139.6147567
71,Miscellaneous Shop,35.66906,139.613603
72,Train Station,35.68892751,139.6995628
73,Other Great Outdoors,35.692349,139.701094
74,Office,35.68279486,139.6868733
75,Convenience Store,35.67377039,139.6639028
76,Road,35.6724979,139.6606064
77,University,35.67112081,139.6482897
78,Train Station,35.66884376,139.6234699
79,Shrine,35.68241926,139.639653
80,Drugstore / Pharmacy,35.666874,139.601274
81,Park,35.65398358,139.5990229
82,Shrine,35.676202,139.6993697
83,Ramen /  Noodle House,35.66065237,139.6984363
84,Plaza,35.65906803,139.7005793
85,Train Station,35.65869121,139.698823
86,Train Station,35.70384108,139.5993602
87,Shrine,35.71596876,139.5958793
88,Train Station,35.70462192,139.619987
89,Park,35.63829883,139.6327007
90,Mall,35.64520433,139.6086413
91,Building,35.69112993,139.6926534
92,Spa / Massage,35.65745316,139.5876074
93,Train Station,35.66987443,139.6157169
94,Arcade,35.665666,139.7600792
95,Movie Theater,35.65907021,139.698911
96,Italian Restaurant,35.66608124,139.7576377
97,Building,35.68389724,139.4725943
98,General Entertainment,35.66491487,139.6960759
99,Clothing Store,35.69911561,139.7716069
100,Hardware Store,35.702848,139.7718969
101,Hobby Shop,35.70048787,139.7717839
102,Japanese Restaurant,35.70108686,139.77202
103,Arcade,35.69870393,139.7709927
104,Train Station,35.68600612,139.7306657
105,Coffee Shop,35.69849265,139.7721916
106,Subway,35.69556071,139.7758716
107,Train Station,35.70124524,139.7447031
108,Arcade,35.6987671,139.770121
109,Arcade,35.70073836,139.7718832
110,Bookstore,35.69950769,139.7704536
111,Coffee Shop,35.68607044,139.7304385
112,Arcade,35.70090608,139.741888
113,Train Station,35.69129549,139.7354722
114,Arcade,35.69924195,139.7709364
115,Train Station,35.69971897,139.7644749
116,Arcade,35.69776076,139.7714674
117,Ramen /  Noodle House,35.69617281,139.7708881
118,Fried Chicken Joint,35.69761565,139.7716701
119,Subway,35.6923934,139.7228658
120,Italian Restaurant,35.70150071,139.7711965
121,Train Station,35.65852173,139.701326
122,Arcade,35.65981515,139.7023932
123,Arcade,35.69313623,139.70184
124,Arcade,35.6895059,139.6973781
125,Train Station,35.68417611,139.7020626
126,Subway,35.69919839,139.7181559
127,Train Station,35.63014573,139.7404289
128,Train Station,35.5884342,139.7279191
129,Train Station,35.56247782,139.7160503
130,Arcade,35.56351505,139.7151399
131,Arcade,35.563634,139.714974
132,Arcade,35.73004161,139.7157384
133,Train Station,35.69152204,139.7012472
134,Food & Drink Shop,35.68825436,139.7000456
135,Train Station,35.62970971,139.778409
136,Train Station,35.62752523,139.7787952
137,Train Station,35.69596587,139.7580671
138,Subway,35.67434997,139.7670445
139,Dessert Shop,35.67403685,139.7671922
140,Restaurant,35.69841205,139.7700512
141,Fast Food Restaurant,35.697854,139.772448
142,Ramen /  Noodle House,35.701263,139.772092
143,Electronics Store,35.69980828,139.7718215
144,Arcade,35.70123933,139.7720334
145,Restaurant,35.69766492,139.7574878
146,Train Station,35.72986464,139.7109556
147,Mall,35.72934768,139.7181666
148,Ramen /  Noodle House,35.72644736,139.7188425
149,Bookstore,35.69898492,139.7710598
150,Train Station,35.73022733,139.7111607
151,Arcade,35.72991815,139.7159967
152,Train Station,35.75626039,139.6945866
153,Train Station,35.75243323,139.738133
154,Bar,35.69168542,139.7011372
155,Bar,35.6859059,139.7007644
156,Mall,35.66578652,139.7309607
157,Ramen /  Noodle House,35.62615172,139.7247005
158,Train Station,35.6264504,139.7234398
159,Mall,35.66863497,139.7056245
160,Miscellaneous Shop,35.66868,139.705861
161,Mall,35.80755323,139.7139797
162,Bakery,35.67170041,139.7652555
163,Indian Restaurant,35.72978315,139.7106832
164,Train Station,35.801917,139.7175872
165,Train Station,35.64687831,139.7099483
166,Fast Food Restaurant,35.62241914,139.7500956
167,Train Station,35.74824718,139.7028968
168,Train Station,35.60714306,139.7347489
169,Café,35.62799831,139.7385608
170,Office,35.62286636,139.7491843
171,Train Station,35.6205179,139.7508198
172,Electronics Store,35.66184659,139.6998096
173,Train Station,35.77806244,139.7208381
174,Subway,35.66318885,139.7321247
175,Subway,35.73740792,139.6547484
176,Office,35.67094859,139.7267569
177,Office,35.65611504,139.7565705
178,Convenience Store,35.66553338,139.7311768
179,Bar,35.64326004,139.6986723
180,Road,35.66324781,139.7322884
181,Subway,35.6727158,139.724046
182,Subway,35.66331537,139.7321168
183,Post Office,35.73550941,139.6527904
184,Movie Theater,35.74236297,139.648633
185,Train Station,35.73787383,139.6545231
186,Electronics Store,35.73099376,139.7137034
187,Train Station,35.72902543,139.7110963
188,Ramen /  Noodle House,35.66251234,139.7341345
189,Subway,35.65686825,139.7545472
190,Bridge,35.70020035,139.7636032
191,Convention Center,35.67664648,139.7636515
192,Airport,35.55137977,139.7884083
193,Bridge,35.63519465,139.7675246
194,Ramen /  Noodle House,35.66409,139.731452
195,Train Station,35.66158508,139.6674728
196,Ramen /  Noodle House,35.73749936,139.6525222
197,Event Space,35.6651438,139.7312217
198,Mall,35.66051289,139.7292119
199,Food & Drink Shop,35.73784335,139.6538955
200,Train Station,35.58981272,139.6688032
201,Train Station,35.60753808,139.6688391
202,Train Station,35.60846801,139.647792
203,Train Station,35.61969917,139.7285528
204,Food & Drink Shop,35.57403248,139.6626341
205,Mall,35.53583205,139.667269
206,Train Station,35.6749785,139.7632188
207,Light Rail,35.58157615,139.7491193
208,Train Station,35.65561814,139.7567421
209,Fast Food Restaurant,35.681586,139.770554
210,Bar,35.69955997,139.7748899
211,Restaurant,35.6967152,139.7746325
212,Road,35.5727857,139.6172268
213,Train Station,35.60184249,139.7217686
214,Electronics Store,35.53588007,139.6673065
215,Train Station,35.59902115,139.6112001
216,Convenience Store,35.56478777,139.6117001
217,Train Station,35.53132693,139.696902
218,Mall,35.53294217,139.6957648
219,Electronics Store,35.53291597,139.697063
220,Gas Station / Garage,35.57209955,139.6598929
221,Mall,35.54414317,139.5723724
222,Rest Area,35.54379398,139.6025875
223,Japanese Restaurant,35.58701749,139.6306119
224,Train Station,35.57957795,139.5730188
225,Subway,35.70846826,139.7536039
226,Train Station,35.82221515,139.5751941
227,Train Station,35.58105261,139.6414232
228,Train Station,35.67505157,139.7633135
229,Government Building,35.65856462,139.7454768
230,Toy / Game Store,35.65699986,139.7586465
231,Event Space,35.58154689,139.7486653
232,Concert Hall,35.66080056,139.6952927
233,Café,35.563375,139.7150229
234,Building,35.61837241,139.7275758
235,Parking,35.5646499,139.7166967
236,Bookstore,35.5611752,139.7137383
237,Drugstore / Pharmacy,35.56236407,139.7145912
238,Diner,35.57641531,139.7141339
239,Electronics Store,35.70221514,139.7707245
240,Electronics Store,35.70117399,139.770982
241,Electronics Store,35.70098667,139.7710463
242,Electronics Store,35.70133591,139.7709351
243,Electronics Store,35.70068555,139.770708
244,Electronics Store,35.69931928,139.7702175
245,Soup Place,35.69548665,139.7728072
246,Bakery,35.56259128,139.7156292
247,Arcade,35.56234446,139.7137883
248,Bookstore,35.56373389,139.7155837
249,Bar,35.69823997,139.7742462
250,Hobby Shop,35.56138288,139.7139279
251,Hobby Shop,35.56122102,139.7137517
252,Airport,35.54505978,139.769032
253,Train Station,35.56068371,139.7237302
254,Food & Drink Shop,35.57221603,139.7102814
255,Train Station,35.69984749,139.7637802
256,Arcade,35.6990372,139.7708626
257,Hardware Store,35.69935739,139.7698098
258,Electronics Store,35.70051401,139.771049
259,Hardware Store,35.70094964,139.770813
260,Electronics Store,35.69876369,139.7705319
261,Train Station,35.61974496,139.7281237
262,Fast Food Restaurant,35.56100719,139.7149372
263,Miscellaneous Shop,35.56324368,139.7156695
264,Train Station,35.53694083,139.6348679
265,Train Station,35.56193058,139.7148955
266,Japanese Restaurant,35.562898,139.715402
267,Train Station,35.72129098,139.7781515
268,Train Station,35.69643202,139.8139429
269,Train Station,35.57490949,139.6632457
270,Café,35.5729024,139.6626556
271,Train Station,35.5310519,139.6843868
272,Concert Hall,35.70074054,139.7718751
273,Stadium,35.70558461,139.7519088
274,Stadium,35.67458148,139.7171292
275,Train Station,35.68008021,139.7202373
276,Train Station,35.79465086,139.5137715
277,Train Station,35.7495381,139.5865399
278,Train Station,35.81764786,139.6695864
279,Train Station,35.84768054,139.6691492
280,Train Station,35.81544677,139.5871836
281,Train Station,35.79711117,139.6001872
282,Train Station,35.71585285,139.6720786
283,Train Station,35.82801739,139.6905184
284,Train Station,35.74440118,139.8112822
285,Train Station,35.74399572,139.8115718
286,Train Station,35.81459002,139.5869957
287,Train Station,35.77760438,139.6329273
288,Train Station,35.702002,139.754315
289,Train Station,35.83066271,139.562242
290,Train Station,35.78827415,139.6129149
291,Subway,35.67514526,139.7597516
292,Café,35.69899363,139.7729373
293,Burger Joint,35.68800165,139.6989834
294,Train Station,35.66903442,139.4952375
295,Train Station,35.66835075,139.486061
296,Racetrack,35.66249163,139.4856405
297,Train Station,35.66629207,139.4770548
298,Train Station,35.84567611,139.6472044
299,Train Station,35.84756205,139.6693772
300,Train Station,35.73705522,139.4882584
301,Train Station,35.85378746,139.6374321
302,Bookstore,35.69735561,139.7751474
303,Train Station,35.71407232,139.7767225
304,Train Station,35.69589617,139.6999598
305,Mall,35.69343902,139.7019553
306,Train Station,35.68998843,139.7011292
307,Subway,35.72939123,139.7100449
308,Subway,35.75786619,139.6537399
309,Train Station,35.689724,139.7000147
310,Train Station,35.73029701,139.7106886
311,Train Station,35.66615261,139.4771433
312,Train Station,35.57668092,139.6594745
313,Train Station,35.57648022,139.6631545
314,Department Store,35.72947799,139.711997
315,Train Station,35.68056825,139.7654915
316,Train Station,35.69167017,139.7708774
317,Train Station,35.71300698,139.7758341
318,Train Station,35.67160236,139.7028834
319,Train Station,35.6706763,139.7025239
320,Train Station,35.65795548,139.7016951
321,Train Station,35.70582855,139.6657991
322,Mall,35.70750125,139.665665
323,Mall,35.70925232,139.6656811
324,General Entertainment,35.70436055,139.6715176
325,Miscellaneous Shop,35.70074925,139.7719181
326,Train Station,35.69836195,139.7729266
327,Department Store,35.6918961,139.6987433
328,Train Station,35.69046699,139.6978266
329,Train Station,35.68150944,139.7653198
330,Train Station,35.68113471,139.7678196
331,Arcade,35.65999641,139.6994609
332,Record Shop,35.66194683,139.6700451
333,Ramen /  Noodle House,35.64781727,139.7464015
334,Record Shop,35.68994486,139.7015476
335,Racetrack,35.7035416,139.7513938
336,Train Station,35.71290244,139.7038972
337,Train Station,35.64734965,139.6240794
338,Fast Food Restaurant,35.64671982,139.7456941
339,Road,35.65946194,139.7005123
340,Bookstore,35.66166034,139.6684595
341,Train Station,35.64573181,139.747569
342,Bookstore,35.66073954,139.697409
343,Music Venue,35.65849622,139.6954774
344,Subway,35.67231923,139.7945613
345,Bar,35.67100096,139.7975627
346,Record Shop,35.66188146,139.7010568
347,Moving Target,35.705918,139.664356
348,Music Venue,35.658509,139.695591
349,Airport,35.54906628,139.784172
350,Train Station,35.71369516,139.7775078
351,Ramen /  Noodle House,35.70185139,139.7713856
352,Building,35.66641846,139.7572839
353,Sculpture Garden,35.65906803,139.700574
354,Train Station,35.65913341,139.7010025
355,Government Building,35.616781,139.564465
356,Train Station,35.61529362,139.5794427
357,Train Station,35.62081442,139.5697117
358,Event Space,35.53506191,139.7009222
359,Train Station,35.71678759,139.8582637
360,Train Station,35.7332059,139.7775722
361,College Academic Building,35.72791778,139.7707915
362,Train Station,35.728359,139.77095
363,Train Station,35.69849482,139.7725135
364,Building,35.69808368,139.7714581
365,Train Station,35.7073575,139.7746164
366,Mall,35.7099645,139.7745815
367,Japanese Restaurant,35.69892393,139.7747666
368,Train Station,35.77722683,139.7904468
369,Train Station,35.72810221,139.7712743
370,Bus Station,35.58867404,139.7274902
371,Train Station,35.71337478,139.7765078
372,General Entertainment,35.63158048,139.7929708
373,Convention Center,35.62884203,139.7950816
374,Light Rail,35.63022857,139.7913668
375,Train Station,35.74196294,139.6479403
376,Burger Joint,35.69980392,139.7718
377,Bar,35.69897839,139.7716284
378,Train Station,35.69833581,139.7730339
379,Train Station,35.699583,139.765222
380,Post Office,35.69973858,139.7725511
381,Train Station,35.76291574,139.7276831
382,Hobby Shop,35.70181218,139.7712529
383,Hobby Shop,35.70181654,139.771218
384,Subway,35.67204468,139.7641718
385,Electronics Store,35.67226694,139.7657758
386,Arcade,35.698025,139.772411
387,Train Station,35.71202259,139.7984076
388,General Entertainment,35.714896,139.7935313
389,General Travel,35.71356737,139.776358
390,Train Station,35.71373001,139.7772288
391,Bus Station,35.58836876,139.7289062
392,Train Station,35.70463063,139.6199816
393,Train Station,35.70025263,139.4802547
394,Train Station,35.55319973,139.6468145
395,Burger Joint,35.553209,139.6464155
396,Event Space,35.80094242,139.7166967
397,Racetrack,35.59140061,139.7428429
398,Fast Food Restaurant,35.70235236,139.7546554
399,Concert Hall,35.70320617,139.7545695
400,Road,35.70163793,139.6883136
401,Road,35.70205956,139.6951683
402,Road,35.70929152,139.7033072
403,Japanese Restaurant,35.71414815,139.7038704
404,Bookstore,35.71283275,139.705013
405,Road,35.70103677,139.682799
406,Convenience Store,35.70224999,139.6747738
407,Bookstore,35.68611896,139.7021688
408,Furniture / Home Store,35.68657254,139.7008502
409,Electronics Store,35.69256767,139.6987045
410,Food & Drink Shop,35.70162197,139.6781044
411,Ramen /  Noodle House,35.69312098,139.6994475
412,Road,35.70216068,139.673481
413,Fast Food Restaurant,35.71364126,139.7031683
414,Convenience Store,35.71067232,139.7034359
415,Train Station,35.758702,139.6894026
416,Road,35.70190366,139.6757475
417,Bookstore,35.6921821,139.7029531
418,Coffee Shop,35.68972102,139.7069583
419,Café,35.69111669,139.695996
420,Japanese Restaurant,35.70380079,139.6656489
421,Subway,35.69235855,139.7009468
422,Subway,35.69700273,139.6826863
423,Building,35.69218427,139.6971166
424,Miscellaneous Shop,35.69157432,139.7037551
425,Bar,35.69307523,139.6983585
426,Convenience Store,35.70513492,139.668266
427,Hobby Shop,35.68700825,139.7023308
428,Camera Store,35.689354,139.698007
429,Sushi Restaurant,35.68870749,139.6973795
430,Train Station,35.65591998,139.6536132
431,Subway,35.69800309,139.657841
432,Train Station,35.67374424,139.6672583
433,Train Station,35.70129379,139.7000409
434,Building,35.68810445,139.6934552
435,Plaza,35.68787347,139.7003638
436,Bar,35.69309102,139.6995031
437,Subway,35.69086525,139.7048702
438,Train Station,35.70320182,139.5799041
439,Bus Station,35.69171374,139.6986347
440,Coffee Shop,35.69507281,139.7002441
441,Furniture / Home Store,35.70482683,139.6723228
442,Convenience Store,35.72990073,139.7239709
443,Train Station,35.73184291,139.7280639
444,Japanese Restaurant,35.69957086,139.7746593
445,Ramen /  Noodle House,35.70077757,139.7706628
446,Train Station,35.75894143,139.8128405
447,Train Station,35.71034999,139.8090398
448,Ramen /  Noodle House,35.69799498,139.7712507
449,Train Station,35.81416568,139.8013178
450,Train Station,35.74870655,139.8048019
451,Train Station,35.79450292,139.7907847
452,Ramen /  Noodle House,35.70163575,139.7713172
453,Café,35.70128216,139.7717
454,Park,35.70179,139.769787
455,Convenience Store,35.69979085,139.7742462
456,Train Station,35.82842623,139.8034662
457,Coffee Shop,35.70152903,139.7711563
458,Café,35.70105419,139.7705635
459,Movie Theater,35.69268748,139.7036612
460,Bike Shop,35.69185752,139.7066197
461,Train Station,35.84318647,139.8007303
462,Neighborhood,35.6996166,139.7713923
463,Ramen /  Noodle House,35.69887166,139.7704992
464,General Entertainment,35.62519242,139.7754264
465,Mobile Phone Shop,35.69883571,139.7716056
466,Ramen /  Noodle House,35.69813923,139.7758006
467,Light Rail,35.66549724,139.7596396
468,Light Rail,35.62590099,139.7714138
469,Japanese Restaurant,35.70217375,139.7713709
470,Convenience Store,35.701178,139.771038
471,Indian Restaurant,35.69939225,139.7711161
472,Train Station,35.63367739,139.7155166
473,Subway,35.64244046,139.7339916
474,Indian Restaurant,35.69614885,139.7594833
475,Hotel,35.65301696,139.7622079
476,Event Space,35.63056866,139.7143364
477,Temple,35.62860222,139.7080868
478,Electronics Store,35.67211441,139.7632277
479,Light Rail,35.63995551,139.7888911
480,Train Station,35.62567861,139.713411
481,Road,35.68359224,139.7709793
482,Subway,35.64812504,139.7487545
483,Other Great Outdoors,35.64419808,139.8613985
484,Aquarium,35.63998167,139.8621798
485,Japanese Restaurant,35.699534,139.764529
486,Ramen /  Noodle House,35.56380224,139.715074
487,Train Station,35.6281617,139.7380419
488,Subway,35.66967396,139.7670364
489,Ramen /  Noodle House,35.69668688,139.7601351
490,Gym / Fitness Center,35.62541736,139.7255397
491,Zoo,35.71739517,139.7713481
492,Train Station,35.62049173,139.7044069
493,Ramen /  Noodle House,35.6677954,139.7587116
494,Coffee Shop,35.60944589,139.7488549
495,Department Store,35.68499199,139.7741564
496,Coffee Shop,35.69586567,139.7522387
497,Building,35.66205579,139.7488296
498,Coffee Shop,35.69615538,139.7601217
499,Fast Food Restaurant,35.66038541,139.6989432
500,Café,35.6623155,139.6991471
501,Train Station,35.72623397,139.5920759
502,Train Station,35.72762269,139.5771278
503,Arts & Crafts Store,35.69000937,139.6975865
504,Ramen /  Noodle House,35.69475909,139.6981949
505,Mall,35.65890023,139.7032642
506,Airport,35.55126861,139.7875775
507,Fast Food Restaurant,35.68926367,139.6975715
508,Electronics Store,35.69119222,139.6953478
509,Train Station,35.72267792,139.6388256
510,General College & University,35.69829277,139.7400526
511,Subway,35.67157801,139.7412551
512,Electronics Store,35.65992013,139.7019446
513,Garden,35.68525669,139.7094655
514,Coffee Shop,35.68972962,139.69635
515,Donut Shop,35.69331049,139.703688
516,Video Store,35.65981771,139.7003755
517,Event Space,35.67812806,139.7223294
518,Subway,35.67054556,139.7178555
519,Coffee Shop,35.65996263,139.6959626
520,Convenience Store,35.67148469,139.7215891
521,Record Shop,35.66086811,139.6980587
522,Bar,35.64705268,139.702422
523,Movie Theater,35.65956273,139.729346
524,Miscellaneous Shop,35.68933871,139.6967638
525,Record Shop,35.69054236,139.703552
526,Fast Food Restaurant,35.69062998,139.7023603
527,Subway,35.66511535,139.7124588
528,Subway,35.68401925,139.7376823
529,Art Museum,35.71888688,139.7764564
530,Office,35.66768668,139.7156346
531,Train Station,35.66605673,139.7582173
532,Subway,35.68138744,139.7755551
533,Subway,35.68635578,139.7822486
534,Park,35.71230136,139.8039865
535,Subway,35.66719421,139.7585446
536,Train Station,35.66661458,139.7581744
537,Subway,35.69829062,139.7746734
538,Train Station,35.57209628,139.7028834
539,Performing Arts Venue,35.53228734,139.6958935
540,Convenience Store,35.64348349,139.7491743
541,Event Space,35.5588259,139.7240771
542,Train Station,35.6916876,139.77088
543,Subway,35.69439313,139.692809
544,Train Station,35.69034569,139.6997881
545,Train Station,35.57292967,139.6914592
546,Train Station,35.57965378,139.685504
547,Train Station,35.58529754,139.6823645
548,Train Station,35.59193329,139.6809007
549,Train Station,35.62541865,139.7240216
550,Building,35.69527753,139.6903467
551,Coffee Shop,35.69414262,139.6876699
552,Train Station,35.62611683,139.723649
553,Train Station,35.62246765,139.7224856
554,Train Station,35.63428342,139.7156721
555,Office,35.694153,139.687614
556,Train Station,35.61599137,139.7150284
557,Mall,35.56258407,139.7153543
558,Event Space,35.56020859,139.7178715
559,Burger Joint,35.560798,139.717662
560,Bus Station,35.57840843,139.7004089
561,Bus Station,35.60245823,139.7130597
562,Bus Station,35.626311,139.7239933
563,Building,35.69397021,139.690422
564,Train Station,35.69074652,139.7006357
565,Bus Station,35.62304724,139.7223273
566,Road,35.69517733,139.690513
567,Subway,35.68794066,139.7200656
568,Train Station,35.65850795,139.701325
569,Train Station,35.68359266,139.7022436
570,Convenience Store,35.69490353,139.6878446
571,Train Station,35.65851722,139.701333
572,Train Station,35.5969536,139.6852398
573,Train Station,35.64655245,139.7102273
574,Train Station,35.60498585,139.7030364
575,Train Station,35.69137391,139.6993589
576,Subway,35.6908598,139.7048521
577,Train Station,35.58907489,139.728433
578,Train Station,35.60624843,139.7348499
579,Train Station,35.64542506,139.7474676
580,Bookstore,35.56248851,139.7156236
581,Food & Drink Shop,35.66232601,139.7613341
582,Subway,35.66278801,139.7596335
583,Subway,35.69059403,139.6925622
584,Coffee Shop,35.69898928,139.7746861
585,Chinese Restaurant,35.66216559,139.7614968
586,Train Station,35.70537552,139.6498615
587,Toy / Game Store,35.69874402,139.7718848
588,Toy / Game Store,35.69621202,139.7735649
589,Recycling Facility,35.70054886,139.7711992
590,Electronics Store,35.70670067,139.6663574
591,Train Station,35.62822723,139.7387123
592,Train Station,35.706356,139.6843
593,Camera Store,35.70686128,139.6665219
594,Bookstore,35.70883962,139.6648674
595,Fast Food Restaurant,35.69792849,139.7752333
596,Ramen /  Noodle House,35.70236472,139.7705269
597,Convenience Store,35.70985648,139.6677178
598,Event Space,35.66751236,139.6968269
599,Italian Restaurant,35.70450866,139.6652681
600,Subway,35.71072459,139.6863234
601,Government Building,35.66879424,139.8225436
602,Antique Shop,35.68971013,139.6969081
603,Train Station,35.70477438,139.6353722
604,Miscellaneous Shop,35.70872818,139.664962
605,Restaurant,35.6998947,139.7704576
606,Subway,35.69213199,139.7827542
607,Train Station,35.71048066,139.8133099
608,Mall,35.70996668,139.8106384
609,Fast Food Restaurant,35.66471761,139.7616615
610,Subway,35.71091624,139.7978872
611,Event Space,35.71439206,139.7984934
612,Bar,35.70024065,139.7719784
613,Mall,35.68355302,139.7665349
614,Bookstore,35.68352252,139.7665644
615,Subway,35.68239834,139.77386
616,Mall,35.68113471,139.7668594
617,Government Building,35.6897183,139.6924925
618,Hardware Store,35.67302738,139.7643113
619,Train Station,35.73748956,139.672911
620,Train Station,35.71967572,139.6535216
621,Toy / Game Store,35.69802433,139.7714889
622,Food & Drink Shop,35.66198796,139.7086016
623,Park,35.67070245,139.6966338
624,Bakery,35.6596499,139.702599
625,Bookstore,35.69949898,139.7711027
626,Train Station,35.65060102,139.6843064
627,Bakery,35.66088936,139.6968082
628,Hobby Shop,35.69269402,139.7007497
629,Donut Shop,35.67431947,139.7640002
630,Bookstore,35.67962704,139.7670552
631,Coffee Shop,35.80138185,139.7180754
632,Fast Food Restaurant,35.85955913,139.6555263
633,Furniture / Home Store,35.80301339,139.7187352
634,Bookstore,35.65619785,139.7562593
635,Light Rail,35.65551788,139.7567314
636,Train Station,35.67458965,139.7776794
637,Coffee Shop,35.67665487,139.7640225
638,Miscellaneous Shop,35.67549605,139.7648478
639,Coffee Shop,35.68315215,139.7689945
640,Bookstore,35.682521,139.768695
641,Library,35.80096852,139.7185099
642,Bookstore,35.67816836,139.7681871
643,Paper / Office Supplies Store,35.67314744,139.76706
644,Miscellaneous Shop,35.67430421,139.7653869
645,Bookstore,35.67489033,139.7638553
646,College Academic Building,35.80107294,139.7185528
647,Department Store,35.67576623,139.7651267
648,Train Station,35.8587396,139.6572858
649,Movie Theater,35.80772664,139.7143119
650,Department Store,35.67143458,139.7657651
651,Gym / Fitness Center,35.67250574,139.7650158
652,Hotel,35.68039395,139.7345924
653,Department Store,35.69160046,139.7046912
654,Electronics Store,35.6754394,139.7628951
655,Mall,35.77783178,139.7208863
656,Ramen /  Noodle House,35.65518879,139.7978631
657,Mall,35.67369413,139.7630078
658,Department Store,35.69167889,139.7046643
659,Department Store,35.68559655,139.7733772
660,Furniture / Home Store,35.68421532,139.6617973
661,Subway,35.672868,139.763171
662,Government Building,35.67499492,139.7641557
663,Arts & Crafts Store,35.69261039,139.7009073
664,Art Museum,35.71703065,139.7733325
665,Science Museum,35.71636946,139.7764993
666,Hotel,35.62628035,139.770703
667,Train Station,35.81565557,139.7043586
668,Convenience Store,35.81571647,139.7012794
669,Fast Food Restaurant,35.81539457,139.7049594
670,Movie Theater,35.6922627,139.7052222
671,Deli / Bodega,35.81456588,139.7027707
672,Convenience Store,35.81480731,139.7034413
673,Bar,35.69914175,139.7723848
674,Train Station,35.70642532,139.8425084
675,Home (private),35.70564422,139.8496077
676,Japanese Restaurant,35.70067053,139.7726636
677,Plaza,35.70027877,139.7714138
678,Government Building,35.73068893,139.712373
679,Movie Theater,35.7299422,139.7147957
680,Bar,35.72874019,139.713513
681,Train Station,35.68957997,139.7014578
682,Movie Theater,35.69001021,139.7058928
683,Train Station,35.68931964,139.7004613
684,Ice Cream Shop,35.69796334,139.7737809
685,Bar,35.70010451,139.7739673
686,Train Station,35.69690689,139.8145008
687,Diner,35.70192019,139.7705369
688,Indian Restaurant,35.70205178,139.7722238
689,Asian Restaurant,35.70065465,139.7692539
690,Hobby Shop,35.70035282,139.7717504
691,Steakhouse,35.699472,139.76941
692,Electronics Store,35.69988183,139.770556
693,Convenience Store,35.81564899,139.7036298
694,Other Great Outdoors,35.69795175,139.7680009
695,Mall,35.670663,139.47912
696,Video Store,35.67286178,139.4798684
697,Mall,35.67985363,139.768796
698,Bridge,35.69710947,139.7709739
699,Office,35.68578826,139.7340345
700,Church,35.68516955,139.73095
701,University,35.68293865,139.7322214
702,Building,35.69192886,139.6937954
703,Train Station,35.65136821,139.6366382
704,Government Building,35.64662547,139.6532571
705,Light Rail,35.64339954,139.6466053
706,University,35.64094078,139.6323252
707,Park,35.63005853,139.6223259
708,Rest Area,35.62648247,139.6313894
709,University,35.62111967,139.6497488
710,Park,35.62575056,139.6617758
711,Gym / Fitness Center,35.65933042,139.6165745
712,Park,35.68850489,139.7072446
713,Plaza,35.69554764,139.7012901
714,Japanese Restaurant,35.68957452,139.6969047
715,Bar,35.68961373,139.6971649
716,Neighborhood,35.67007406,139.7021439
717,Park,35.66899411,139.7003889
718,College Academic Building,35.67525202,139.6928251
719,Student Center,35.67447635,139.6932864
720,General Entertainment,35.66725087,139.6966767
721,Coffee Shop,35.690422,139.701652
722,Video Store,35.69172028,139.7023442
723,Indian Restaurant,35.66885356,139.6502826
724,Japanese Restaurant,35.70059024,139.5781714
725,Bar,35.70251789,139.576782
726,Train Station,35.66162867,139.6665502
727,Theater,35.66146119,139.6686547
728,Park,35.658459,139.680736
729,University,35.66050418,139.6849823
730,College Academic Building,35.65948428,139.6866989
731,Road,35.6515077,139.6873856
732,Bookstore,35.64559957,139.6686946
733,Building,35.64374621,139.6697262
734,Train Station,35.64351289,139.6711582
735,Japanese Restaurant,35.68958429,139.6969236
736,College Academic Building,35.6986669,139.7621012
737,Bridge,35.69974729,139.7655183
738,Historic Site,35.7007841,139.7664356
739,Subway,35.70668668,139.7599286
740,Park,35.70368099,139.7134781
741,Office,35.657331,139.782298
742,Video Game Store,35.68969869,139.6973661
743,Indian Restaurant,35.68926804,139.6989078
744,Subway,35.67121668,139.764998
745,Food & Drink Shop,35.66515893,139.7697991
746,Medical Center,35.66528572,139.7685201
747,Bridge,35.66225192,139.774906
748,Mall,35.71035,139.812242
749,Bridge,35.71414379,139.8033643
750,Plaza,35.6429636,139.7130382
751,Mall,35.64629416,139.7104311
752,Train Station,35.64431502,139.6990907
753,Subway,35.72021089,139.7841704
754,Library,35.71739299,139.7893846
755,Mall,35.71445304,139.7888964
756,Mall,35.71177867,139.7960901
757,Mall,35.71291986,139.7928447
758,Mall,35.60624407,139.7349787
759,Electronics Store,35.60574112,139.7353127
760,Other Great Outdoors,35.60903575,139.7355572
761,Sculpture Garden,35.562408,139.716922
762,Train Station,35.73792608,139.7610283
763,Train Station,35.73313214,139.7988741
764,History Museum,35.736841,139.7958275
765,Shrine,35.73744711,139.7961009
766,Bridge,35.73938039,139.7974312
767,Smoke Shop,35.71312893,139.7045517
768,Smoke Shop,35.71101,139.774186
769,Train Station,35.75086595,139.8669004
770,Train Station,35.75649928,139.8753119
771,Government Building,35.75691066,139.875623
772,Train Station,35.72495361,139.8194844
773,Train Station,35.74757458,139.8401856
774,Train Station,35.74588638,139.8562927
775,Train Station,35.74764424,139.8275149
776,Bridge,35.74604205,139.8192859
777,Bridge,35.7450842,139.8171401
778,Bridge,35.74571115,139.8190713
779,Bridge,35.74086952,139.8120546
780,Bookstore,35.69272016,139.7031489
781,Mall,35.68940896,139.698801
782,Electronics Store,35.69163314,139.7018641
783,Convenience Store,35.65690614,139.7571713
784,Train Station,35.68228287,139.7661419
785,Ramen /  Noodle House,35.68956363,139.6969382
786,Electronics Store,35.6900396,139.6980452
787,Video Game Store,35.68857948,139.698848
788,Indian Restaurant,35.6913453,139.6983194
789,Bus Station,35.65534353,139.7562915
790,Ferry,35.65405768,139.762643
791,Bridge,35.63745304,139.7561789
792,Office,35.65679936,139.7571445
793,Office,35.6568691,139.7593653
794,Fast Food Restaurant,35.628882,139.741577
795,Mall,35.62868124,139.7393782
796,Office,35.63225602,139.7416306
797,Historic Site,35.64711153,139.7483763
798,Coffee Shop,35.65064461,139.5436339
799,Light Rail,35.64912329,139.7592849
800,Light Rail,35.64181269,139.7576809
801,Office,35.62791765,139.7764671
802,Bridge,35.62762824,139.7863441
803,Convention Center,35.62977947,139.7940731
804,Plaza,35.63019805,139.7948992
805,Train Station,35.64066176,139.8034286
806,Bridge,35.65039179,139.8007786
807,Bridge,35.65888715,139.789272
808,Convention Center,35.68427197,139.8649585
809,Train Station,35.6838101,139.8643255
810,Other Great Outdoors,35.68306719,139.8474571
811,Mobile Phone Shop,35.68990347,139.6984202
812,Bookstore,35.6536,139.5443353
813,Arcade,35.65104347,139.5443326
814,Subway,35.79187911,139.6458757
815,History Museum,35.78545194,139.6432579
816,Temple,35.78184431,139.6442074
817,Park,35.78431903,139.6576072
818,University,35.72344949,139.7505509
819,Bridge,35.70207356,139.7553152
820,Subway,35.59634728,139.7117722
821,Road,35.59569298,139.7116756
822,Temple,35.57898863,139.7052611
823,Bookstore,35.695364,139.759973
824,Japanese Restaurant,35.69540169,139.7589576
825,Bookstore,35.69583844,139.7597341
826,Airport,35.63584863,139.8372459
827,Park,35.68020222,139.7953176
828,Bridge,35.71247559,139.5079994
829,Convenience Store,35.741528,139.501491
830,Train Station,35.77209986,139.5198977
831,Miscellaneous Shop,35.77325759,139.5205522
832,Japanese Restaurant,35.70376387,139.5608989
833,Japanese Restaurant,35.70386588,139.5607148
834,Mall,35.70183008,139.5609983
835,Bookstore,35.70246126,139.5609596
836,Bookstore,35.70162025,139.560809
837,Dumpling Restaurant,35.66695887,139.4769555
838,Bowling Alley,35.66722908,139.4774276
839,Art Museum,35.67967933,139.8080528
840,Electronics Store,35.691322,139.702979
841,Bookstore,35.6893131,139.6991283
842,Department Store,35.69441946,139.7004236
843,Indian Restaurant,35.68975315,139.6990585
844,Racetrack,35.53234846,139.7107315
845,Mall,35.52996923,139.6996593
846,Stadium,35.52707477,139.7097015
847,Medical Center,35.52674297,139.7059572
848,Mall,35.52929692,139.6966392
849,Mall,35.53095149,139.6976745
850,Hobby Shop,35.53137932,139.7002226
851,Bookstore,35.53189445,139.6954215
852,Plaza,35.661042,139.757359
853,Plaza,35.66484514,139.7607815
854,Garden,35.66029497,139.7634745
855,Fast Food Restaurant,35.69256767,139.7353931
856,Coffee Shop,35.69101665,139.7039187
857,Ramen /  Noodle House,35.69569051,139.6983504
858,Mall,35.69258046,139.7011996
859,Hobby Shop,35.69375052,139.701722
860,Sandwich Place,35.69265,139.694808
861,Subway,35.70664095,139.7600064
862,Subway,35.65688049,139.754338
863,Train Station,35.69049855,139.6999998
864,Train Station,35.6207839,139.5699102
865,Train Station,35.60375363,139.5075917
866,Building,35.69309048,139.6932113
867,Train Station,35.7602343,139.7222114
868,Convenience Store,35.64405782,139.8247576
869,Park,35.63547714,139.8795104
870,Café,35.69179241,139.7032182
871,Mall,35.62520987,139.7756195
872,Concert Hall,35.67231051,139.7540814
873,Sporting Goods Shop,35.69458265,139.7638661
874,Train Station,35.66459236,139.7846049
875,Movie Theater,35.67358736,139.7627074
876,Park,35.63281411,139.8803115
877,Church,35.62248019,139.737559
878,Arts & Crafts Store,35.68993614,139.7063139
879,Bar,35.74978626,139.8040214
880,Gym / Fitness Center,35.74699989,139.8004353
881,Automotive Shop,35.8020721,139.7597847
882,Train Station,35.72770157,139.7709846
883,Train Station,35.69737086,139.8135674
884,Casino,35.67318208,139.763689
885,Department Store,35.7509269,139.8046625
886,Electronics Store,35.75460559,139.770931
887,Hotel,35.67227129,139.7587109
888,Mall,35.74927998,139.8050736
889,Train Station,35.735961,139.629695
890,Train Station,35.74379543,139.6785879
891,Subway,35.72568253,139.7195057
892,Government Building,35.72935203,139.7181773
893,Hobby Shop,35.72980928,139.7164232
894,Food & Drink Shop,35.7367723,139.6373015
895,Train Station,35.73679396,139.6377647
896,Chinese Restaurant,35.735481,139.630586
897,Government Building,35.710036,139.810697
898,Bridge,35.70268343,139.7504711
899,BBQ Joint,35.736053,139.628934
900,Drugstore / Pharmacy,35.73602754,139.6278932
901,Fast Food Restaurant,35.7018601,139.7523379
902,Bar,35.70071004,139.7411478
903,Subway,35.69793938,139.7074297
904,Ramen /  Noodle House,35.726817,139.7118234
905,Subway,35.67701252,139.737044
906,Subway,35.67232359,139.7365451
907,Furniture / Home Store,35.77838449,139.6249652
908,Food & Drink Shop,35.75830151,139.6215749
909,Department Store,35.76017335,139.6286881
910,Food & Drink Shop,35.75895311,139.6280875
911,Miscellaneous Shop,35.7581448,139.6275187
912,Train Station,35.74355324,139.6070272
913,Ramen /  Noodle House,35.70351512,139.5991912
914,Coffee Shop,35.65981117,139.700354
915,Train Station,35.6435652,139.6706593
916,Fast Food Restaurant,35.69069263,139.6982397
917,Subway,35.70393801,139.7342169
918,Subway,35.6798362,139.7800612
919,Train Station,35.74054024,139.6169735
920,Donut Shop,35.6589874,139.6988654
921,Electronics Store,35.60883038,139.6726978
922,Subway,35.66848857,139.7053885
923,Shrine,35.68279921,139.6962261
924,Food & Drink Shop,35.67434561,139.6863073
925,Train Station,35.66949092,139.6881902
926,Other Great Outdoors,35.64388072,139.6995011
927,Train Station,35.65866051,139.684478
928,Library,35.66841449,139.6872568
929,Electronics Store,35.68856588,139.6979052
930,Park,35.66559706,139.6984491
931,Electronics Store,35.65982425,139.6982002
932,Miscellaneous Shop,35.66111437,139.6996593
933,Post Office,35.67719833,139.6822316
934,Office,35.6321121,139.7132795
935,Bookstore,35.64913964,139.699375
936,Hobby Shop,35.66202093,139.6979642
937,Coffee Shop,35.66029279,139.6965909
938,Clothing Store,35.66039338,139.6972674
939,Electronics Store,35.68958541,139.6977925
940,Post Office,35.69024113,139.6967947
941,Post Office,35.66002038,139.704144
942,Bookstore,35.66108822,139.6973526
943,Food & Drink Shop,35.65869973,139.7007859
944,Subway,35.65851667,139.7764349
945,Miscellaneous Shop,35.66046803,139.6968535
946,Bookstore,35.66072646,139.6964461
947,Train Station,35.66559912,139.6732235
948,Bridge,35.6438551,139.5253158
949,Shrine,35.67178321,139.6887159
950,Road,35.65954312,139.6993831
951,Library,35.67225386,139.7054958
952,Road,35.68275128,139.7017622
953,Food & Drink Shop,35.65733112,139.6996218
954,Coffee Shop,35.64449158,139.6697232
955,Food & Drink Shop,35.64452427,139.670155
956,Fast Food Restaurant,35.64382241,139.6706486
957,Train Station,35.65926051,139.7024879
958,Subway,35.68205847,139.7860265
959,Department Store,35.66060878,139.6960759
960,Clothing Store,35.65955014,139.6982367
961,Bridge,35.62520987,139.5689392
962,Coffee Shop,35.68911262,139.6993466
963,Ramen /  Noodle House,35.68665315,139.6968269
964,Ramen /  Noodle House,35.68888177,139.6971542
965,Bookstore,35.69158304,139.696945
966,University,35.65575622,139.7115141
967,Fast Food Restaurant,35.69360457,139.6981788
968,Japanese Restaurant,35.69229973,139.7029477
969,Building,35.69137412,139.6971477
970,Aquarium,35.72859539,139.7197712
971,Department Store,35.68770538,139.7021377
972,Train Station,35.69090337,139.7000456
973,Train Station,35.73345744,139.7396335
974,Government Building,35.6729119,139.7426015
975,Japanese Restaurant,35.70127854,139.7710437
976,Clothing Store,35.69134886,139.7030497
977,Bookstore,35.72686108,139.7122577
978,Park,35.699756,139.5734024
979,Train Station,35.68082969,139.7680879
980,Beer Garden,35.68965294,139.7708452
981,Internet Cafe,35.73002884,139.7142135
982,Bar,35.72971008,139.7140178
983,Train Station,35.72890115,139.7711259
984,Train Station,35.68867263,139.7731733
985,Mall,35.68672504,139.7742248
986,Ramen /  Noodle House,35.65816362,139.7015852
987,Coffee Shop,35.64906392,139.6998651
988,General College & University,35.71055471,139.760288
989,Ramen /  Noodle House,35.75254206,139.5457797
990,Government Building,35.63160953,139.6378792
991,Arcade,35.62763185,139.6344624
992,Arcade,35.646706,139.71085
993,Arcade,35.6598504,139.7020626
994,Fast Food Restaurant,35.75188791,139.5450325
995,Arcade,35.75268458,139.5430781
996,Fried Chicken Joint,35.72911087,139.7154532
997,Train Station,35.75136216,139.5459177
998,Train Station,35.63166305,139.6447706
999,Fast Food Restaurant,35.751814,139.545246
1000,Train Station,35.62643514,139.6339278
1001,Hobby Shop,35.729909,139.713527
1002,Arcade,35.73706759,139.6384122
1003,Diner,35.63080734,139.6401954
1004,Food & Drink Shop,35.75237228,139.5455544
1005,Bowling Alley,35.79050497,139.5794416
1006,Subway,35.65486406,139.7962672
1007,Arcade,35.66126691,139.6982485
1008,Japanese Restaurant,35.66134972,139.7010005
1009,Ramen /  Noodle House,35.63152954,139.6376103
1010,Train Station,35.72659924,139.6948341
1011,Café,35.73178195,139.7104579
1012,Arcade,35.7322283,139.7103372
1013,Arcade,35.69542929,139.7015605
1014,Arcade,35.69325604,139.7014832
1015,Other Nightlife,35.69374399,139.7015262
1016,Convenience Store,35.63107335,139.6425632
1017,Convenience Store,35.63119598,139.6418336
1018,Food & Drink Shop,35.63110754,139.6420385
1019,Train Station,35.7332059,139.6986938
1020,Electronics Store,35.52956759,139.6964246
1021,Train Station,35.70220544,139.580353
1022,Train Station,35.73733389,139.7617471
1023,Bar,35.69612271,139.7750053
1024,Arcade,35.76387337,139.6638787
1025,Miscellaneous Shop,35.76386902,139.6637017
1026,Train Station,35.76872868,139.6618675
1027,Arcade,35.75306855,139.5474147
1028,Chinese Restaurant,35.63109188,139.6377727
1029,Japanese Restaurant,35.69914829,139.7716713
1030,General Entertainment,35.73868546,139.6541369
1031,Arcade,35.72983106,139.7147977
1032,Sculpture Garden,35.63168357,139.6441456
1033,Japanese Restaurant,35.63155841,139.64513
1034,Department Store,35.75899802,139.5287919
1035,Toy / Game Store,35.698827,139.7718886
1036,Toy / Game Store,35.69889344,139.7710168
1037,Japanese Restaurant,35.7521546,139.5445901
1038,Building,35.69249469,139.7011285
1039,Bar,35.69522089,139.7013062
1040,Train Station,35.7300438,139.6830291
1041,Food & Drink Shop,35.63152558,139.6430248
1042,Department Store,35.75074405,139.5452607
1043,Train Station,35.63665084,139.7422528
1044,Department Store,35.69001963,139.6991993
1045,Art Gallery,35.74940314,139.5870066
1046,Convenience Store,35.63094186,139.6436475
1047,Japanese Restaurant,35.67215145,139.7037631
1048,Department Store,35.69091644,139.7040528
1049,Arcade,35.7301378,139.7161523
1050,Japanese Restaurant,35.72980493,139.7145188
1051,Library,35.75198917,139.5435977
1052,Train Station,35.76031918,139.533935
1053,Electronics Store,35.73169486,139.7128773
1054,Military Base,35.63310187,139.6376038
1055,Train Station,35.64489918,139.710989
1056,Medical Center,35.66084414,139.7005874
1057,Department Store,35.69114641,139.70152
1058,Convenience Store,35.63167257,139.644046
1059,Convenience Store,35.65691486,139.7008878
1060,Electronics Store,35.65930994,139.6994984
1061,Fast Food Restaurant,35.62672238,139.6345863
1062,Convenience Store,35.64583208,139.7464049
1063,Department Store,35.73036668,139.7107637
1064,Hardware Store,35.78012264,139.7195839
1065,Subway,35.68892098,139.6995628
1066,Subway,35.69031084,139.8459363
1067,Video Store,35.77897202,139.7222918
1068,General Entertainment,35.71418299,139.7752333
1069,Mall,35.68913883,139.6992677
1070,Electronics Store,35.68980979,139.6979052
1071,Miscellaneous Shop,35.72875741,139.7112697
1072,Department Store,35.67352199,139.7627342
1073,Subway,35.65491201,139.7962068
1074,Mall,35.71253656,139.7755283
1075,Department Store,35.68967473,139.7007859
1076,Shrine,35.69353051,139.7051311
1077,Mall,35.68994486,139.7015423
1078,Park,35.6105298,139.7223323
1079,Sporting Goods Shop,35.667414,139.753066
1080,Train Station,35.74678383,139.7546359
1081,Light Rail,35.75069181,139.7578096
1082,Train Station,35.76220185,139.8249292
1083,Train Station,35.7695493,139.8704517
1084,Park,35.70478309,139.7534966
1085,Historic Site,35.68586669,139.7603953
1086,Shrine,35.6950655,139.7478319
1087,History Museum,35.69525575,139.7432506
1088,Pet Store,35.69194843,139.7359813
1089,Ramen /  Noodle House,35.64805571,139.7416423
1090,Bar,35.666092,139.774613
1091,Airport,35.55047499,139.789449
1092,Ramen /  Noodle House,35.62437048,139.7233379
1093,Building,35.68261621,139.7643328
1094,Train Station,35.62850802,139.7383313
1095,Fast Food Restaurant,35.7038596,139.772146
1096,Train Station,35.60729518,139.6686745
1097,Mall,35.55192096,139.5792818
1098,Ramen /  Noodle House,35.62687554,139.7413409
1099,Coffee Shop,35.6273312,139.74133
1100,Train Station,35.63312803,139.7155809
1101,Fast Food Restaurant,35.56478532,139.6543437
1102,Fast Food Restaurant,35.66017511,139.7009763
1103,Hardware Store,35.54656126,139.5762241
1104,Electronics Store,35.54919751,139.5781875
1105,Mall,35.52474341,139.6456075
1106,Arcade,35.55260181,139.5796144
1107,Café,35.65610632,139.6981573
1108,Clothing Store,35.53308186,139.6951532
1109,Café,35.65694755,139.6955127
1110,Train Station,35.64425399,139.6990585
1111,Japanese Restaurant,35.6573747,139.6964192
1112,Arcade,35.71267159,139.7033849
1113,Burger Joint,35.65999314,139.7019017
1114,Airport,35.55022754,139.7856617
1115,Fast Food Restaurant,35.53112033,139.6950751
1116,Train Station,35.71076379,139.8128915
1117,Japanese Restaurant,35.69897185,139.7751327
1118,Café,35.69877782,139.7759137
1119,Restaurant,35.531405,139.701412
1120,Government Building,35.53106431,139.6966741
1121,Coffee Shop,35.65676558,139.7566442
1122,Bookstore,35.69766928,139.7734952
1123,Video Store,35.70404909,139.5775089
1124,Burger Joint,35.53080306,139.6997827
1125,Fast Food Restaurant,35.70996232,139.7731975
1126,Video Store,35.53152774,139.700067
1127,Electronics Store,35.70033975,139.771159
1128,Café,35.69938571,139.7715747
1129,Japanese Restaurant,35.53141206,139.700861
1130,Mall,35.689431,139.699819
1131,Fast Food Restaurant,35.66289261,139.6683687
1132,Food & Drink Shop,35.66204708,139.6684062
1133,Food & Drink Shop,35.67021838,139.6810801
1134,Train Station,35.62104118,139.5694542
1135,Drugstore / Pharmacy,35.66888952,139.6824288
1136,Bus Station,35.65795005,139.7007537
1137,Mall,35.65772776,139.7001475
1138,Temple,35.66756466,139.5504749
1139,Train Station,35.65797184,139.5750332
1140,Train Station,35.66043444,139.6730947
1141,Train Station,35.68347895,139.6985114
1142,Hotel,35.69269402,139.691087
1143,Train Station,35.66898975,139.6797144
1144,Train Station,35.62716332,139.573617
1145,Train Station,35.58049,139.661864
1146,Subway,35.67535661,139.771843
1147,Ramen /  Noodle House,35.7278704,139.713506
1148,Fast Food Restaurant,35.67449378,139.7762203
1149,Subway,35.67051941,139.7737259
1150,Subway,35.7065168,139.7761774
1151,Subway,35.64294616,139.7341526
1152,Train Station,35.59688926,139.6673193
1153,Bus Station,35.54144779,139.6209613
1154,Ramen /  Noodle House,35.53639081,139.6345568
1155,Train Station,35.6933606,139.7823787
1156,Park,35.69898928,139.8164642
1157,Arcade,35.7003049,139.8154101
1158,Ramen /  Noodle House,35.66070587,139.6979156
1159,Park,35.65495996,139.7483683
1160,Subway,35.65386463,139.7498026
1161,Arcade,35.69037183,139.702363
1162,Train Station,35.57573412,139.6596569
1163,Arcade,35.71628671,139.8581645
1164,Ramen /  Noodle House,35.53675954,139.6334015
1165,Subway,35.64752347,139.7484326
1166,Train Station,35.54990457,139.7151947
1167,Subway,35.6688285,139.8306611
1168,Building,35.66036471,139.7289705
1169,Bridge,35.67508207,139.7690454
1170,Subway,35.67683821,139.7701371
1171,Bus Station,35.73062905,139.7087198
1172,Subway,35.77744721,139.685934
1173,Arcade,35.67428338,139.7627895
1174,Subway,35.67866839,139.7401714
1175,Mall,35.66827939,139.8617935
1176,Building,35.67401686,139.7754394
1177,Subway,35.6921015,139.7848892
1178,Subway,35.6959332,139.75811
1179,Bridge,35.6969156,139.7754693
1180,Burger Joint,35.53667892,139.6342027
1181,Convenience Store,35.67433439,139.7766226
1182,Subway,35.69543437,139.7674549
1183,Building,35.68573162,139.7639787
1184,Bank,35.705056,139.649844
1185,Train Station,35.52201576,139.6298468
1186,Train Station,35.73294462,139.8816741
1187,Arcade,35.69613142,139.8156273
1188,Mall,35.69642331,139.8141575
1189,Subway,35.65637656,139.7546071
1190,Subway,35.6680702,139.7725296
1191,Bank,35.662856,139.7312957
1192,Arcade,35.6639603,139.731454
1193,Train Station,35.63764487,139.6911407
1194,Subway,35.68468154,139.7660494
1195,Subway,35.66458473,139.8593742
1196,Japanese Restaurant,35.664642,139.858038
1197,Train Station,35.76662433,139.8476636
1198,Subway,35.72949574,139.7913051
1199,Restaurant,35.53688845,139.6335268
1200,Arcade,35.53635589,139.6329099
1201,Food & Drink Shop,35.67604034,139.7846763
1202,Train Station,35.6400427,139.5987386
1203,Train Station,35.59974085,139.6102238
1204,Burger Joint,35.70754555,139.6655204
1205,Arcade,35.70921747,139.6655041
1206,Subway,35.70947011,139.7334713
1207,Train Station,35.65561378,139.7036934
1208,Subway,35.67567472,139.7634637
1209,Train Station,35.73211725,139.7667038
1210,Ramen /  Noodle House,35.73076732,139.7103775
1211,Train Station,35.65948428,139.7002065
1212,Smoke Shop,35.6590615,139.7005793
1213,Ramen /  Noodle House,35.70664204,139.7206061
1214,Subway,35.705837,139.721117
1215,Japanese Restaurant,35.69337367,139.6995319
1216,Convenience Store,35.709345,139.726774
1217,Ramen /  Noodle House,35.70942656,139.7268194
1218,Train Station,35.60764845,139.7347373
1219,Train Station,35.61149947,139.6266174
1220,Mobile Phone Shop,35.61178513,139.6285954
1221,Ramen /  Noodle House,35.68038874,139.7683004
1222,Subway,35.73027306,139.7113779
1223,Coffee Shop,35.61215453,139.6274998
1224,Subway,35.67834593,139.7400963
1225,Train Station,35.61718626,139.5645618
1226,Fast Food Restaurant,35.67490449,139.7635147
1227,Ramen /  Noodle House,35.7296065,139.7125115
1228,Plaza,35.73009189,139.7131299
1229,Fast Food Restaurant,35.61202718,139.6279317
1230,Diner,35.692786,139.697964
1231,Coffee Shop,35.6906681,139.7008288
1232,Other Great Outdoors,35.7317522,139.7113992
1233,Train Station,35.71454993,139.7780855
1234,Convenience Store,35.7098397,139.7294557
1235,Post Office,35.55379764,139.646911
1236,Train Station,35.56103556,139.6710375
1237,Subway,35.70734444,139.7514474
1238,Subway,35.66656664,139.7262132
1239,Japanese Restaurant,35.66433088,139.7313414
1240,Clothing Store,35.57693398,139.6544373
1241,Train Station,35.68116739,139.7114396
1242,Bus Station,35.67987977,139.7683668
1243,Ramen /  Noodle House,35.5539513,139.6457348
1244,Concert Hall,35.70707219,139.6647035
1245,Record Shop,35.69884334,139.7747532
1246,Train Station,35.64480273,139.537041
1247,Event Space,35.68122,139.767026
1248,Airport,35.55195588,139.7872066
1249,Stadium,35.67804091,139.7149265
1250,Government Building,35.69479394,139.7463459
1251,Shrine,35.69442363,139.7430789
1252,Park,35.69139134,139.7499561
1253,Government Building,35.68855499,139.5150375
1254,Train Station,35.72963509,139.7094226
1255,Government Building,35.68960502,139.6916664
1256,Building,35.68576684,139.6910103
1257,Park,35.68933489,139.6897459
1258,Gym / Fitness Center,35.669711,139.4855762
1259,Airport,35.55206062,139.7881508
1260,Train Station,35.67219503,139.4804665
1261,Bus Station,35.53076697,139.6985987
1262,Train Station,35.71324218,139.7771215
1263,Ramen /  Noodle House,35.69888146,139.7801766
1264,Airport,35.55177014,139.7875575
1265,Airport,35.55114409,139.7890842
1266,Stadium,35.64855224,139.823572
1267,Park,35.69793284,139.7749382
1268,Bridge,35.61169137,139.6214676
1269,Train Station,35.68133079,139.7678974
1270,Bridge,35.70242423,139.7449028
1271,Train Station,35.7027063,139.5608296
1272,Train Station,35.68128395,139.7660708
1273,Ramen /  Noodle House,35.69851878,139.7756839
1274,Mall,35.67286396,139.7360569
1275,Government Building,35.61495874,139.5790535
1276,Road,35.55828405,139.5529425
1277,Road,35.657335,139.700732
1278,Building,35.66713335,139.7403869
1279,Medical Center,35.69831839,139.7634906
1280,Road,35.63101776,139.6565187
1281,Church,35.667252,139.7412402
1282,Subway,35.6738924,139.7509646
1283,Subway,35.66300592,139.7450423
1284,Road,35.59202005,139.6014047
1285,Subway,35.67170477,139.7414804
1286,Subway,35.6652461,139.7123623
1287,Plaza,35.66690849,139.7405266
1288,Clothing Store,35.67194009,139.7637856
1289,Medical Center,35.68152687,139.7180271
1290,University,35.64483876,139.7479417
1291,Train Station,35.68304104,139.7021592
1292,Office,35.62678833,139.632926
1293,Convenience Store,35.66182915,139.7443771
1294,Convenience Store,35.66897668,139.741416
1295,Toy / Game Store,35.66780435,139.7610766
1296,Convenience Store,35.63798493,139.7132421
1297,Train Station,35.60695939,139.6849932
1298,Train Station,35.59995458,139.6105993
1299,Train Station,35.61183472,139.6266034
1300,Train Station,35.712946,139.704026
1301,Train Station,35.59996155,139.6106695
1302,Subway,35.56806773,139.5534682
1303,Bar,35.69927353,139.7752011
1304,Ramen /  Noodle House,35.66355944,139.7290188
1305,Other Great Outdoors,35.64569258,139.4897604
1306,Music Venue,35.6595976,139.6984148
1307,Bar,35.66043314,139.7028071
1308,Beer Garden,35.62359802,139.7747304
1309,General Travel,35.69054691,139.7002391
1310,Japanese Restaurant,35.73092542,139.7160725
1311,Coffee Shop,35.66271827,139.7327471
1312,Concert Hall,35.64223992,139.8255301
1313,Mall,35.65548062,139.7947288
1314,Record Shop,35.65604094,139.7923136
1315,Ramen /  Noodle House,35.69258728,139.6986803
1316,Bar,35.69620222,139.702528
1317,Subway,35.69550407,139.7517049
1318,Temple,35.70154645,139.7395116
1319,Train Station,35.63669204,139.5870968
1320,Japanese Restaurant,35.65746624,139.6950915
1321,Train Station,35.70134171,139.5064437
1322,General Entertainment,35.66002474,139.6959257
1323,Convention Center,35.70750125,139.6646833
1324,Bar,35.71108551,139.7751248
1325,Convenience Store,35.57668092,139.6596354
1326,Train Station,35.57289367,139.6672261
1327,Food & Drink Shop,35.561434,139.675399
1328,Bridge,35.56351205,139.6788883
1329,Other Great Outdoors,35.56501395,139.6809704
1330,Train Station,35.57667219,139.6595013
1331,Stadium,35.58580306,139.6527153
1332,Food & Drink Shop,35.57644967,139.6585572
1333,Food & Drink Shop,35.57546361,139.6578866
1334,Food & Drink Shop,35.57563377,139.6609712
1335,Department Store,35.59900806,139.6120128
1336,Food & Drink Shop,35.5222417,139.7323072
1337,Convenience Store,35.57733538,139.6542174
1338,Government Building,35.57629697,139.6556497
1339,Train Station,35.56771428,139.6925864
1340,Train Station,35.57572103,139.6596515
1341,Train Station,35.58974292,139.6687818
1342,Deli / Bodega,35.56115959,139.6739226
1343,Sporting Goods Shop,35.56902419,139.6700153
1344,Fast Food Restaurant,35.57741391,139.6604615
1345,Train Station,35.57130736,139.6856174
1346,Train Station,35.53164998,139.6971542
1347,Mall,35.53137932,139.7002226
1348,Train Station,35.58733704,139.6294311
1349,Train Station,35.53153648,139.6967518
1350,Airport,35.54467464,139.76855
1351,Furniture / Home Store,35.52490931,139.6821284
1352,Train Station,35.57392013,139.6634763
1353,Café,35.58046798,139.6435985
1354,Ramen /  Noodle House,35.58096535,139.6414661
1355,Food & Drink Shop,35.60279945,139.5075273
1356,Movie Theater,35.60253237,139.5071518
1357,Gym / Fitness Center,35.60234918,139.5076883
1358,Food & Drink Shop,35.61165302,139.5859058
1359,Train Station,35.61055963,139.5925386
1360,Train Station,35.60426612,139.6000019
1361,Gas Station / Garage,35.5770256,139.65698
1362,Plaza,35.57744009,139.6497917
1363,Convenience Store,35.5769427,139.6505964
1364,Dumpling Restaurant,35.576646,139.657302
1365,Ramen /  Noodle House,35.57651839,139.6571437
1366,Fast Food Restaurant,35.56125812,139.6713835
1367,Chinese Restaurant,35.57689689,139.6509558
1368,Ramen /  Noodle House,35.57665474,139.6593565
1369,Donut Shop,35.53073321,139.6975994
1370,Dumpling Restaurant,35.53037175,139.6972239
1371,Mall,35.53049747,139.6983182
1372,Fast Food Restaurant,35.53114358,139.7000885
1373,Bar,35.52807855,139.700413
1374,Japanese Restaurant,35.53204724,139.6991846
1375,Ramen /  Noodle House,35.53128821,139.6971677
1376,Bus Station,35.53230481,139.6970737
1377,Building,35.53485422,139.6994877
1378,Electronics Store,35.55935834,139.6710967
1379,Fast Food Restaurant,35.57454189,139.6583265
1380,Train Station,35.53893136,139.6804118
1381,Medical Center,35.5765624,139.6555494
1382,Food & Drink Shop,35.56663429,139.6705064
1383,Department Store,35.5992755,139.6123722
1384,Miscellaneous Shop,35.59989777,139.6135939
1385,Coffee Shop,35.60017937,139.6110678
1386,Road,35.57655439,139.6618563
1387,Bus Station,35.5770256,139.6595201
1388,Road,35.5440586,139.6912104
1389,Convenience Store,35.57286749,139.6688622
1390,Train Station,35.58732177,139.5913464
1391,Department Store,35.69236726,139.7047046
1392,Home (private),35.58478823,139.5942198
1393,Dumpling Restaurant,35.64323999,139.6676236
1394,Hotel,35.69609875,139.7005954
1395,Fast Food Restaurant,35.69081623,139.7027385
1396,Mall,35.65513431,139.7930002
1397,Subway,35.65890459,139.702583
1398,Dumpling Restaurant,35.65978502,139.7011346
1399,Train Station,35.6414988,139.5208526
1400,Fast Food Restaurant,35.57734847,139.583796
1401,Train Station,35.53186826,139.7001958
1402,Subway,35.66287517,139.7314596
1403,Café,35.70145149,139.7705668
1404,Ramen /  Noodle House,35.70040401,139.7720401
1405,Train Station,35.54872831,139.7540324
1406,Office,35.57876644,139.7493553
1407,Convenience Store,35.5813231,139.748733
1408,Train Station,35.53275445,139.700743
1409,Concert Hall,35.6248087,139.7745895
1410,Art Museum,35.70041817,139.7726154
1411,Subway,35.6824332,139.7739244
1412,Subway,35.66587607,139.8930454
1413,Sandwich Place,35.6456182,139.8262604
1414,Chinese Restaurant,35.6556347,139.7926412
1415,Café,35.67204097,139.7255247
1416,College Academic Building,35.66170279,139.7089956
1417,College Academic Building,35.66187741,139.7088809
1418,Coffee Shop,35.57745444,139.5587499
1419,Building,35.67317337,139.7363976
1420,Café,35.66157636,139.702481
1421,University,35.66099233,139.7095728
1422,Bar,35.618932,139.728144
1423,Dumpling Restaurant,35.66751669,139.7061082
1424,Bookstore,35.57711252,139.5586256
1425,Gym / Fitness Center,35.60788272,139.7458423
1426,Subway,35.67278116,139.7240299
1427,Train Station,35.57742264,139.558441
1428,Ramen /  Noodle House,35.57699215,139.5584913
1429,Train Station,35.56840372,139.5535111
1430,Fast Food Restaurant,35.57808582,139.5729303
1431,Café,35.661347,139.704652
1432,Mall,35.66724651,139.7089237
1433,Train Station,35.71344337,139.7759087
1434,Train Station,35.71202695,139.7751072
1435,Mall,35.70351982,139.7742301
1436,Mobile Phone Shop,35.6995469,139.7707701
1437,Electronics Store,35.700566,139.770775
1438,Train Station,35.65750764,139.7020192
1439,Electronics Store,35.70066383,139.771705
1440,Electronics Store,35.71114927,139.7744554
1441,Video Store,35.64367419,139.6692914
1442,Subway,35.69807225,139.77548
1443,Hardware Store,35.69876819,139.7708599
1444,Electronics Store,35.69893981,139.7707765
1445,Electronics Store,35.699114,139.770549
1446,Electronics Store,35.69901324,139.7701344
1447,Train Station,35.77884146,139.7814882
1448,Electronics Store,35.69952947,139.7709525
1449,Music Store,35.69766492,139.7744823
1450,Train Station,35.69827482,139.7734094
1451,Hobby Shop,35.67050168,139.7055547
1452,Art Gallery,35.66994852,139.7068691
1453,Convenience Store,35.64050908,139.7548536
1454,Building,35.6403021,139.7562701
1455,Restaurant,35.73396358,139.7394311
1456,Café,35.73030136,139.7144276
1457,Train Station,35.73651528,139.7468233
1458,Bus Station,35.65495996,139.7953928
1459,Train Station,35.69029341,139.6997398
1460,Train Station,35.52311054,139.6914867
1461,Train Station,35.53564925,139.7261676
1462,Bus Station,35.53017441,139.6978354
1463,Train Station,35.669627,139.688855
1464,Train Station,35.69758487,139.8260772
1465,Park,35.71406103,139.7740746
1466,Café,35.69548665,139.7593868
1467,Japanese Restaurant,35.69958175,139.7642362
1468,Bookstore,35.6956522,139.760685
1469,Mall,35.69776512,139.8264903
1470,Ramen /  Noodle House,35.69295651,139.7018795
1471,Mall,35.68315651,139.8258626
1472,Park,35.69073781,139.8286629
1473,Food & Drink Shop,35.69597,139.828544
1474,Train Station,35.67872286,139.693552
1475,Coffee Shop,35.669126,139.688926
1476,Indian Restaurant,35.6963645,139.7614011
1477,Subway,35.69807878,139.7659984
1478,Park,35.69526664,139.8283571
1479,Light Rail,35.63462786,139.793247
1480,Subway,35.66895053,139.6913123
1481,Subway,35.68478611,139.7660279
1482,Subway,35.65227052,139.7222221
1483,Record Shop,35.69927105,139.7650358
1484,Subway,35.7082374,139.769901
1485,Hobby Shop,35.70251354,139.7719663
1486,Video Store,35.69624905,139.8284107
1487,Subway,35.70300579,139.7716606
1488,Diner,35.69616192,139.7593224
1489,Train Station,35.64836523,139.7033905
1490,Gym / Fitness Center,35.70036589,139.8365754
1491,BBQ Joint,35.6961641,139.761326
1492,Bar,35.69767363,139.7734845
1493,University,35.6561717,139.5444292
1494,College Academic Building,35.65759264,139.543587
1495,Sculpture Garden,35.65730279,139.5435709
1496,Train Station,35.6338943,139.5310986
1497,Train Station,35.6336436,139.5352614
1498,Building,35.66303643,139.7612911
1499,Fast Food Restaurant,35.65370897,139.5444185
1500,Ramen /  Noodle House,35.68034335,139.7684003
1501,Travel Lounge,35.69851661,139.7736615
1502,Train Station,35.681248,139.7674924
1503,Convenience Store,35.65955184,139.5430639
1504,Train Station,35.72199926,139.4799607
1505,Restaurant,35.65088872,139.5427126
1506,Bar,35.65049641,139.5431471
1507,Coffee Shop,35.665671,139.73073
1508,Train Station,35.69610528,139.7925282
1509,Building,35.7002156,139.7740048
1510,Train Station,35.66994974,139.702837
1511,Fast Food Restaurant,35.66241486,139.7341951
1512,Miscellaneous Shop,35.66220999,139.7345394
1513,Clothing Store,35.66997902,139.7633994
1514,Train Station,35.57907349,139.7349948
1515,Fast Food Restaurant,35.578701,139.734786
1516,Food & Drink Shop,35.72300885,139.4798116
1517,Train Station,35.70173813,139.5248222
1518,Fast Food Restaurant,35.70115439,139.5242858
1519,College Academic Building,35.71048937,139.5240712
1520,Hotel,35.62536684,139.7720736
1521,Park,35.63008781,139.7754693
1522,Government Building,35.62475638,139.7758448
1523,Train Station,35.65563993,139.7567368
1524,Train Station,35.66836141,139.6504027
1525,Train Station,35.66864546,139.6504784
1526,Train Station,35.65410563,139.5666647
1527,Coffee Shop,35.65217681,139.5445646
1528,Dumpling Restaurant,35.655778,139.542098
1529,Convenience Store,35.70207356,139.7718805
1530,Light Rail,35.65397486,139.7619349
1531,Japanese Restaurant,35.65334718,139.5427179
1532,Train Station,35.71325089,139.7923055
1533,Subway,35.70559332,139.7921956
1534,Historic Site,35.68425796,139.7744658
1535,Subway,35.67736984,139.7517478
1536,Park,35.69075524,139.74751
1537,Shrine,35.69975165,139.7467804
1538,Bridge,35.70024827,139.7431862
1539,Bridge,35.69524268,139.7392166
1540,Park,35.67713453,139.7183704
1541,Cemetery,35.66569936,139.7225869
1542,Mall,35.6825552,139.7745681
1543,Subway,35.672219,139.7957039
1544,Subway,35.69686768,139.7974581
1545,Subway,35.66426984,139.7846532
1546,General Travel,35.70762948,139.7981848
1547,Movie Theater,35.666657,139.804453
1548,Park,35.78634838,139.8692179
1549,Seafood Restaurant,35.66230858,139.7815204
1550,Train Station,35.69070402,139.7784203
1551,Subway,35.67194009,139.7957468
1552,Light Rail,35.62474766,139.7813058
1553,Bridge,35.68402796,139.7744501
1554,Bridge,35.67626736,139.7876519
1555,Ramen /  Noodle House,35.69539298,139.7665429
1556,Garden,35.68579698,139.7566617
1557,Garden,35.68333952,139.7605562
1558,Food & Drink Shop,35.68245063,139.7641718
1559,Subway,35.68808008,139.798193
1560,Travel & Transport,35.6692338,139.7670579
1561,Food & Drink Shop,35.66867815,139.7677928
1562,Bookstore,35.65646809,139.7920132
1563,Shrine,35.67189216,139.7996038
1564,Shrine,35.72021089,139.7606903
1565,Other Great Outdoors,35.71188321,139.7703838
1566,Department Store,35.7113579,139.775757
1567,Breakfast Spot,35.69908642,139.7735522
1568,Shrine,35.70298836,139.8206162
1569,Subway,35.70703952,139.7819281
1570,Bridge,35.69177038,139.7354668
1571,Train Station,35.70087123,139.6972132
1572,Ramen /  Noodle House,35.70429521,139.6979776
1573,Ramen /  Noodle House,35.68301272,139.739399
1574,Government Building,35.67580981,139.7448921
1575,Convenience Store,35.60842914,139.7494465
1576,Park,35.58206478,139.7427464
1577,Train Station,35.74931171,139.8050541
1578,Train Station,35.69867779,139.7742221
1579,Temple,35.71109047,139.7963583
1580,Bridge,35.64704396,139.845314
1581,Department Store,35.65285462,139.5437479
1582,Department Store,35.68076,139.773452
1583,Subway,35.68206718,139.7987294
1584,Miscellaneous Shop,35.67959109,139.7688375
1585,Train Station,35.6663095,139.7586197
1586,Train Station,35.62903824,139.7397637
1587,Food & Drink Shop,35.6567732,139.7979784
1588,Food & Drink Shop,35.674487,139.766776
1589,Bridge,35.67206212,139.7842455
1590,Subway,35.68490812,139.7731519
1591,Shrine,35.68365542,139.7850662
1592,Subway,35.71141279,139.7771806
1593,Ramen /  Noodle House,35.70968791,139.7755551
1594,Subway,35.68211947,139.8003387
1595,Bridge,35.65178668,139.7851896
1596,Airport,35.55340485,139.7874212
1597,Subway,35.68036781,139.7615969
1598,Food & Drink Shop,35.67482496,139.7644079
1599,Bridge,35.66780435,139.7810858
1600,Jewelry Store,35.67199457,139.7643837
1601,Fast Food Restaurant,35.67239767,139.7680235
1602,Bridge,35.67918693,139.7815901
1603,Bar,35.65805392,139.703216
1604,Department Store,35.64717462,139.7089486
1605,Train Station,35.69758487,139.8260772
1606,Electronics Store,35.67530867,139.7633564
1607,Record Shop,35.67180064,139.765234
1608,Bus Station,35.68036236,139.7647096
1609,Café,35.67258506,139.76753
1610,Plaza,35.6670809,139.7573966
1611,Train Station,35.62925625,139.7387552
1612,Train Station,35.62901208,139.7395921
1613,Concert Hall,35.69541694,139.7093904
1614,Train Station,35.68120443,139.686361
1615,Train Station,35.71796355,139.8167297
1616,Concert Hall,35.68289072,139.6871683
1617,Train Station,35.69740865,139.7852356
1618,Train Station,35.62907326,139.7396684
1619,Convention Center,35.60620482,139.7359014
1620,Sushi Restaurant,35.602608,139.7319
1621,Mall,35.72768377,139.7663785
1622,Japanese Restaurant,35.66492359,139.7278011
1623,Bar,35.66457057,139.7297242
1624,Train Station,35.70219553,139.5448208
1625,Mobile Phone Shop,35.70006748,139.7716177
1626,Concert Hall,35.70653422,139.6164411
1627,Concert Hall,35.66665816,139.7413301
1628,Concert Hall,35.69726412,139.8101878
1629,Subway,35.7435342,139.728713
1630,Train Station,35.59845247,139.7388022
1631,Office,35.66424369,139.7666502
1632,Subway,35.68859747,139.7106913
1633,Train Station,35.68168281,139.7659243
1634,Bus Station,35.69800472,139.8253503
1635,Subway,35.77793623,139.7325835
1636,Train Station,35.64536826,139.7478818
1637,Burger Joint,35.69781304,139.7752011
1638,Train Station,35.55000441,139.7864623
1639,Subway,35.70320617,139.7909537
1640,Mall,35.62890743,139.7406864
1641,Other Great Outdoors,35.59201569,139.7528261
1642,Fast Food Restaurant,35.60610053,139.7354125
1643,Subway,35.64693934,139.7473598
1644,Subway,35.70895612,139.7965622
1645,Bookstore,35.64644238,139.7457075
1646,Department Store,35.65886536,139.7015476
1647,Coffee Shop,35.56230841,139.7133693
1648,Coffee Shop,35.69872354,139.7728622
1649,Café,35.58991069,139.7281686
1650,Train Station,35.60935047,139.7429046
1651,Train Station,35.60514388,139.7425472
1652,Hotel,35.65892013,139.7487451
1653,Train Station,35.62896848,139.7409707
1654,Train Station,35.5618048,139.7245121
1655,Gift Shop,35.66775641,139.7064829
1656,American Restaurant,35.62869378,139.7370332
1657,Automotive Shop,35.67089419,139.7650087
1658,Light Rail,35.5954965,139.7470484
1659,Mall,35.58849808,139.7281936
1660,Subway,35.66959007,139.8175974
1661,School,35.6902424,139.6990873
1662,College Academic Building,35.65614988,139.7112049
1663,Subway,35.71335543,139.7050238
1664,Bookstore,35.65775609,139.7003487
1665,University,35.6554788,139.7117584
1666,College Academic Building,35.6562044,139.7115939
1667,College Academic Building,35.655461,139.711922
1668,University,35.69305628,139.6793812
1669,Subway,35.69747323,139.682858
1670,General College & University,35.69290346,139.6802477
1671,Bar,35.65900484,139.6953303
1672,College Academic Building,35.69288595,139.6803524
1673,Convenience Store,35.67278116,139.6085581
1674,Park,35.72906027,139.7188479
1675,Convention Center,35.63173282,139.7976351
1676,Dumpling Restaurant,35.58062068,139.6421608
1677,Ramen /  Noodle House,35.64832992,139.7109032
1678,Bookstore,35.64659059,139.7110856
1679,Plaza,35.64241866,139.713918
1680,Subway,35.63743778,139.7252101
1681,Office,35.6422748,139.7134513
1682,Café,35.69275065,139.698219
1683,Coffee Shop,35.64239763,139.7136885
1684,Subway,35.72359049,139.6832657
1685,Japanese Restaurant,35.64782862,139.7107315
1686,Convenience Store,35.64244252,139.7132995
1687,Hotel,35.63610633,139.8833865
1688,Mall,35.67991027,139.7679082
1689,Train Station,35.68129593,139.7670311
1690,Convenience Store,35.731963,139.587626
1691,Bar,35.69720749,139.8154825
1692,Sushi Restaurant,35.6971966,139.8153913
1693,Train Station,35.71942694,139.6638036
1694,Train Station,35.56866646,139.553412
1695,Train Station,35.5937911,139.6056533
1696,Train Station,35.57680745,139.6594852
1697,Train Station,35.58062723,139.6619153
1698,Government Building,35.65847744,139.7008878
1699,Fast Food Restaurant,35.69767363,139.7746432
1700,Bus Station,35.75385245,139.7383583
1701,Bus Station,35.568359,139.553113
1702,Train Station,35.61783385,139.6763939
1703,Train Station,35.66616568,139.7586626
1704,Convenience Store,35.52958831,139.6993964
1705,Ramen /  Noodle House,35.66526898,139.7576554
1706,Ramen /  Noodle House,35.66530657,139.7578646
1707,Food & Drink Shop,35.53196866,139.700346
1708,Fast Food Restaurant,35.66596085,139.7568387
1709,Sporting Goods Shop,35.52990375,139.6967626
1710,Burger Joint,35.52958942,139.6978354
1711,Food & Drink Shop,35.53417322,139.7193789
1712,Ramen /  Noodle House,35.53072885,139.6991122
1713,Historic Site,35.68363581,139.7615486
1714,Historic Site,35.68379267,139.7593117
1715,Historic Site,35.68403232,139.758566
1716,Historic Site,35.6785856,139.7536629
1717,Historic Site,35.68375019,139.7456042
1718,Art Museum,35.69046768,139.7545803
1719,Science Museum,35.69148283,139.7531426
1720,Office,35.69115171,139.7569782
1721,Gym / Fitness Center,35.6907291,139.7583032
1722,Cemetery,35.68727403,139.7627074
1723,Stadium,35.52849993,139.6973222
1724,Movie Theater,35.52818367,139.6980286
1725,Food & Drink Shop,35.52910483,139.6979159
1726,Coffee Shop,35.53106063,139.6977362
1727,Theater,35.67655061,139.7607172
1728,Theater,35.67311433,139.7583922
1729,Convenience Store,35.69115171,139.7569782
1730,Coffee Shop,35.52853729,139.6982539
1731,Historic Site,35.68276,139.7556531
1732,Historic Site,35.69405549,139.7494814
1733,Ramen /  Noodle House,35.69834017,139.7746164
1734,Train Station,35.69834017,139.7731143
1735,Athletic & Sport,35.67010104,139.7550684
1736,Movie Theater,35.67346534,139.7605133
1737,Movie Theater,35.67284871,139.7593988
1738,Electronics Store,35.69642331,139.8141789
1739,Mall,35.52817494,139.6979856
1740,Movie Theater,35.53137058,139.7002172
1741,Coffee Shop,35.5300775,139.6974219
1742,Train Station,35.66614389,139.641434
1743,Ramen /  Noodle House,35.53071575,139.6973956
1744,Fast Food Restaurant,35.67367403,139.7600243
1745,Office,35.69852314,139.7454822
1746,Arts & Crafts Store,35.52898914,139.6977845
1747,Department Store,35.52909174,139.6979105
1748,Museum,35.68677297,139.7665966
1749,Office,35.68682961,139.7669023
1750,Train Station,35.6832088,139.7688979
1751,Building,35.68597562,139.7669935
1752,Building,35.68100399,139.7638392
1753,Coffee Shop,35.53056514,139.6996003
1754,Convenience Store,35.65808252,139.5753266
1755,Train Station,35.68877208,139.7010868
1756,Building,35.67309928,139.7407615
1757,Theater,35.6748424,139.7691768
1758,Bar,35.62485079,139.720766
1759,Bookstore,35.62452091,139.7216159
1760,Ramen /  Noodle House,35.69884987,139.7747397
1761,Bar,35.64602607,139.7072527
1762,Ramen /  Noodle House,35.64655572,139.7101736
1763,Bar,35.6931689,139.7706842
1764,Clothing Store,35.68787966,139.7022021
1765,Mall,35.69825304,139.7731519
1766,Ramen /  Noodle House,35.63486983,139.7169247
1767,Sporting Goods Shop,35.68978801,139.7014672
1768,Fast Food Restaurant,35.6961641,139.7750911
1769,Music Store,35.69715303,139.7759145
1770,Park,35.67377039,139.7560716
1771,Chinese Restaurant,35.69901542,139.7746217
1772,Museum,35.64159035,139.7132796
1773,Beer Garden,35.6786161,139.7194219
1774,Miscellaneous Shop,35.66735764,139.7054087
1775,Ramen /  Noodle House,35.69619241,139.759993
1776,Fast Food Restaurant,35.71374743,139.7049916
1777,Music Venue,35.65864743,139.6956575
1778,Music Venue,35.65862128,139.6955502
1779,Ramen /  Noodle House,35.62640283,139.723004
1780,Movie Theater,35.58849528,139.7304082
1781,Train Station,35.74543536,139.7196487
1782,Japanese Restaurant,35.65757411,139.7032656
1783,Movie Theater,35.6605067,139.7070058
1784,Movie Theater,35.65930122,139.6952324
1785,Movie Theater,35.65941017,139.6955123
1786,Music Venue,35.66582255,139.699679
1787,Diner,35.66028655,139.6976912
1788,Coffee Shop,35.66226609,139.6956187
1789,Food & Drink Shop,35.73418131,139.7400266
1790,Theater,35.67373009,139.7631789
1791,Library,35.65573321,139.7000939
1792,Movie Theater,35.6592925,139.6952713
1793,Music Venue,35.66099015,139.6975619
1794,Train Station,35.71385856,139.7758438
1795,Art Museum,35.71537641,139.7758234
1796,Movie Theater,35.7116088,139.7082263
1797,Food & Drink Shop,35.65580774,139.6939355
1798,Movie Theater,35.66206233,139.7026446
1799,Indian Restaurant,35.65573364,139.6944746
1800,Music Venue,35.66075915,139.7274765
1801,Pizza Place,35.66231919,139.7001394
1802,Event Space,35.65785743,139.7088151
1803,Movie Theater,35.73261803,139.7137946
1804,BBQ Joint,35.6592511,139.6979079
1805,Café,35.65585787,139.6946222
1806,Theater,35.68647479,139.7018048
1807,Clothing Store,35.67004001,139.7628644
1808,Movie Theater,35.67546991,139.7705984
1809,Indian Restaurant,35.67715632,139.7685358
1810,Bookstore,35.66283159,139.7079259
1811,Café,35.690032,139.7058928
1812,Park,35.62702379,139.8890501
1813,Park,35.62664008,139.881084
1814,Park,35.62605579,139.8846942
1815,Hotel,35.629919,139.7333908
1816,Movie Theater,35.66185966,139.6984792
1817,Department Store,35.67226258,139.766618
1818,Café,35.65986347,139.706102
1819,Bookstore,35.66236088,139.7312933
1820,Movie Theater,35.66319097,139.7340455
1821,Burger Joint,35.67100859,139.7136202
1822,Café,35.70040074,139.7424996
1823,Mall,35.74064964,139.744184
1824,Train Station,35.72883164,139.7103426
1825,Department Store,35.64900559,139.8024309
1826,Bridge,35.60992943,139.8256588
1827,Chinese Restaurant,35.66065564,139.6981848
1828,Art Museum,35.67842001,139.7632599
1829,Movie Theater,35.72926679,139.7095142
1830,Music Venue,35.66120236,139.7159478
1831,Music Venue,35.66155021,139.6987501
1832,Burger Joint,35.66088228,139.7283228
1833,Movie Theater,35.67485111,139.76915
1834,Restaurant,35.65766456,139.6960518
1835,Fast Food Restaurant,35.73054783,139.7082575
1836,Theater,35.730333,139.708555
1837,Stadium,35.66772591,139.700228
1838,Ferry,35.69956171,139.57771
1839,Coffee Shop,35.70330201,139.5789573
1840,Bar,35.70574579,139.5817602
1841,Clothing Store,35.65958453,139.6987098
1842,Record Shop,35.68968998,139.7023121
1843,Park,35.68598869,139.7449565
1844,Subway,35.76209738,139.8249185
1845,Bar,35.64196963,139.8250794
1846,Subway,35.64742757,139.7090578
1847,Mall,35.76439571,139.8526311
1848,Coffee Shop,35.71566387,139.774096
1849,Subway,35.68797551,139.7969913
1850,Train Station,35.73827442,139.848597
1851,Bar,35.65842078,139.6949816
1852,Bar,35.64091244,139.6693933
1853,Bar,35.66127345,139.7010782
1854,Road,35.67477485,139.7687799
1855,Road,35.67122976,139.7650141
1856,Light Rail,35.65375256,139.7954357
1857,Bridge,35.70111518,139.8591971
1858,Road,35.59462906,139.7985345
1859,Bridge,35.65733684,139.7796887
1860,Light Rail,35.64868302,139.7900552
1861,Coffee Shop,35.66946913,139.8188245
1862,Road,35.677189,139.7670257
1863,Train Station,35.61919224,139.7283053
1864,Subway,35.6781542,139.705689
1865,Fast Food Restaurant,35.63294491,139.7932792
1866,Parking,35.70067084,139.7728515
1867,Coffee Shop,35.69953818,139.7695363
1868,Home (private),35.68206627,139.7677638
1869,Convenience Store,35.63853861,139.790597
1870,Indian Restaurant,35.65517354,139.7968197
1871,Donut Shop,35.67276373,139.7946873
1872,Building,35.63078231,139.790597
1873,Bridge,35.66744263,139.7888482
1874,Japanese Restaurant,35.70069697,139.7737312
1875,Train Station,35.65573582,139.7035325
1876,Subway,35.6587346,139.7016227
1877,Road,35.75410495,139.820466
1878,Bridge,35.6943365,139.7887033
1879,Road,35.68137001,139.78652
1880,Road,35.63114856,139.7839665
1881,Fast Food Restaurant,35.70470468,139.6656623
1882,Train Station,35.69065067,139.700346
1883,Furniture / Home Store,35.65683423,139.7982788
1884,Bookstore,35.65606039,139.7975505
1885,Coffee Shop,35.6565095,139.7053054
1886,Train Station,35.80382044,139.5562416
1887,Road,35.6527195,139.7590542
1888,Road,35.59436472,139.5733997
1889,Ramen /  Noodle House,35.66712013,139.7571337
1890,Electronics Store,35.70197772,139.7714245
1891,Bus Station,35.67976212,139.7682381
1892,Bridge,35.66250907,139.7869062
1893,Fast Food Restaurant,35.68063087,139.7690991
1894,Mall,35.62924099,139.7761184
1895,Food & Drink Shop,35.67345227,139.7961599
1896,Road,35.67255891,139.7632384
1897,Road,35.85303961,139.7339058
1898,Light Rail,35.62294241,139.7506213
1899,Beach,35.64904688,139.7591109
1900,Subway,35.67701687,139.7370493
1901,Fast Food Restaurant,35.6697,139.817348
1902,Shrine,35.70205613,139.767943
1903,Bookstore,35.70490506,139.5795071
1904,Department Store,35.70494863,139.5778227
1905,Building,35.69308612,139.6953571
1906,Subway,35.65943198,139.7005606
1907,Coffee Shop,35.65793261,139.697991
1908,Clothing Store,35.69132163,139.7054315
1909,Hotel,35.68607583,139.7619939
1910,Ramen /  Noodle House,35.68736771,139.7038221
1911,Ramen /  Noodle House,35.67214963,139.4773279
1912,Coffee Shop,35.68643359,139.6987233
1913,Building,35.68659054,139.698933
1914,Train Station,35.68170117,139.7693217
1915,Train Station,35.70280758,139.5798022
1916,Building,35.69136013,139.698125
1917,Mall,35.70304064,139.5798665
1918,Train Station,35.69151483,139.6981549
1919,Train Station,35.69044154,139.6999168
1920,Coffee Shop,35.693431,139.6953717
1921,Train Station,35.69156561,139.6999598
1922,Building,35.68158788,139.7686082
1923,Department Store,35.68164016,139.7689891
1924,Road,35.66848368,139.7054699
1925,Clothing Store,35.669273,139.703911
1926,Italian Restaurant,35.70360912,139.5794401
1927,Bus Station,35.52512137,139.7162907
1928,Japanese Restaurant,35.64364585,139.7492427
1929,Park,35.66514586,139.7568762
1930,Other Nightlife,35.52949641,139.6993765
1931,Building,35.64357392,139.7455788
1932,Bar,35.690686,139.7708852
1933,Gaming Cafe,35.527089,139.6944105
1934,Ramen /  Noodle House,35.52944641,139.6991372
1935,Subway,35.68569676,139.741644
1936,Subway,35.69541694,139.7511095
1937,Bridge,35.69694174,139.7732806
1938,Train Station,35.68891662,139.7018909
1939,Ramen /  Noodle House,35.68973819,139.7022584
1940,Japanese Restaurant,35.6589351,139.703393
1941,Food & Drink Shop,35.531316,139.698649
1942,Bowling Alley,35.53786408,139.7418317
1943,Train Station,35.53663854,139.7343698
1944,Hardware Store,35.53767419,139.7331119
1945,Subway,35.63869992,139.740032
1946,Convenience Store,35.64318277,139.7469536
1947,Road,35.73054087,139.7181934
1948,Ramen /  Noodle House,35.729302,139.7164136
1949,Drugstore / Pharmacy,35.73035719,139.7169503
1950,Subway,35.67020564,139.7498167
1951,Subway,35.68474254,139.7744501
1952,Train Station,35.60883475,139.7261328
1953,Road,35.72966558,139.7147012
1954,Temple,35.53376287,139.7294641
1955,Other Nightlife,35.69383548,139.7046429
1956,Ramen /  Noodle House,35.728228,139.714008
1957,Ramen /  Noodle House,35.72755,139.7130311
1958,Bar,35.69669777,139.7690105
1959,Hobby Shop,35.7295859,139.7156735
1960,Japanese Restaurant,35.73225958,139.7101725
1961,Train Station,35.6334692,139.6616444
1962,Dumpling Restaurant,35.72820673,139.7134137
1963,Subway,35.71897399,139.7274899
1964,Train Station,35.63003347,139.5508463
1965,Train Station,35.71209229,139.798429
1966,Mall,35.709914,139.809866
1967,Subway,35.68632419,139.7822714
1968,Train Station,35.61044406,139.6944076
1969,Train Station,35.5670412,139.7283402
1970,Mall,35.61567231,139.7150351
1971,Subway,35.61470924,139.7163963
1972,Hardware Store,35.53297709,139.6947026
1973,Train Station,35.72056,139.7063509
1974,Japanese Restaurant,35.70067701,139.7729481
1975,Park,35.731582,139.714919
1976,Office,35.66958244,139.7403538
1977,Hobby Shop,35.70154138,139.771056
1978,Ramen /  Noodle House,35.70163467,139.7767527
1979,Light Rail,35.72535863,139.7204331
1980,Arcade,35.70207356,139.5244575
1981,Fast Food Restaurant,35.70134606,139.5241946
1982,Parking,35.63315419,139.7995126
1983,Train Station,35.57491385,139.6632349
1984,Bookstore,35.65999959,139.7024331
1985,Bookstore,35.55334375,139.6469164
1986,Ramen /  Noodle House,35.62786643,139.7386855
1987,Record Shop,35.53285486,139.695518
1988,Ramen /  Noodle House,35.73261555,139.7140526
1989,Mall,35.74079328,139.7081478
1990,Concert Hall,35.66941398,139.706198
1991,Salon / Barbershop,35.670396,139.707919
1992,Home (private),35.70452849,139.7779881
1993,Music Venue,35.70096076,139.7709512
1994,Hobby Shop,35.69246747,139.7033769
1995,Bar,35.66351281,139.7329279
1996,Office,35.66561428,139.7311469
1997,Café,35.72931524,139.7147508
1998,Music Venue,35.64907098,139.7106403
1999,Train Station,35.79123348,139.6913901
2000,Train Station,35.78669651,139.7061825
2001,Ramen /  Noodle House,35.66112962,139.7009656
2002,Train Station,35.54483717,139.7680503
2003,Sushi Restaurant,35.67995385,139.7202158
2004,Bar,35.69769977,139.7703838
2005,Plaza,35.72906027,139.7189847
2006,Ramen /  Noodle House,35.69103843,139.7692144
2007,Sushi Restaurant,35.838372,139.6620891
2008,Concert Hall,35.68340923,139.7434062
2009,Diner,35.68488633,139.7413087
2010,Fast Food Restaurant,35.69191198,139.7705019
2011,Japanese Restaurant,35.70918698,139.7700486
2012,Food & Drink Shop,35.84002939,139.6322715
2013,Road,35.69461097,139.765293
2014,Fast Food Restaurant,35.7039293,139.5797297
2015,Subway,35.70765806,139.7729802
2016,Ramen /  Noodle House,35.69790235,139.7743723
2017,General Entertainment,35.70038332,139.7696972
2018,Airport,35.54474551,139.7685492
2019,Mall,35.71206615,139.7964549
2020,Train Station,35.69086852,139.7003031
2021,Ramen /  Noodle House,35.77747055,139.7211063
2022,Event Space,35.62449865,139.7755192
2023,Ramen /  Noodle House,35.77977714,139.7208857
2024,Hot Dog Joint,35.73058442,139.7115469
2025,Event Space,35.63847143,139.7286162
2026,Ramen /  Noodle House,35.82905686,139.6891508
2027,Food & Drink Shop,35.82197972,139.6767835
2028,Mall,35.82681696,139.6526778
2029,Train Station,35.77741398,139.7212619
2030,Train Station,35.71447325,139.7773066
2031,Office,35.64919478,139.7526976
2032,Train Station,35.63002364,139.740386
2033,Bar,35.78004112,139.720823
2034,Bar,35.77998277,139.7204733
2035,Japanese Restaurant,35.70002261,139.77029
2036,Train Station,35.72794192,139.771081
2037,General Entertainment,35.69953818,139.7704388
2038,Music Venue,35.68357917,139.6864361
2039,Electronics Store,35.69330396,139.7008181
2040,Ramen /  Noodle House,35.70102471,139.7692662
2041,Japanese Restaurant,35.69855364,139.7707003
2042,Office,35.64935432,139.7481108
2043,Subway,35.66092259,139.7514582
2044,Convenience Store,35.73090231,139.7211653
2045,Building,35.68769666,139.7644615
2046,Office,35.70036154,139.7504282
2047,Ramen /  Noodle House,35.62585739,139.7261623
2048,Subway,35.68173603,139.7648478
2049,Train Station,35.677518,139.7653949
2050,Fast Food Restaurant,35.73119843,139.7095942
2051,American Restaurant,35.6679656,139.7594833
2052,Coffee Shop,35.66526789,139.7608781
2053,Building,35.66218219,139.7601485
2054,Hotel,35.65957252,139.7285938
2055,Subway,35.67511257,139.7596121
2056,Train Station,35.67504597,139.7633935
2057,Train Station,35.6810432,139.7668701
2058,Office,35.67390984,139.7411048
2059,Office,35.67409286,139.7410887
2060,University,35.71425268,139.7618437
2061,Subway,35.69587003,139.7581637
2062,Office,35.57288495,139.6652412
2063,Subway,35.67420616,139.7450584
2064,Light Rail,35.54428721,139.7682729
2065,Subway,35.69071167,139.7568226
2066,Subway,35.68598869,139.7634315
2067,Building,35.69431036,139.7602665
2068,Subway,35.68652026,139.7661942
2069,Subway,35.68658997,139.7659099
2070,Subway,35.62653543,139.7233486
2071,Train Station,35.74660804,139.7469091
2072,Electronics Store,35.73156422,139.7135907
2073,Light Rail,35.75110975,139.7474563
2074,Fast Food Restaurant,35.63414063,139.7167142
2075,Japanese Restaurant,35.764705,139.725073
2076,Fast Food Restaurant,35.77898508,139.7240031
2077,Food & Drink Shop,35.7791737,139.7250009
2078,Ramen /  Noodle House,35.69904656,139.7752228
2079,Train Station,35.60714545,139.7343199
2080,Burger Joint,35.58960338,139.7285029
2081,Coffee Shop,35.6619501,139.6954469
2082,Fast Food Restaurant,35.69807878,139.7731063
2083,Train Station,35.617038,139.7412887
2084,Building,35.62208337,139.7187245
2085,Fast Food Restaurant,35.67534786,139.7657446
2086,Mall,35.66512407,139.8352075
2087,Arcade,35.66547709,139.8352048
2088,Food & Drink Shop,35.65288228,139.881561
2089,Department Store,35.67179193,139.8356795
2090,Bowling Alley,35.625393,139.775641
2091,Mall,35.62533196,139.7802222
2092,Harbor / Marina,35.6537482,139.8652536
2093,Food & Drink Shop,35.66946478,139.8584032
2094,Airport,35.55173355,139.788494
2095,Building,35.67483368,139.7644025
2096,Ramen /  Noodle House,35.64435862,139.6996325
2097,Convenience Store,35.636331,139.694334
2098,Video Store,35.636623,139.6935976
2099,Convenience Store,35.640727,139.694432
2100,Convenience Store,35.66170688,139.7296502
2101,Train Station,35.72707447,139.7714567
2102,Convenience Store,35.63209519,139.6929347
2103,Fast Food Restaurant,35.63729391,139.6915966
2104,Event Space,35.6653507,139.7292602
2105,Government Building,35.67628043,139.7469521
2106,Train Station,35.62885511,139.685272
2107,Convenience Store,35.57877735,139.7340694
2108,Food & Drink Shop,35.62543661,139.775877
2109,Food & Drink Shop,35.63737456,139.6908939
2110,Department Store,35.65838591,139.7019929
2111,Dumpling Restaurant,35.62928677,139.6831933
2112,Chinese Restaurant,35.66045623,139.7292763
2113,Food & Drink Shop,35.62234065,139.6841884
2114,Other Great Outdoors,35.60176472,139.6904755
2115,Temple,35.65700857,139.7525418
2116,Office,35.63119216,139.7436261
2117,Miscellaneous Shop,35.65875477,139.7026525
2118,Sporting Goods Shop,35.64750277,139.7100851
2119,Park,35.66013806,139.7299683
2120,Music Venue,35.66684534,139.7310421
2121,Park,35.65187386,139.725076
2122,Food & Drink Shop,35.61068909,139.7484756
2123,Post Office,35.62776068,139.6937639
2124,Bar,35.66338311,139.7323592
2125,Ramen /  Noodle House,35.62927805,139.6870181
2126,Building,35.6648482,139.7601092
2127,Ramen /  Noodle House,35.69439967,139.7019365
2128,Train Station,35.62893328,139.7398381
2129,Japanese Restaurant,35.66138459,139.7301131
2130,Subway,35.69055482,139.705925
2131,Coffee Shop,35.66151535,139.7294641
2132,Chinese Restaurant,35.65966734,139.7276294
2133,Japanese Restaurant,35.66245241,139.7000268
2134,Music Venue,35.70010337,139.7718099
2135,Bar,35.69061535,139.7029716
2136,General Entertainment,35.66403045,139.7600892
2137,Coffee Shop,35.53210399,139.6955824
2138,Hobby Shop,35.70037896,139.7711617
2139,Bar,35.69738175,139.7714514
2140,Train Station,35.63292202,139.5173462
2141,Music Venue,35.62572658,139.5198011
2142,Japanese Restaurant,35.66830661,139.7583523
2143,Light Rail,35.61750024,139.7793531
2144,Restaurant,35.70035718,139.7724867
2145,Music Venue,35.69574151,139.7013894
2146,Music Venue,35.65693906,139.7025179
2147,Train Station,35.63626717,139.8834309
2148,Mall,35.69589617,139.829371
2149,Office,35.67176578,139.7345978
2150,Bar,35.72995986,139.7109056
2151,Fast Food Restaurant,35.68919329,139.7024998
2152,Department Store,35.66203836,139.6989405
2153,General Entertainment,35.69951858,139.7704482
2154,General Entertainment,35.69365149,139.7014558
2155,Train Station,35.7204722,139.7788274
2156,Event Space,35.7206769,139.7802597
2157,Department Store,35.73134866,139.7074887
2158,Building,35.70692234,139.616922
2159,Road,35.67121232,139.7047234
2160,Ramen /  Noodle House,35.70213672,139.7718805
2161,Hobby Shop,35.69955343,139.7703946
2162,Bus Station,35.69107979,139.6977411
2163,Arcade,35.70007402,139.483999
2164,Arcade,35.73169921,139.7131482
2165,Bowling Alley,35.730963,139.716429
2166,Diner,35.729378,139.715281
2167,Bowling Alley,35.7328793,139.7134137
2168,Ramen /  Noodle House,35.73261368,139.7146475
2169,Train Station,35.71295471,139.7037041
2170,Italian Restaurant,35.69321465,139.7039536
2171,Department Store,35.69049818,139.704895
2172,Department Store,35.69001457,139.7058928
2173,Train Station,35.70027005,139.4797611
2174,Arcade,35.70078846,139.4815367
2175,Donut Shop,35.84650433,139.6691358
2176,Bowling Alley,35.83079223,139.6742213
2177,Train Station,35.847749,139.669251
2178,Japanese Restaurant,35.70081242,139.4817138
2179,Middle Eastern Restaurant,35.70138527,139.7708935
2180,Train Station,35.7336936,139.7402787
2181,Train Station,35.73219564,139.7666502
2182,Train Station,35.70025481,139.4802573
2183,Train Station,35.86406833,139.7044975
2184,Sushi Restaurant,35.624903,139.739363
2185,Mall,35.75939622,139.5117072
2186,Train Station,35.72736407,139.5392472
2187,Arcade,35.71259319,139.7042996
2188,Department Store,35.661198,139.700641
2189,Subway,35.55002896,139.633677
2190,Coffee Shop,35.69011042,139.7061449
2191,Burger Joint,35.69285522,139.6988869
2192,Bus Station,35.69112993,139.6926427
2193,Building,35.6516572,139.7577019
2194,Coffee Shop,35.65130042,139.7572992
2195,Ramen /  Noodle House,35.69234242,139.7699628
2196,Chinese Restaurant,35.69033024,139.7721893
2197,Clothing Store,35.69796225,139.7737581
2198,Fast Food Restaurant,35.702139,139.771766
2199,Steakhouse,35.6913126,139.7690692
2200,Mobile Phone Shop,35.70281847,139.5792094
2201,Automotive Shop,35.681374,139.544077
2202,Sushi Restaurant,35.68119571,139.553892
2203,Coffee Shop,35.62640462,139.6264297
2204,Café,35.6877819,139.5588647
2205,Movie Theater,35.67162633,139.4809628
2206,Mobile Phone Shop,35.67530431,139.761672
2207,Office,35.64662547,139.7475529
2208,Italian Restaurant,35.67543504,139.7655559
2209,Miscellaneous Shop,35.68143537,139.5490801
2210,Coffee Shop,35.64701537,139.74839
2211,Sushi Restaurant,35.65796748,139.5700657
2212,Café,35.536388,139.632938
2213,Ramen /  Noodle House,35.701297,139.76927
2214,Train Station,35.67075692,139.702837
2215,Event Space,35.67080268,139.7046456
2216,Mall,35.66903115,139.7054851
2217,Medical Center,35.71206615,139.765234
2218,Indian Restaurant,35.70037352,139.7702082
2219,Light Rail,35.73213467,139.7915304
2220,Electronics Store,35.70205178,139.7711349
2221,Miscellaneous Shop,35.58464751,139.7407722
2222,Concert Hall,35.66654485,139.6969986
2223,Post Office,35.72956542,139.7212136
2224,Hobby Shop,35.731267,139.715835
2225,Art Museum,35.66536813,139.7263741
2226,Train Station,35.69732511,139.8267853
2227,Subway,35.68600612,139.8829293
2228,Bus Station,35.69593409,139.7752896
2229,Train Station,35.68137436,139.7677821
2230,School,35.69202102,139.8960269
2231,Bar,35.69767472,139.7724129
2232,Food & Drink Shop,35.66575601,139.8944896
2233,Ramen /  Noodle House,35.66566661,139.8939559
2234,Convenience Store,35.68807137,139.7144598
2235,Airport,35.5550282,139.7860645
2236,Airport,35.551294,139.787412
2237,Bus Station,35.55112663,139.7878718
2238,Subway,35.66360738,139.8727047
2239,Drugstore / Pharmacy,35.6658171,139.8923901
2240,Bookstore,35.66584753,139.8937762
2241,Furniture / Home Store,35.65398358,139.8826504
2242,Smoke Shop,35.6981071,139.77499
2243,Electronics Store,35.69932145,139.7700834
2244,Train Station,35.5848776,139.58198
2245,Office,35.65448718,139.7570795
2246,Other Great Outdoors,35.65333256,139.7572243
2247,Office,35.68792323,139.6948045
2248,Bar,35.66270084,139.7330233
2249,Train Station,35.60749358,139.6688192
2250,Convenience Store,35.65551353,139.7568119
2251,Train Station,35.60491568,139.7027024
2252,Bar,35.69073781,139.7032267
2253,Bar,35.69331594,139.7037081
2254,Bar,35.66269212,139.7330233
2255,Ramen /  Noodle House,35.58930621,139.5775265
2256,Park,35.59277364,139.574421
2257,Bar,35.65786941,139.6987957
2258,Bus Station,35.57918093,139.5734131
2259,Fish & Chips Shop,35.70416453,139.6212423
2260,Electronics Store,35.70244384,139.7704482
2261,Train Station,35.61160219,139.6263395
2262,Mall,35.61223215,139.6277654
2263,Department Store,35.57854306,139.5577598
2264,Ramen /  Noodle House,35.662242,139.7341628
2265,Ramen /  Noodle House,35.6498488,139.7120755
2266,Office,35.65823253,139.7085368
2267,Furniture / Home Store,35.72766237,139.7114718
2268,Seafood Restaurant,35.70150461,139.7713157
2269,Japanese Restaurant,35.729697,139.716091
2270,Ramen /  Noodle House,35.70897246,139.7758743
2271,Thrift / Vintage Store,35.69952076,139.7711161
2272,Mall,35.69034133,139.6993965
2273,Bar,35.66350233,139.6990923
2274,Japanese Restaurant,35.65874332,139.6990424
2275,Ramen /  Noodle House,35.68776093,139.6974157
2276,Clothing Store,35.69247618,139.6995977
2277,Japanese Restaurant,35.73183057,139.7067116
2278,Donut Shop,35.73070471,139.7148157
2279,Café,35.73277697,139.7147897
2280,Building,35.72840705,139.720645
2281,Fast Food Restaurant,35.73810896,139.7034681
2282,Ramen /  Noodle House,35.732601,139.716026
2283,Bookstore,35.72729221,139.7113591
2284,Ramen /  Noodle House,35.73042703,139.7074535
2285,Fast Food Restaurant,35.72986833,139.7139479
2286,Ramen /  Noodle House,35.72941409,139.7146851
2287,Office,35.6552411,139.6937585
2288,Ramen /  Noodle House,35.6958025,139.7019553
2289,Bar,35.71119501,139.7926193
2290,Movie Theater,35.71052031,139.7734973
2291,Ramen /  Noodle House,35.70612359,139.7745806
2292,Office,35.66086,139.7516033
2293,Government Building,35.70981422,139.8003066
2294,Mall,35.67309711,139.759942
2295,Train Station,35.64440221,139.8615897
2296,Train Station,35.60978987,139.7496986
2297,Ferry,35.71074353,139.7984965
2298,Comedy Club,35.7092055,139.7729628
2299,Movie Theater,35.67413644,139.7632116
2300,BBQ Joint,35.69724422,139.7574838
2301,Café,35.66114217,139.6989331
2302,Movie Theater,35.672074,139.765128
2303,Building,35.67193138,139.7595477
2304,Gastropub,35.69103096,139.7024998
2305,Bar,35.68996398,139.7120577
2306,Bar,35.579903,139.663456
2307,Bar,35.73077385,139.7154763
2308,Ramen /  Noodle House,35.72237936,139.65257
2309,Ramen /  Noodle House,35.69745363,139.7788382
2310,Hotel,35.68704311,139.6988708
2311,Bar,35.6850214,139.7034788
2312,Bar,35.65674705,139.7012848
2313,Bar,35.67797981,139.7684602
2314,Ramen /  Noodle House,35.672728,139.703748
2315,Train Station,35.77766178,139.7212199
2316,Food & Drink Shop,35.72164811,139.7061718
2317,Mall,35.660132,139.699297
2318,Government Building,35.65781929,139.7036666
2319,Medical Center,35.688971,139.6999794
2320,Subway,35.7279106,139.7447205
2321,Subway,35.7170738,139.7367795
2322,Subway,35.55347523,139.5785026
2323,Movie Theater,35.70081024,139.8158097
2324,Restaurant,35.72998783,139.7131723
2325,Clothing Store,35.72916478,139.7134084
2326,Gift Shop,35.68130029,139.7692358
2327,Arcade,35.73315364,139.7399569
2328,Train Station,35.75463606,139.7703946
2329,Arcade,35.68987515,139.7022665
2330,Park,35.58508789,139.650607
2331,Japanese Restaurant,35.58116168,139.6415895
2332,Train Station,35.60350066,139.6175301
2333,Train Station,35.60879495,139.7180553
2334,Ramen /  Noodle House,35.58138418,139.6406507
2335,Ferry,35.65082333,139.760575
2336,Mall,35.62754737,139.7727734
2337,Train Station,35.60631487,139.7342051
2338,Train Station,35.60743038,139.6856207
2339,Concert Hall,35.62592061,139.7822231
2340,Museum,35.62608195,139.7811556
2341,Park,35.70668233,139.7533706
2342,Train Station,35.72953009,139.7110104
2343,Japanese Restaurant,35.5773921,139.6600458
2344,Train Station,35.68151816,139.766103
2345,Convention Center,35.63285335,139.7983003
2346,Fast Food Restaurant,35.58113675,139.6414111
2347,Event Space,35.571433,139.686109
2348,Historic Site,35.68274693,139.7556961
2349,Bridge,35.66716371,139.7640431
2350,Building,35.66643381,139.7656448
2351,Building,35.66720901,139.7634434
2352,Coffee Shop,35.71192241,139.7755471
2353,Fast Food Restaurant,35.70213781,139.7807492
2354,Road,35.66711577,139.7641611
2355,Ramen /  Noodle House,35.66935637,139.7648263
2356,Department Store,35.670136,139.7640117
2357,Music Venue,35.66049383,139.6684317
2358,Bar,35.65821593,139.6970147
2359,Park,35.61818256,139.8337461
2360,Sporting Goods Shop,35.61787836,139.6289839
2361,Sporting Goods Shop,35.61183092,139.6281141
2362,Indian Restaurant,35.66070903,139.7062361
2363,Office,35.67125155,139.7470593
2364,Aquarium,35.70987956,139.8097372
2365,Train Station,35.6679133,139.7926998
2366,University,35.71294541,139.7611474
2367,Diner,35.672779,139.794534
2368,Concert Hall,35.62257191,139.7219392
2369,Convention Center,35.69572996,139.6904818
2370,Toy / Game Store,35.69775205,139.7724169
2371,Bar,35.69134777,139.7068155
2372,Subway,35.67361351,139.7413516
2373,Train Station,35.68331331,139.6154094
2374,Train Station,35.69749937,139.5827043
2375,Mall,35.70481794,139.5791638
2376,Food & Drink Shop,35.685954,139.619166
2377,Subway,35.63313675,139.7156668
2378,Spa / Massage,35.64303627,139.6705635
2379,Train Station,35.62820962,139.7384112
2380,Furniture / Home Store,35.69275065,139.7035351
2381,Train Station,35.69017142,139.6989298
2382,Train Station,35.681709,139.6275374
2383,Train Station,35.70318439,139.5799041
2384,Fast Food Restaurant,35.68195389,139.6268213
2385,Café,35.64358926,139.6713808
2386,Movie Theater,35.7062745,139.580818
2387,Coffee Shop,35.70419829,139.5801656
2388,Train Station,35.60910079,139.5163035
2389,Japanese Restaurant,35.554111,139.645924
2390,Miscellaneous Shop,35.56364297,139.655183
2391,Bar,35.55242505,139.6473697
2392,Train Station,35.63216446,139.5774096
2393,Department Store,35.68741781,139.702127
2394,Convenience Store,35.55273274,139.6450818
2395,Train Station,35.6502414,139.558602
2396,Department Store,35.55355363,139.6469852
2397,Electronics Store,35.55446102,139.6473348
2398,Japanese Restaurant,35.55312117,139.6462297
2399,Movie Theater,35.6606698,139.695282
2400,Movie Theater,35.55197333,139.5794106
2401,Government Building,35.63461833,139.60398
2402,Coffee Shop,35.65834233,139.7018909
2403,Train Station,35.70627815,139.6844249
2404,Italian Restaurant,35.65911598,139.6991658
2405,Italian Restaurant,35.69144798,139.6877262
2406,Train Station,35.67705409,139.6761605
2407,Subway,35.68006278,139.7141004
2408,Bar,35.66007268,139.6952793
2409,Subway,35.65578813,139.7370279
2410,Coffee Shop,35.67783,139.705934
2411,Train Station,35.56432371,139.6540457
2412,Art Gallery,35.67056082,139.7080929
2413,Mall,35.60359662,139.5084929
2414,Bookstore,35.55365144,139.6450952
2415,Ramen /  Noodle House,35.55369072,139.6457671
2416,Coffee Shop,35.55386747,139.6464309
2417,Subway,35.6742127,139.7450584
2418,Scenic Lookout,35.68989257,139.6916234
2419,Train Station,35.67877297,139.6353722
2420,Department Store,35.54655689,139.6450496
2421,Convenience Store,35.55243051,139.6474917
2422,Subway,35.67423693,139.759074
2423,Coffee Shop,35.706006,139.70866
2424,Fast Food Restaurant,35.70497041,139.7089666
2425,University,35.70618699,139.7065769
2426,University,35.70571529,139.7082424
2427,Convenience Store,35.70429526,139.7208009
2428,College Academic Building,35.70468429,139.72118
2429,Video Store,35.71246252,139.7071695
2430,Bar,35.6824686,139.7020297
2431,Subway,35.70794991,139.7090283
2432,Miscellaneous Shop,35.71286324,139.7049715
2433,Train Station,35.71585116,139.6951479
2434,Department Store,35.69263302,139.7063273
2435,Convenience Store,35.71653061,139.694936
2436,Subway,35.68253342,139.7737044
2437,Soup Place,35.62821959,139.737992
2438,Shop & Service,35.68870083,139.6988629
2439,Hobby Shop,35.68806919,139.6983773
2440,Café,35.70182307,139.7712207
2441,Electronics Store,35.70080281,139.77175
2442,Coffee Shop,35.68268247,139.7018646
2443,Electronics Store,35.70065886,139.7712623
2444,Electronics Store,35.70121102,139.7713065
2445,Japanese Restaurant,35.708339,139.665612
2446,Train Station,35.71508895,139.6872568
2447,Ramen /  Noodle House,35.72383624,139.6641498
2448,Clothing Store,35.66949964,139.763217
2449,Café,35.6305643,139.7951916
2450,Chinese Restaurant,35.70195141,139.7705518
2451,Video Store,35.705171,139.664474
2452,Japanese Restaurant,35.70952456,139.6651474
2453,Park,35.62628253,139.7829366
2454,Hotel,35.66812685,139.7410619
2455,Café,35.70025551,139.7699777
2456,Japanese Restaurant,35.70427125,139.5809743
2457,Medical Center,35.67807632,139.567769
2458,Italian Restaurant,35.57159368,139.5310398
2459,Café,35.56061007,139.5502925
2460,Diner,35.5688369,139.547928
2461,Train Station,35.65907021,139.7011346
2462,Department Store,35.66047367,139.7003406
2463,Mall,35.57778913,139.5585537
2464,Coffee Shop,35.64406436,139.6990585
2465,Road,35.64345423,139.8098681
2466,Rest Area,35.644114,139.757498
2467,Mall,35.61344815,139.6270367
2468,Building,35.68612015,139.76549
2469,Subway,35.707279,139.75165
2470,Fast Food Restaurant,35.7071702,139.7514474
2471,College Academic Building,35.70885594,139.7480571
2472,Subway,35.69505099,139.7666717
2473,Camera Store,35.6894792,139.6973721
2474,Garden,35.68036781,139.7567046
2475,Mobile Phone Shop,35.69940749,139.7711241
2476,Mobile Phone Shop,35.69943363,139.7716391
2477,Park,35.70709832,139.7529361
2478,Hotel,35.6278696,139.7362912
2479,Hardware Store,35.69924848,139.7707137
2480,Hobby Shop,35.70062945,139.7704831
2481,Electronics Store,35.7021455,139.7716988
2482,Park,35.70795645,139.7510853
2483,Convention Center,35.65473984,139.7611436
2484,Historic Site,35.70042713,139.7708663
2485,Coffee Shop,35.70293609,139.7546929
2486,Indian Restaurant,35.698158,139.7723641
2487,Subway,35.68443754,139.729979
2488,Subway,35.67873811,139.7403646
2489,Road,35.6959498,139.7581177
2490,Thrift / Vintage Store,35.70056266,139.7703971
2491,Café,35.70062074,139.7705421
2492,Convenience Store,35.651141,139.703728
2493,Convenience Store,35.64052226,139.5209169
2494,Ramen /  Noodle House,35.65907893,139.6988708
2495,Indian Restaurant,35.66604365,139.7591615
2496,Coffee Shop,35.62559358,139.776113
2497,Road,35.67326488,139.7203016
2498,Park,35.67975769,139.7571794
2499,Park,35.57894458,139.7840871
2500,Spa / Massage,35.5861308,139.5811272
2501,Office,35.62260964,139.7507862
2502,Coffee Shop,35.661579,139.585705
2503,Bridge,35.53676622,139.702878
2504,Road,35.6674252,139.7075772
2505,Clothing Store,35.65851449,139.6991524
2506,Restaurant,35.660213,139.699314
2507,Bike Shop,35.67210569,139.7123221
2508,Dumpling Restaurant,35.67394288,139.7673507
2509,Convenience Store,35.68567438,139.7648061
2510,Ramen /  Noodle House,35.68513718,139.7646913
2511,Other Great Outdoors,35.68443972,139.7371486
2512,Convenience Store,35.68228941,139.7662637
2513,Chinese Restaurant,35.68386456,139.7392099
2514,Ramen /  Noodle House,35.67885141,139.7627825
2515,Coffee Shop,35.68332518,139.7738606
2516,Train Station,35.67459836,139.7777009
2517,Train Station,35.64615031,139.8274237
2518,Train Station,35.6803068,139.7678411
2519,Gym / Fitness Center,35.68288937,139.7647862
2520,Mall,35.63459298,139.8855472
2521,Convenience Store,35.68524353,139.7632288
2522,Bookstore,35.68635469,139.7638392
2523,Fast Food Restaurant,35.66260913,139.8729791
2524,Road,35.67955732,139.762702
2525,Subway,35.66489962,139.7842589
2526,Train Station,35.66761259,139.631837
2527,Ramen /  Noodle House,35.7098556,139.7737607
2528,Ramen /  Noodle House,35.69126635,139.7086565
2529,Light Rail,35.54917132,139.7847927
2530,Department Store,35.73078038,139.712432
2531,Hot Dog Joint,35.689995,139.687774
2532,Department Store,35.69143694,139.6995576
2533,Convenience Store,35.68264023,139.6742715
2534,Indian Restaurant,35.6917008,139.68727
2535,Mall,35.619044,139.705091
2536,Indian Restaurant,35.67941788,139.7709525
2537,Office,35.68995357,139.6877611
2538,Spa / Massage,35.580372,139.6224546
2539,Miscellaneous Shop,35.67715196,139.658761
2540,Subway,35.68978365,139.6843064
2541,Shrine,35.690311,139.688371
2542,Convenience Store,35.73565311,139.6535173
2543,Bridge,35.68576859,139.7301142
2544,Home (private),35.68597371,139.6860325
2545,Department Store,35.7073379,139.7765502
2546,Ramen /  Noodle House,35.723155,139.56687
2547,Train Station,35.72866507,139.5642313
2548,Train Station,35.73037539,139.7124052
2549,Train Station,35.69840987,139.7739083
2550,Ramen /  Noodle House,35.729628,139.565363
2551,University,35.7279802,139.5642617
2552,Subway,35.56292403,139.5698129
2553,General Entertainment,35.70058062,139.7045922
2554,Home (private),35.7283333,139.5636473
2555,Japanese Restaurant,35.70328458,139.5612064
2556,Concert Hall,35.62775632,139.7350216
2557,Train Station,35.68137001,139.7664571
2558,Bar,35.69290314,139.7052544
2559,Bar,35.7099875,139.6669205
2560,Subway,35.67401602,139.7450112
2561,Miscellaneous Shop,35.72929978,139.7124696
2562,Concert Hall,35.65563918,139.7924864
2563,Subway,35.70191673,139.744978
2564,Concert Hall,35.66421754,139.6977496
2565,College Academic Building,35.69747051,139.7615211
2566,Fast Food Restaurant,35.69624905,139.7602625
2567,High School,35.6895767,139.5312683
2568,Food & Drink Shop,35.65359564,139.5439893
2569,College Academic Building,35.69745559,139.7614507
2570,Train Station,35.66418847,139.5112499
2571,Train Station,35.66229986,139.5848715
2572,Food & Drink Shop,35.66392554,139.5106897
2573,Subway,35.687564,139.79738
2574,Student Center,35.69828354,139.7606206
2575,College Academic Building,35.69712036,139.7611356
2576,University,35.69831403,139.7622138
2577,Fast Food Restaurant,35.68982722,139.6986991
2578,Subway,35.6695345,139.7555029
2579,Mall,35.671539,139.48109
2580,College Academic Building,35.67075474,139.6493089
2581,Food & Drink Shop,35.67394034,139.6677947
2582,Subway,35.70416026,139.792012
2583,Scenic Lookout,35.71007993,139.8106706
2584,Ramen /  Noodle House,35.69495296,139.7616318
2585,General Entertainment,35.62029986,139.7787738
2586,Train Station,35.6881863,139.599369
2587,Mall,35.69370141,139.7211351
2588,Subway,35.6890299,139.8156703
2589,Convenience Store,35.69076831,139.81539
2590,Ramen /  Noodle House,35.70026597,139.8144862
2591,Train Station,35.68855064,139.6986616
2592,Train Station,35.69952947,139.7650623
2593,Food & Drink Shop,35.7172841,139.8177624
2594,Fast Food Restaurant,35.693504,139.721035
2595,Train Station,35.69945106,139.7651857
2596,Train Station,35.69099922,139.7355741
2597,Train Station,35.69643638,139.8139483
2598,Subway,35.69097308,139.7354937
2599,Government Building,35.69275065,139.7284126
2600,Gas Station / Garage,35.66709729,139.6136418
2601,French Restaurant,35.68182099,139.7721192
2602,Athletic & Sport,35.64763681,139.5965338
2603,Ramen /  Noodle House,35.66486257,139.762466
2604,Electronics Store,35.66730099,139.7569326
2605,Bridge,35.65461016,139.7451878
2606,Subway,35.6650369,139.712491
2607,Mobile Phone Shop,35.67088003,139.7642617
2608,Coffee Shop,35.55227011,139.6472383
2609,Bookstore,35.68111721,139.7725104
2610,Train Station,35.74843662,139.7697937
2611,Office,35.66434176,139.762238
2612,Mall,35.678439,139.762883
2613,Automotive Shop,35.79315059,139.6381881
2614,Convenience Store,35.6663669,139.7642421
2615,Subway,35.70710486,139.7812709
2616,History Museum,35.69649302,139.796074
2617,Electronics Store,35.69942492,139.7707701
2618,Park,35.79807517,139.7717497
2619,Convenience Store,35.60851762,139.6479865
2620,Bookstore,35.69865383,139.7696999
2621,Light Rail,35.62139439,139.7731572
2622,Train Station,35.60708801,139.653351
2623,Ramen /  Noodle House,35.69901977,139.7746271
2624,Bus Station,35.6992768,139.4806838
2625,Ramen /  Noodle House,35.69786532,139.7573483
2626,Indian Restaurant,35.697391,139.7596536
2627,Arcade,35.69777165,139.7574046
2628,Japanese Restaurant,35.69829661,139.7576219
2629,Japanese Restaurant,35.70119032,139.7543375
2630,Ramen /  Noodle House,35.698167,139.7703691
2631,Ramen /  Noodle House,35.70132032,139.7462819
2632,Wings Joint,35.69591971,139.7688895
2633,Thai Restaurant,35.69619459,139.759478
2634,Ramen /  Noodle House,35.6948913,139.76744
2635,Ramen /  Noodle House,35.70150507,139.7521421
2636,Dumpling Restaurant,35.701071,139.752745
2637,Ramen /  Noodle House,35.69813358,139.750886
2638,Ramen /  Noodle House,35.69640425,139.756663
2639,Indian Restaurant,35.70096053,139.7706708
2640,Train Station,35.64318157,139.6092904
2641,Fast Food Restaurant,35.63658017,139.5876675
2642,Japanese Restaurant,35.68900376,139.697417
2643,Other Great Outdoors,35.58534553,139.6748382
2644,Food & Drink Shop,35.63658067,139.5877074
2645,Convenience Store,35.63622432,139.5887027
2646,Fast Food Restaurant,35.64012117,139.6000528
2647,Convenience Store,35.63718273,139.5875323
2648,Ramen /  Noodle House,35.68892093,139.697926
2649,Japanese Restaurant,35.66126364,139.6678363
2650,Ramen /  Noodle House,35.62803538,139.7393131
2651,Japanese Restaurant,35.65890895,139.6980044
2652,Office,35.65815055,139.6985221
2653,Mall,35.65152514,139.6361446
2654,Bookstore,35.63688191,139.5889217
2655,Ramen /  Noodle House,35.68985118,139.6973446
2656,Museum,35.66021253,139.6957866
2657,Train Station,35.65363051,139.6473777
2658,Light Rail,35.64410577,139.6689534
2659,Mall,35.64011096,139.5989556
2660,Japanese Restaurant,35.69365576,139.7024904
2661,Convenience Store,35.71454217,139.480065
2662,Electronics Store,35.70111518,139.7721112
2663,Train Station,35.6983968,139.7726476
2664,Train Station,35.70569377,139.6656996
2665,Train Station,35.70031362,139.480142
2666,Train Station,35.70105201,139.4793963
2667,Japanese Restaurant,35.70066866,139.7712421
2668,Event Space,35.67195753,139.7166753
2669,Light Rail,35.66605128,139.6413414
2670,Subway,35.71733637,139.7657275
2671,Subway,35.66937762,139.8065186
2672,Subway,35.6649323,139.7669291
2673,Bridge,35.73270948,139.8987007
2674,Train Station,35.74830601,139.5676732
2675,Food & Drink Shop,35.74791418,139.5675445
2676,Coffee Shop,35.74808826,139.5678237
2677,Train Station,35.7286335,139.5526046
2678,Bus Station,35.74763045,139.5667193
2679,Athletic & Sport,35.74030348,139.4995129
2680,Bus Station,35.70174684,139.5447564
2681,Stadium,35.66413038,139.5270109
2682,Food & Drink Shop,35.74529318,139.5038903
2683,Bus Station,35.75135355,139.5452768
2684,Ramen /  Noodle House,35.73054523,139.501707
2685,Food & Drink Shop,35.73214338,139.5498741
2686,Department Store,35.751478,139.544798
2687,Coffee Shop,35.772486,139.5199574
2688,Video Store,35.74777,139.567397
2689,Food & Drink Shop,35.75151343,139.5448584
2690,Food & Drink Shop,35.70115003,139.5456791
2691,Food & Drink Shop,35.66527661,139.5257637
2692,Miscellaneous Shop,35.70518648,139.5790634
2693,Stadium,35.62558977,139.6636554
2694,Road,35.75891095,139.5985508
2695,Brazilian Restaurant,35.66006724,139.6959753
2696,Department Store,35.65901065,139.7027672
2697,Dessert Shop,35.69186683,139.7019797
2698,Convenience Store,35.6126416,139.7191998
2699,Convenience Store,35.57708232,139.6587932
2700,Food & Drink Shop,35.61490549,139.7196123
2701,Shrine,35.61574716,139.7201192
2702,Medical Center,35.61722114,139.7236061
2703,Other Great Outdoors,35.61473632,139.7185935
2704,Café,35.62370768,139.7206396
2705,Park,35.60950639,139.7295123
2706,Spa / Massage,35.6174181,139.7212848
2707,Mall,35.61127705,139.7491568
2708,Electronics Store,35.59699919,139.745267
2709,Furniture / Home Store,35.59714116,139.7445917
2710,Food & Drink Shop,35.5862704,139.7329402
2711,Park,35.61872634,139.728009
2712,Train Station,35.66020344,139.5232961
2713,Food & Drink Shop,35.60724284,139.7339004
2714,Convenience Store,35.54888762,139.69356
2715,High School,35.55272838,139.6960062
2716,High School,35.54717067,139.7400377
2717,Ramen /  Noodle House,35.60719051,139.668535
2718,Department Store,35.67115429,139.4801693
2719,Ramen /  Noodle House,35.56155353,139.7220233
2720,Mall,35.62510522,139.7792673
2721,Electronics Store,35.53352714,139.7177804
2722,Department Store,35.59701123,139.7450324
2723,Bar,35.5618691,139.7135289
2724,Ramen /  Noodle House,35.61890224,139.7449136
2725,Fast Food Restaurant,35.5776602,139.7003189
2726,Convenience Store,35.56003839,139.7103667
2727,Hardware Store,35.54907693,139.7318753
2728,Ramen /  Noodle House,35.60494652,139.7344074
2729,Convenience Store,35.67617331,139.7638627
2730,Event Space,35.67757029,139.7636569
2731,Bar,35.52926691,139.6999021
2732,Italian Restaurant,35.70075361,139.7709525
2733,Bar,35.69890868,139.7715613
2734,Convenience Store,35.69849281,139.7739766
2735,Fast Food Restaurant,35.52977933,139.699654
2736,Video Game Store,35.70091261,139.7712368
2737,Toy / Game Store,35.70112498,139.7705555
2738,Bar,35.66163956,139.7352228
2739,University,35.60928396,139.5549917
2740,Fast Food Restaurant,35.70145497,139.7720844
2741,Restaurant,35.69881502,139.7722936
2742,Subway,35.70984472,139.7908008
2743,Hobby Shop,35.7018952,139.7714205
2744,Bar,35.70185132,139.77498
2745,Event Space,35.63863889,139.7892559
2746,Bar,35.64434118,139.7556183
2747,Bar,35.7059584,139.6659188
2748,Mall,35.74917457,139.585534
2749,Music Venue,35.52780822,139.6972883
2750,Office,35.66730317,139.7277743
2751,Japanese Restaurant,35.661862,139.697747
2752,University,35.6906376,139.6954
2753,Bookstore,35.70037134,139.7705434
2754,Train Station,35.67841565,139.7661191
2755,Hobby Shop,35.69888255,139.7704133
2756,Bookstore,35.6721667,139.4798684
2757,Subway,35.66943863,139.7672296
2758,Coffee Shop,35.70072311,139.7724169
2759,Coffee Shop,35.69924631,139.7721541
2760,Food & Drink Shop,35.63366857,139.5309702
2761,Food & Drink Shop,35.63309315,139.5349985
2762,Coffee Shop,35.63244024,139.5342033
2763,Chinese Restaurant,35.63393027,139.5339847
2764,Food & Drink Shop,35.63262126,139.5354551
2765,Bus Station,35.63328,139.530606
2766,Train Station,35.55453958,139.7297108
2767,Train Station,35.64909714,139.4892803
2768,Hotel,35.69730769,139.7737527
2769,Train Station,35.64461364,139.5024687
2770,Train Station,35.61462638,139.5282447
2771,Hardware Store,35.67773588,139.7957683
2772,Park,35.64738834,139.7717142
2773,Shrine,35.71503668,139.7974205
2774,Japanese Restaurant,35.70507931,139.6485257
2775,Neighborhood,35.67118182,139.765352
2776,Historic Site,35.66469746,139.7636687
2777,Bridge,35.63890047,139.7495162
2778,Fast Food Restaurant,35.65900484,139.7932684
2779,Food & Drink Shop,35.67943313,139.8222604
2780,Train Station,35.74541266,139.7152396
2781,Train Station,35.74065783,139.7165513
2782,Train Station,35.68994029,139.7009771
2783,Food & Drink Shop,35.75792932,139.6876109
2784,Japanese Restaurant,35.75565692,139.6963321
2785,Home (private),35.75934603,139.6860325
2786,Miscellaneous Shop,35.75445175,139.6926422
2787,Coffee Shop,35.643056,139.671172
2788,Coffee Shop,35.66019036,139.7021002
2789,Ramen /  Noodle House,35.65761,139.698943
2790,Gym / Fitness Center,35.62608195,139.66434
2791,Coffee Shop,35.64343006,139.6991873
2792,Dumpling Restaurant,35.63232578,139.6602845
2793,Ramen /  Noodle House,35.65897433,139.6994649
2794,Coffee Shop,35.60873443,139.6674031
2795,Coffee Shop,35.63330679,139.6618778
2796,Coffee Shop,35.66550032,139.7037146
2797,Café,35.6912737,139.7074834
2798,Bar,35.65778442,139.7037792
2799,Bar,35.73125068,139.713816
2800,Restaurant,35.63388885,139.7190826
2801,Bar,35.61132503,139.6702087
2802,Ramen /  Noodle House,35.66376973,139.7322817
2803,Japanese Restaurant,35.63360981,139.7142801
2804,Bar,35.662208,139.668619
2805,Train Station,35.84421489,139.6279183
2806,Automotive Shop,35.56701174,139.5646369
2807,Bridge,35.83517792,139.6049244
2808,Bar,35.6694931,139.6160334
2809,Japanese Restaurant,35.58091518,139.6611938
2810,Japanese Restaurant,35.580915,139.661298
2811,Food & Drink Shop,35.58072976,139.6613279
2812,Bar,35.6717429,139.7043264
2813,Train Station,35.72967386,139.7108907
2814,High School,35.74029913,139.7096854
2815,Train Station,35.73171183,139.7111101
2816,Train Station,35.71395712,139.7767324
2817,Train Station,35.73002287,139.71113
2818,Train Station,35.7388145,139.6624306
2819,Train Station,35.63872608,139.739871
2820,Train Station,35.72933232,139.7107859
2821,Train Station,35.73469718,139.7670674
2822,Moving Target,35.75025558,139.7501678
2823,Bridge,35.79220981,139.7177321
2824,Moving Target,35.73497391,139.7484436
2825,Train Station,35.71458244,139.7779257
2826,Subway,35.76133126,139.705528
2827,Subway,35.76875278,139.7022665
2828,Subway,35.78415513,139.67906
2829,Subway,35.78888969,139.6611643
2830,Subway,35.78695761,139.6739531
2831,Subway,35.75131872,139.7101307
2832,Subway,35.74880451,139.7195989
2833,Convenience Store,35.73344104,139.7089398
2834,Train Station,35.71456648,139.7775862
2835,Road,35.84743921,139.7378433
2836,Train Station,35.82746937,139.6603274
2837,Arcade,35.73819135,139.7103471
2838,Subway,35.69078574,139.7063541
2839,Train Station,35.71115145,139.7735596
2840,Train Station,35.55257562,139.7392756
2841,Train Station,35.55041085,139.7467053
2842,Bridge,35.55505929,139.6956669
2843,Bridge,35.5336581,139.6663141
2844,Road,35.62104505,139.6307071
2845,Ramen /  Noodle House,35.53559633,139.6673012
2846,Coffee Shop,35.625488,139.7241855
2847,Road,35.67038431,139.7493231
2848,Road,35.62753831,139.6242893
2849,Clothing Store,35.53309059,139.6947134
2850,Bus Station,35.53140551,139.6956065
2851,Miscellaneous Shop,35.53304694,139.6947241
2852,Bike Shop,35.56045884,139.6970679
2853,Bookstore,35.69005706,139.697412
2854,Train Station,35.84610863,139.6479678
2855,Building,35.72935203,139.7181773
2856,Movie Theater,35.65457638,139.7924209
2857,Train Station,35.69826611,139.7730231
2858,Government Building,35.75492774,139.7365397
2859,Fast Food Restaurant,35.65669911,139.7538239
2860,Bookstore,35.729572,139.709651
2861,Café,35.69783918,139.7747505
2862,Subway,35.70090608,139.7357082
2863,Ramen /  Noodle House,35.711104,139.71139
2864,Café,35.66550759,139.7590327
2865,Ramen /  Noodle House,35.68261621,139.687517
2866,Coffee Shop,35.68259743,139.6872464
2867,Fast Food Restaurant,35.60419415,139.6497166
2868,Indian Restaurant,35.68234605,139.6870637
2869,Convenience Store,35.836049,139.793406
2870,Miscellaneous Shop,35.83639162,139.7944728
2871,Food & Drink Shop,35.83957277,139.7976297
2872,Electronics Store,35.83962931,139.7978497
2873,Bookstore,35.83962931,139.7977638
2874,Miscellaneous Shop,35.83970323,139.7974849
2875,Department Store,35.8279565,139.8045766
2876,Bookstore,35.83325818,139.791128
2877,Gas Station / Garage,35.83591542,139.7945827
2878,Subway,35.74977976,139.8054672
2879,Café,35.69914175,139.7729588
2880,Fast Food Restaurant,35.70230003,139.7705618
2881,Hobby Shop,35.7015617,139.7703624
2882,Shrine,35.6967457,139.7734925
2883,Steakhouse,35.69651044,139.7711509
2884,Hobby Shop,35.70122844,139.7717598
2885,Electronics Store,35.83438241,139.7912407
2886,Café,35.70042906,139.7726101
2887,Café,35.84387789,139.8013446
2888,Drugstore / Pharmacy,35.84392572,139.8029888
2889,Bakery,35.69806,139.775137
2890,Sushi Restaurant,35.70030055,139.7726583
2891,Ramen /  Noodle House,35.70180459,139.7717849
2892,Video Game Store,35.70204089,139.7704589
2893,Bridge,35.75932885,139.8027635
2894,Toy / Game Store,35.69920492,139.7704268
2895,Bridge,35.69834235,139.7688657
2896,Other Great Outdoors,35.70143754,139.7681201
2897,Hobby Shop,35.70017626,139.7692689
2898,Toy / Game Store,35.69989455,139.7693587
2899,Restaurant,35.70172941,139.7720173
2900,Post Office,35.69760611,139.7687235
2901,Ramen /  Noodle House,35.69967759,139.7694156
2902,Electronics Store,35.69777819,139.7733772
2903,Hobby Shop,35.69891631,139.7708009
2904,Japanese Restaurant,35.69937,139.771078
2905,Japanese Restaurant,35.70065777,139.7728676
2906,Convenience Store,35.69984095,139.770188
2907,Office,35.62679705,139.774375
2908,Office,35.67243767,139.7251007
2909,Café,35.71474755,139.7056694
2910,Fast Food Restaurant,35.69580904,139.7520536
2911,Plaza,35.71322476,139.7047019
2912,Japanese Restaurant,35.65350519,139.5444359
2913,Office,35.66046931,139.7292709
2914,Chinese Restaurant,35.66989186,139.7265418
2915,Ramen /  Noodle House,35.70508092,139.5817488
2916,Bookstore,35.698357,139.772203
2917,Japanese Restaurant,35.701935,139.745723
2918,Subway,35.70222167,139.7451496
2919,Clothing Store,35.704673,139.58117
2920,Electronics Store,35.69946878,139.7690104
2921,Bookstore,35.70304499,139.5798612
2922,Coffee Shop,35.6871651,139.6622318
2923,Subway,35.69051561,139.6669284
2924,Japanese Restaurant,35.68233298,139.6631303
2925,Coffee Shop,35.67764686,139.7627446
2926,Other Great Outdoors,35.67027536,139.6706271
2927,Laundry Service,35.6874396,139.661926
2928,Park,35.69708115,139.6560949
2929,Food & Drink Shop,35.68286457,139.6615344
2930,Food & Drink Shop,35.68732309,139.6622961
2931,Coffee Shop,35.67491648,139.7621548
2932,Café,35.62032603,139.7289973
2933,Scenic Lookout,35.68797769,139.6634375
2934,Train Station,35.66252408,139.66055
2935,Bridge,35.68715639,139.6618737
2936,Office,35.67985792,139.6363601
2937,Train Station,35.62882023,139.7386158
2938,Bar,35.68910343,139.7222617
2939,Gym / Fitness Center,35.67964447,139.7123837
2940,Chinese Restaurant,35.70033484,139.7477367
2941,Bar,35.67359843,139.737024
2942,Gym / Fitness Center,35.6863024,139.6996164
2943,Shrine,35.67788403,139.7096801
2944,Train Station,35.68556303,139.7304285
2945,Bar,35.68099388,139.7708663
2946,Miscellaneous Shop,35.69892002,139.7738168
2947,Chinese Restaurant,35.7035763,139.771715
2948,Bus Station,35.69891052,139.7736121
2949,Library,35.67852023,139.7442806
2950,Donut Shop,35.70046827,139.7712502
2951,Train Station,35.71711631,139.8581187
2952,Road,35.73627386,139.6384272
2953,Subway,35.64603261,139.8269892
2954,Road,35.65356512,139.759891
2955,Food & Drink Shop,35.735895,139.638486
2956,Train Station,35.653781,139.757632
2957,Building,35.65395306,139.7625357
2958,Train Station,35.73781504,139.6535602
2959,Library,35.65989249,139.7501771
2960,Subway,35.7336343,139.7387454
2961,Drugstore / Pharmacy,35.73505,139.638609
2962,Train Station,35.5509988,139.7881768
2963,Bus Station,35.70527969,139.6362573
2964,Theater,35.70588442,139.6540095
2965,Subway,35.73212596,139.7667789
2966,Subway,35.74956422,139.8045927
2967,Garden,35.65468099,139.7585392
2968,Bridge,35.65950936,139.7508112
2969,Fast Food Restaurant,35.73604936,139.6385425
2970,Road,35.70060739,139.7426423
2971,Bar,35.703737,139.735236
2972,Light Rail,35.66284031,139.7599125
2973,Subway,35.74391735,139.6786308
2974,Ramen /  Noodle House,35.62657495,139.7237489
2975,Train Station,35.65859949,139.7020948
2976,Subway,35.74367135,139.6792316
2977,Bus Station,35.7050902,139.665834
2978,Road,35.655217,139.762425
2979,Train Station,35.66696323,139.7583783
2980,Subway,35.67286396,139.7504926
2981,Subway,35.73097634,139.7095621
2982,Shrine,35.70722247,139.637019
2983,Subway,35.70058589,139.764035
2984,Mall,35.70523133,139.6197214
2985,Ramen /  Noodle House,35.706369,139.617624
2986,Ramen /  Noodle House,35.74994154,139.5434516
2987,Ramen /  Noodle House,35.73879475,139.6616149
2988,Ramen /  Noodle House,35.703643,139.6263
2989,Subway,35.74075631,139.6682775
2990,Coffee Shop,35.70682608,139.7602196
2991,Electronics Store,35.69737086,139.7724438
2992,Ramen /  Noodle House,35.708426,139.4960951
2993,Ramen /  Noodle House,35.65870409,139.6832711
2994,Convenience Store,35.65506293,139.6966687
2995,Convenience Store,35.65596462,139.697766
2996,Racetrack,35.66568192,139.4834948
2997,Mall,35.73087618,139.7098035
2998,Road,35.82271971,139.6417665
2999,Ramen /  Noodle House,35.70882545,139.7756141
3000,Ramen /  Noodle House,35.661864,139.660203
3001,Building,35.660091,139.7432311
3002,Sculpture Garden,35.85857004,139.6569049
3003,Building,35.67409819,139.7602539
3004,Train Station,35.71425268,139.7769928
3005,Train Station,35.7125202,139.7761483
3006,Train Station,35.85915698,139.6569425
3007,Government Building,35.86160466,139.6453607
3008,Train Station,35.71360164,139.7761882
3009,Drugstore / Pharmacy,35.85796,139.65381
3010,Bookstore,35.85998991,139.6533372
3011,Department Store,35.8585139,139.6561224
3012,Food & Drink Shop,35.86033518,139.6554995
3013,Dessert Shop,35.85928306,139.6471792
3014,Train Station,35.71451495,139.7778708
3015,Department Store,35.85869178,139.6591151
3016,Food & Drink Shop,35.86389142,139.6497488
3017,Sculpture Garden,35.65866595,139.7460763
3018,Furniture / Home Store,35.85840048,139.6589059
3019,Electronics Store,35.85867439,139.6592867
3020,Coffee Shop,35.85520922,139.6472543
3021,Historic Site,35.65727881,139.7504818
3022,Temple,35.65734445,139.750267
3023,Mall,35.67435318,139.7649858
3024,Subway,35.71245048,139.7759286
3025,Subway,35.67287268,139.7241318
3026,Train Station,35.71435285,139.7772866
3027,Bookstore,35.71245816,139.7763276
3028,Mall,35.71388551,139.7767674
3029,Convenience Store,35.714159,139.776921
3030,Food & Drink Shop,35.7123362,139.7760272
3031,Train Station,35.77747686,139.7209805
3032,Mall,35.6646403,139.7619134
3033,Candy Store,35.70847458,139.7745407
3034,Train Station,35.712101,139.7763571
3035,Subway,35.67478139,139.7513723
3036,Building,35.69994808,139.7733026
3037,Ramen /  Noodle House,35.55421225,139.6468896
3038,University,35.64922791,139.7428858
3039,Convenience Store,35.60325621,139.6844797
3040,Ramen /  Noodle House,35.55396785,139.6447653
3041,Mall,35.55492363,139.5781392
3042,University,35.5556481,139.6540135
3043,Subway,35.54549626,139.5745189
3044,Train Station,35.60712395,139.6224021
3045,University,35.604373,139.683963
3046,Art Gallery,35.75208059,139.5946079
3047,Office,35.75233294,139.5944612
3048,Movie Theater,35.75283375,139.5944899
3049,Fast Food Restaurant,35.6200513,139.5691806
3050,Train Station,35.55133067,139.6751305
3051,Ramen /  Noodle House,35.53107154,139.7007
3052,Ramen /  Noodle House,35.554213,139.646745
3053,Mall,35.55050687,139.5754194
3054,Government Building,35.55334681,139.6468788
3055,Sandwich Place,35.67240203,139.7246146
3056,Coffee Shop,35.68997971,139.6973741
3057,Bar,35.667932,139.726904
3058,Food & Drink Shop,35.68979797,139.7006629
3059,Train Station,35.69612271,139.7925121
3060,Train Station,35.53098642,139.6966258
3061,Miscellaneous Shop,35.67154571,139.7037578
3062,Coffee Shop,35.6913652,139.7011185
3063,Seafood Restaurant,35.69435719,139.698333
3064,Convenience Store,35.67256118,139.7247723
3065,Music Venue,35.658979,139.695539
3066,Movie Theater,35.69191851,139.7056863
3067,Flower Shop,35.63656742,139.6951135
3068,Office,35.58041957,139.7552579
3069,Office,35.58070766,139.7553028
3070,Government Building,35.64137892,139.6981063
3071,Coffee Shop,35.6078916,139.6692525
3072,Arcade,35.58377498,139.7399569
3073,Subway,35.67198367,139.7639573
3074,Coffee Shop,35.70683914,139.6654102
3075,Subway,35.66862803,139.704895
3076,Music Venue,35.69533417,139.7026205
3077,Ramen /  Noodle House,35.71554845,139.7063354
3078,Italian Restaurant,35.69831403,139.7748148
3079,Japanese Restaurant,35.69804829,139.7825275
3080,Ramen /  Noodle House,35.56221538,139.7109705
3081,Bar,35.7064972,139.717429
3082,Pizza Place,35.658746,139.6987082
3083,Beer Garden,35.5310388,139.696945
3084,Train Station,35.76343373,139.6764877
3085,Train Station,35.62765761,139.7386206
3086,Ramen /  Noodle House,35.614762,139.542034
3087,Home (private),35.61928751,139.5432745
3088,Fast Food Restaurant,35.61518016,139.5423967
3089,Video Store,35.61689844,139.5647496
3090,Food & Drink Shop,35.61488368,139.5666647
3091,Train Station,35.61501015,139.542219
3092,Fast Food Restaurant,35.61474578,139.5421283
3093,Asian Restaurant,35.662203,139.670676
3094,Convenience Store,35.61242404,139.5445096
3095,Food & Drink Shop,35.61549858,139.5410872
3096,Music Venue,35.69633182,139.7006974
3097,Train Station,35.67612792,139.6432096
3098,Fast Food Restaurant,35.66114052,139.6677357
3099,Bookstore,35.61631844,139.5646423
3100,Japanese Restaurant,35.61668912,139.5559037
3101,Movie Theater,35.69560428,139.7008798
3102,Video Store,35.70515554,139.6187478
3103,Bus Station,35.67993206,139.7681898
3104,River,35.61051444,139.6256223
3105,Coffee Shop,35.69366838,139.7009671
3106,Smoke Shop,35.68959086,139.7015302
3107,Fast Food Restaurant,35.69355011,139.7026339
3108,Train Station,35.66140312,139.6672556
3109,Food & Drink Shop,35.7875437,139.6078865
3110,Building,35.67248701,139.7246763
3111,Park,35.6253494,139.5188999
3112,Building,35.67882526,139.7631526
3113,Subway,35.6738314,139.7510183
3114,University,35.5613563,139.5750868
3115,Subway,35.5496176,139.6201486
3116,College Academic Building,35.56153673,139.574556
3117,Road,35.68373167,139.7783983
3118,Mobile Phone Shop,35.70083978,139.7721893
3119,Japanese Restaurant,35.69796334,139.772366
3120,Hobby Shop,35.70280105,139.7710061
3121,Subway,35.56099301,139.592595
3122,Fast Food Restaurant,35.55389802,139.5781231
3123,Train Station,35.56185799,139.7143967
3124,Miscellaneous Shop,35.5538762,139.578166
3125,Arcade,35.55604961,139.5797592
3126,Ramen /  Noodle House,35.55589249,139.5797807
3127,University,35.55326153,139.6477922
3128,Dumpling Restaurant,35.53680769,139.6350878
3129,Ramen /  Noodle House,35.66297542,139.6971917
3130,Building,35.6563722,139.6994233
3131,Office,35.62666624,139.7403699
3132,Office,35.6659965,139.7314861
3133,Café,35.6555375,139.7003406
3134,School,35.59789334,139.5571383
3135,Bar,35.665004,139.730789
3136,Ramen /  Noodle House,35.662498,139.7339428
3137,Bridge,35.58532808,139.6688461
3138,Building,35.68370893,139.7692988
3139,Bus Station,35.68295608,139.7663605
3140,College Academic Building,35.71436593,139.7600412
3141,Subway,35.71769351,139.7580135
3142,College Academic Building,35.71135617,139.7600573
3143,Subway,35.69331267,139.699131
3144,Coffee Shop,35.61769212,139.7286916
3145,Office,35.61922799,139.729746
3146,Building,35.6185294,139.7321248
3147,Thai Restaurant,35.61907664,139.7312267
3148,Scenic Lookout,35.55099221,139.7887061
3149,Food & Drink Shop,35.610643,139.744139
3150,Café,35.60972009,139.7489905
3151,Ramen /  Noodle House,35.62667496,139.7379613
3152,Ramen /  Noodle House,35.62654633,139.7380498
3153,Ramen /  Noodle House,35.618573,139.7279835
3154,Food & Drink Shop,35.62031731,139.7292709
3155,Government Building,35.60332619,139.7462815
3156,Korean Restaurant,35.61886954,139.7315991
3157,Food & Drink Shop,35.60830048,139.7434786
3158,Convenience Store,35.67390766,139.7606581
3159,Fast Food Restaurant,35.55020433,139.7882816
3160,Japanese Restaurant,35.62640244,139.7380954
3161,Subway,35.68220662,139.798767
3162,Park,35.67639373,139.8084176
3163,Brewery,35.62289444,139.7472525
3164,Coffee Shop,35.65923584,139.6990854
3165,Convention Center,35.63066241,139.7970235
3166,Other Great Outdoors,35.70135913,139.7402787
3167,Chinese Restaurant,35.6269453,139.7777385
3168,Arcade,35.73546879,139.5248948
3169,Convention Center,35.65579871,139.7004585
3170,General Entertainment,35.70426907,139.751941
3171,Ramen /  Noodle House,35.69955016,139.7749476
3172,Hotel,35.690062,139.694569
3173,Park,35.62436038,139.8880382
3174,Park,35.62360521,139.8871994
3175,Food & Drink Shop,35.73695071,139.7355023
3176,Government Building,35.75127084,139.7092456
3177,Mall,35.75088772,139.7121477
3178,Coffee Shop,35.729612,139.709626
3179,Hotel,35.7037202,139.7535235
3180,Flea Market,35.68086244,139.5399701
3181,Clothing Store,35.69092071,139.7016552
3182,Sporting Goods Shop,35.65704344,139.7019741
3183,Coffee Shop,35.70126329,139.5448959
3184,Coffee Shop,35.65772776,139.7003353
3185,Beer Garden,35.68693854,139.7658885
3186,Coffee Shop,35.68247677,139.7645044
3187,Spa / Massage,35.70719633,139.7536469
3188,Paper / Office Supplies Store,35.658229,139.7012043
3189,Convenience Store,35.70100385,139.7502822
3190,Subway,35.70357209,139.755106
3191,Mall,35.70108251,139.7502056
3192,Subway,35.67513872,139.7598696
3193,Ramen /  Noodle House,35.55236395,139.5785603
3194,College Academic Building,35.55225266,139.6473241
3195,Subway,35.70108904,139.7432131
3196,Road,35.54409952,139.6038508
3197,Train Station,35.55308701,139.6466863
3198,Train Station,35.61552475,139.6987367
3199,Train Station,35.70225434,139.752287
3200,Athletic & Sport,35.67514763,139.7167608
3201,Subway,35.65468099,139.7370172
3202,Train Station,35.56260438,139.6999168
3203,Subway,35.64285897,139.7340345
3204,Train Station,35.60392374,139.6725637
3205,Subway,35.55334375,139.6468306
3206,Subway,35.66558604,139.7390449
3207,Park,35.64299847,139.8603344
3208,Train Station,35.65623465,139.7030215
3209,Bar,35.70305806,139.5625877
3210,Airport,35.55133667,139.7810845
3211,Office,35.62272438,139.7503638
3212,Gym / Fitness Center,35.7044651,139.560957
3213,Ramen /  Noodle House,35.70733518,139.5607156
3214,Office,35.61995973,139.7512329
3215,Government Building,35.56124284,139.7160101
3216,Spiritual Center,35.5791598,139.7114225
3217,Office,35.58667477,139.706921
3218,Park,35.57361798,139.7416735
3219,Train Station,35.65633045,139.7572842
3220,Ramen /  Noodle House,35.56184015,139.7188257
3221,Automotive Shop,35.59144859,139.7089773
3222,Train Station,35.53123905,139.6968172
3223,Video Store,35.60090981,139.5897961
3224,Hobby Shop,35.53094713,139.6947214
3225,Mall,35.53058478,139.6995038
3226,Convenience Store,35.60040385,139.5925158
3227,Subway,35.76993233,139.6440411
3228,Train Station,35.7702385,139.6455803
3229,Japanese Restaurant,35.61683957,139.5661658
3230,Electronics Store,35.69732511,139.7726691
3231,Electronics Store,35.69767363,139.7747505
3232,College Academic Building,35.60953692,139.5547503
3233,Ramen /  Noodle House,35.62036527,139.5616624
3234,Hardware Store,35.69933888,139.7698903
3235,Electronics Store,35.70152467,139.7708774
3236,Electronics Store,35.72981364,139.7142828
3237,Bus Station,35.61795813,139.5650715
3238,Train Station,35.65815055,139.6612501
3239,College Academic Building,35.61094737,139.5535471
3240,Building,35.62411833,139.7289668
3241,Drugstore / Pharmacy,35.602734,139.742167
3242,Fast Food Restaurant,35.605553,139.7423917
3243,Spiritual Center,35.60466084,139.7423011
3244,Light Rail,35.71184183,139.718923
3245,Train Station,35.622285,139.739242
3246,Ramen /  Noodle House,35.60501413,139.7424862
3247,Train Station,35.58787581,139.7354078
3248,Bookstore,35.62766912,139.7384334
3249,Parking,35.59521009,139.7432111
3250,Ramen /  Noodle House,35.63722197,139.7468823
3251,Café,35.60758843,139.7336064
3252,Café,35.62909928,139.7428818
3253,Bridge,35.63703928,139.7466093
3254,Mall,35.628184,139.737987
3255,Plaza,35.62052662,139.5750868
3256,Bridge,35.65222693,139.5117116
3257,Bridge,35.53654796,139.7041386
3258,Airport,35.54951052,139.7826091
3259,Subway,35.70225652,139.7449028
3260,Bar,35.57274968,139.6681005
3261,River,35.62325637,139.571085
3262,Convenience Store,35.570636,139.669687
3263,Bus Station,35.6032678,139.5078951
3264,Train Station,35.69090337,139.6997344
3265,Event Space,35.7003354,139.772594
3266,Medical Center,35.74953171,139.6912215
3267,Bar,35.69504663,139.7927159
3268,Train Station,35.68058822,139.4717697
3269,Ramen /  Noodle House,35.72780391,139.7135103
3270,Subway,35.72013249,139.7147441
3271,University,35.68421096,139.4815207
3272,Furniture / Home Store,35.66090875,139.6998502
3273,Bar,35.68963679,139.7710261
3274,Subway,35.64561139,139.8105419
3275,Coffee Shop,35.68812097,139.700305
3276,Deli / Bodega,35.66606545,139.7300327
3277,Food & Drink Shop,35.66697224,139.6011112
3278,Convenience Store,35.67168952,139.6137911
3279,Food & Drink Shop,35.67056077,139.6090166
3280,Food & Drink Shop,35.66993788,139.615743
3281,Coffee Shop,35.66809326,139.6130581
3282,Convenience Store,35.67025793,139.6163285
3283,Food & Drink Shop,35.66927302,139.6155989
3284,Convenience Store,35.67262864,139.6092474
3285,Convenience Store,35.67200546,139.6171975
3286,Convenience Store,35.67083972,139.623093
3287,Ramen /  Noodle House,35.71055035,139.7044095
3288,Food & Drink Shop,35.70951367,139.6935815
3289,Convenience Store,35.70652346,139.6943756
3290,Convenience Store,35.70705538,139.6920672
3291,Government Building,35.69385726,139.7033393
3292,Japanese Restaurant,35.71221424,139.6995091
3293,Bakery,35.66574294,139.7301507
3294,Food & Drink Shop,35.80139369,139.7830785
3295,Department Store,35.70739671,139.773345
3296,Fast Food Restaurant,35.73280528,139.7158331
3297,Train Station,35.73362829,139.7991586
3298,Playground,35.73651528,139.8126125
3299,Building,35.55471539,139.7873528
3300,Ramen /  Noodle House,35.733312,139.768071
3301,Fast Food Restaurant,35.73263545,139.7679055
3302,Airport,35.55487126,139.7871906
3303,Fast Food Restaurant,35.783216,139.76092
3304,Garden,35.73313786,139.7465122
3305,Subway,35.68891662,139.8155737
3306,Subway,35.68902119,139.8157024
3307,Ramen /  Noodle House,35.69793284,139.7751045
3308,Fast Food Restaurant,35.813774,139.801536
3309,Music Venue,35.66192504,139.7010756
3310,Coffee Shop,35.69637757,139.7753145
3311,Record Shop,35.69183573,139.7031248
3312,Subway,35.72552412,139.763217
3313,Subway,35.67964883,139.77997
3314,Subway,35.67995821,139.7800827
3315,Coffee Shop,35.69061717,139.703201
3316,Café,35.74957788,139.8059218
3317,Ramen /  Noodle House,35.7084552,139.7693861
3318,Fried Chicken Joint,35.69856235,139.7706762
3319,Bookstore,35.69880631,139.7747827
3320,Subway,35.69374399,139.7708827
3321,Subway,35.78350236,139.7218037
3322,Food & Drink Shop,35.53763927,139.7331119
3323,Convenience Store,35.53750176,139.7444442
3324,Food & Drink Shop,35.53844683,139.7446454
3325,Convenience Store,35.5387131,139.7454071
3326,Food & Drink Shop,35.51476231,139.7087252
3327,College Academic Building,35.72860168,139.7095092
3328,Coffee Shop,35.7284129,139.7120427
3329,Coffee Shop,35.7312202,139.7090149
3330,Coffee Shop,35.65560465,139.7359513
3331,Mexican Restaurant,35.65558762,139.735381
3332,Café,35.71045017,139.7041923
3333,Coffee Shop,35.72729069,139.7120976
3334,Coffee Shop,35.66697477,139.7596749
3335,Bookstore,35.63956532,139.6317485
3336,Other Great Outdoors,35.69304691,139.7479928
3337,Food & Drink Shop,35.64317123,139.6464322
3338,Light Rail,35.65389858,139.6465523
3339,Train Station,35.60542518,139.6615038
3340,Sushi Restaurant,35.69901542,139.7746325
3341,Bar,35.69705341,139.7574289
3342,Café,35.6974787,139.7543545
3343,Hotel,35.70577628,139.7567153
3344,Train Station,35.70284461,139.5616221
3345,Chinese Restaurant,35.69357631,139.772021
3346,Government Building,35.69244436,139.758512
3347,Bridge,35.69568705,139.7527805
3348,Food & Drink Shop,35.68218919,139.7679377
3349,Dumpling Restaurant,35.59890338,139.6116507
3350,Japanese Restaurant,35.60045526,139.6115138
3351,Bridge,35.69134885,139.7610498
3352,Bus Station,35.66968704,139.8170596
3353,Ferry,35.64820796,139.7742911
3354,Brazilian Restaurant,35.6994542,139.7749301
3355,Restaurant,35.69760393,139.7547948
3356,Medical Center,35.66916843,139.7462225
3357,Hotel,35.66686735,139.743948
3358,Office,35.66456621,139.7394848
3359,Government Building,35.59944425,139.6079922
3360,Sculpture Garden,35.65436596,139.7568842
3361,Light Rail,35.75283157,139.7381839
3362,Light Rail,35.75090078,139.7526437
3363,Train Station,35.73767353,139.7613502
3364,Light Rail,35.73158599,139.7293407
3365,Light Rail,35.74275918,139.7808874
3366,Food & Drink Shop,35.75292952,139.7388518
3367,Light Rail,35.75009101,139.7649658
3368,Train Station,35.72031541,139.7152805
3369,Light Rail,35.74916804,139.7692144
3370,Train Station,35.74232863,139.7809264
3371,Bar,35.62604271,139.7821426
3372,Indian Restaurant,35.69837611,139.7751568
3373,Train Station,35.56015173,139.7238287
3374,Park,35.66644243,139.7528723
3375,Gym / Fitness Center,35.66136661,139.9004595
3376,Gift Shop,35.63639797,139.8820496
3377,Bus Station,35.63583112,139.8835266
3378,Clothing Store,35.62524475,139.7757053
3379,Clothing Store,35.62522731,139.7755551
3380,Fast Food Restaurant,35.66754286,139.7573215
3381,Movie Theater,35.63393027,139.8863196
3382,Hotel,35.63679035,139.878273
3383,Government Building,35.64140725,139.6476567
3384,Ramen /  Noodle House,35.707893,139.666503
3385,Convenience Store,35.66420883,139.7031784
3386,Light Rail,35.64797138,139.6449644
3387,Hardware Store,35.64335944,139.5707043
3388,Clothing Store,35.66277889,139.7023483
3389,Asian Restaurant,35.645546,139.715894
3390,Sushi Restaurant,35.647678,139.710587
3391,Subway,35.67497313,139.7770786
3392,Train Station,35.62885075,139.7379935
3393,Coffee Shop,35.694026,139.6927488
3394,Bus Station,35.6485368,139.720333
3395,Ramen /  Noodle House,35.64831249,139.7111177
3396,Subway,35.6957,139.752045
3397,Hobby Shop,35.70132874,139.7723241
3398,Medical Center,35.69836195,139.7722828
3399,Shop & Service,35.70133299,139.7713065
3400,Bank,35.57183115,139.6863391
3401,Coffee Shop,35.53091657,139.6976638
3402,Office,35.65390512,139.6940374
3403,Government Building,35.63787905,139.7043978
3404,Ramen /  Noodle House,35.63413736,139.7071427
3405,Government Building,35.58911474,139.6773568
3406,Ramen /  Noodle House,35.70658622,139.7606832
3407,University,35.71294164,139.759647
3408,Subway,35.66505597,139.7124581
3409,Food & Drink Shop,35.5703542,139.680047
3410,Fast Food Restaurant,35.571058,139.685889
3411,Furniture / Home Store,35.56912807,139.6953624
3412,Sushi Restaurant,35.53126581,139.6948957
3413,Train Station,35.62841908,139.739871
3414,Home (private),35.69673304,139.55346
3415,Train Station,35.70271828,139.5616597
3416,Food & Drink Shop,35.70483537,139.5602328
3417,Train Station,35.7060475,139.6659637
3418,Train Station,35.70260284,139.5608979
3419,Food & Drink Shop,35.70818513,139.5578778
3420,Gym / Fitness Center,35.57362888,139.6621272
3421,Bookstore,35.54947684,139.694134
3422,Train Station,35.61894349,139.7286026
3423,Bus Station,35.57332761,139.6627993
3424,Playground,35.56707283,139.6583319
3425,Mall,35.56537974,139.652034
3426,Travel & Transport,35.56497391,139.6557462
3427,Bridge,35.61010388,139.6249437
3428,Bridge,35.58065122,139.6704769
3429,Bus Station,35.69587874,139.8142165
3430,Mall,35.67971419,139.8313022
3431,Train Station,35.57325035,139.6669876
3432,Mall,35.68085148,139.7664356
3433,Train Station,35.68148818,139.7652597
3434,Train Station,35.68145715,139.7664356
3435,Park,35.62640462,139.8877144
3436,Park,35.71676799,139.5185841
3437,Beer Garden,35.67343039,139.7567352
3438,Bar,35.646347,139.66987
3439,Coffee Shop,35.70376802,139.5805811
3440,Train Station,35.55137977,139.6717215
3441,Library,35.76513641,139.7287174
3442,Bridge,35.5515107,139.6705198
3443,Furniture / Home Store,35.535961,139.6753381
3444,Ramen /  Noodle House,35.765378,139.726925
3445,Coffee Shop,35.76598013,139.7280975
3446,Chinese Restaurant,35.76543114,139.7272693
3447,Food & Drink Shop,35.53601539,139.6759808
3448,Convenience Store,35.76407498,139.728685
3449,Bike Shop,35.70837352,139.7755055
3450,Bike Shop,35.705877,139.7733443
3451,Bike Shop,35.70572078,139.7724988
3452,Convenience Store,35.55144087,139.6719441
3453,Food & Drink Shop,35.53586261,139.6671939
3454,Bridge,35.5423361,139.6736741
3455,Bridge,35.6770522,139.755934
3456,Bike Shop,35.70532593,139.7722933
3457,Food & Drink Shop,35.5244116,139.6460044
3458,Mall,35.69732076,139.8126608
3459,Coffee Shop,35.69703758,139.8134065
3460,Department Store,35.69493771,139.8136961
3461,Coffee Shop,35.6951904,139.8139215
3462,Train Station,35.63590095,139.8786539
3463,Park,35.63100904,139.8820791
3464,Park,35.63203802,139.8808372
3465,Park,35.63063407,139.8799467
3466,Clothing Store,35.69511198,139.8134869
3467,Bakery,35.69103408,139.6994984
3468,Arts & Crafts Store,35.68770714,139.7021409
3469,Subway,35.68536126,139.7742891
3470,Government Building,35.70921312,139.6651903
3471,Clothing Store,35.69220388,139.7022705
3472,Furniture / Home Store,35.65874768,139.5867276
3473,Medical Center,35.70228913,139.699925
3474,Coffee Shop,35.69108636,139.7356439
3475,Coffee Shop,35.66458364,139.7394419
3476,Sandwich Place,35.68698098,139.729714
3477,Coffee Shop,35.72992583,139.7126861
3478,Japanese Restaurant,35.69877581,139.7709954
3479,Office,35.69917443,139.772559
3480,Convenience Store,35.69807007,139.7726583
3481,Food & Drink Shop,35.73173869,139.7594853
3482,Fast Food Restaurant,35.73818398,139.7603288
3483,Fast Food Restaurant,35.603227,139.5079662
3484,Ramen /  Noodle House,35.7845842,139.810793
3485,Train Station,35.7848427,139.8218608
3486,Department Store,35.60311684,139.5088685
3487,Fast Food Restaurant,35.68928478,139.6982217
3488,Bookstore,35.72993104,139.7153992
3489,Bowling Alley,35.73003573,139.7151196
3490,Train Station,35.73013574,139.7114442
3491,Ramen /  Noodle House,35.70052708,139.7727978
3492,Bar,35.69874038,139.7729931
3493,Hobby Shop,35.7295497,139.715352
3494,Fast Food Restaurant,35.72900332,139.71941
3495,Food & Drink Shop,35.72890876,139.7047119
3496,Food & Drink Shop,35.726897,139.693528
3497,Subway,35.73250917,139.6705627
3498,Hobby Shop,35.69832601,139.7717799
3499,Hobby Shop,35.70134606,139.7712797
3500,Arcade,35.73732083,139.6725234
3501,Japanese Restaurant,35.67380018,139.7707865
3502,Arcade,35.78830224,139.6115783
3503,Park,35.75044801,139.7388732
3504,Fast Food Restaurant,35.66264854,139.7091812
3505,Café,35.66158334,139.7029267
3506,Fast Food Restaurant,35.74566762,139.7205162
3507,Café,35.75395476,139.7370413
3508,Bike Shop,35.729357,139.7169
3509,Clothing Store,35.72899494,139.713462
3510,Record Shop,35.7316905,139.7123623
3511,Bike Shop,35.67119999,139.7412252
3512,Scenic Lookout,35.71009904,139.8107023
3513,Park,35.70776043,139.7046429
3514,Building,35.67853081,139.7805919
3515,Community College,35.69825849,139.7545373
3516,Train Station,35.71365596,139.7771001
3517,Café,35.67878253,139.779843
3518,Burger Joint,35.62815747,139.7752762
3519,Mall,35.66430035,139.7824538
3520,Theater,35.6574706,139.7612241
3521,Office,35.66701989,139.7786933
3522,Building,35.67863259,139.7803622
3523,Government Building,35.67953117,139.7819281
3524,Theater,35.65664244,139.7619832
3525,Music Venue,35.65687781,139.7620583
3526,Playground,35.64712678,139.7501895
3527,Historic Site,35.64995588,139.7483495
3528,Park,35.67911089,139.7831783
3529,Convenience Store,35.67716522,139.7855851
3530,Shrine,35.68821057,139.7795584
3531,Temple,35.66644461,139.7723097
3532,Chinese Restaurant,35.69578072,139.7744715
3533,Coffee Shop,35.69591141,139.7750294
3534,Subway,35.669066,139.679844
3535,Subway,35.736079,139.747211
3536,Medical Center,35.60058268,139.5488119
3537,Subway,35.70970533,139.7532392
3538,Subway,35.70850747,139.7525096
3539,Train Station,35.68122186,139.7683346
3540,College Academic Building,35.70474,139.718091
3541,University,35.705951,139.717834
3542,Japanese Restaurant,35.70663,139.719079
3543,College Academic Building,35.70526662,139.7187781
3544,College Academic Building,35.70553738,139.7186312
3545,College Academic Building,35.70510544,139.7183168
3546,Japanese Restaurant,35.70651696,139.7189554
3547,Student Center,35.70605942,139.7165465
3548,School,35.73030769,139.7198133
3549,Food & Drink Shop,35.62895156,139.7407821
3550,Movie Theater,35.62765821,139.7366846
3551,University,35.70905631,139.7195023
3552,College Academic Building,35.7099057,139.7180486
3553,College Academic Building,35.71024109,139.7184885
3554,Ramen /  Noodle House,35.71388681,139.7044417
3555,Arcade,35.76542951,139.8479909
3556,Train Station,35.74933348,139.8051023
3557,Electronics Store,35.70008922,139.7701575
3558,Office,35.66303643,139.7612911
3559,Train Station,35.68180597,139.7672022
3560,Electronics Store,35.69880413,139.7704321
3561,Subway,35.63919693,139.7402358
3562,Subway,35.58686371,139.7059357
3563,Subway,35.696019,139.775227
3564,Train Station,35.69024984,139.7007108
3565,Ramen /  Noodle House,35.69937482,139.7650248
3566,Ramen /  Noodle House,35.6966137,139.7616215
3567,Train Station,35.69946114,139.7657146
3568,Train Station,35.71166954,139.7756441
3569,Convenience Store,35.70027877,139.7740316
3570,Train Station,35.70721158,139.7747236
3571,Train Station,35.68156827,139.7665778
3572,Miscellaneous Shop,35.6994498,139.7628052
3573,Indian Restaurant,35.69824624,139.7720495
3574,University,35.71932241,139.7075343
3575,Convenience Store,35.70054015,139.7746861
3576,Train Station,35.68131772,139.7666126
3577,Convenience Store,35.70612694,139.7697562
3578,Video Store,35.70936775,139.7728649
3579,Indian Restaurant,35.7031095,139.771816
3580,Medical Center,35.69732511,139.7725511
3581,Train Station,35.84793615,139.6688641
3582,Train Station,35.8590855,139.6573979
3583,Mall,35.7116422,139.7745407
3584,Train Station,35.68135694,139.7665215
3585,Train Station,35.69214931,139.771096
3586,Train Station,35.77728103,139.7212399
3587,Train Station,35.69078553,139.7001643
3588,Train Station,35.698545,139.773275
3589,Japanese Restaurant,35.67110724,139.7207161
3590,Ramen /  Noodle House,35.66398219,139.6784914
3591,Coffee Shop,35.6700226,139.7174022
3592,Ramen /  Noodle House,35.69541694,139.7031677
3593,Train Station,35.72614905,139.5132297
3594,Scenic Lookout,35.66030005,139.7296303
3595,College Academic Building,35.70903017,139.7189766
3596,Bus Station,35.86602997,139.6618326
3597,Department Store,35.85921567,139.6561553
3598,Train Station,35.67058042,139.608947
3599,Government Building,35.67388696,139.6079016
3600,Ramen /  Noodle House,35.671605,139.6079944
3601,Fast Food Restaurant,35.66919022,139.6135899
3602,Dumpling Restaurant,35.7760289,139.722204
3603,Fast Food Restaurant,35.72771028,139.7080815
3604,Ramen /  Noodle House,35.66716153,139.6023166
3605,Train Station,35.69103403,139.6977809
3606,Neighborhood,35.65942588,139.7005233
3607,Sushi Restaurant,35.67341305,139.6058679
3608,Bar,35.66245677,139.6953678
3609,Ramen /  Noodle House,35.65129465,139.6898881
3610,Playground,35.64205246,139.6778315
3611,Restaurant,35.64255,139.67097
3612,Italian Restaurant,35.64209917,139.6730554
3613,Electronics Store,35.68902909,139.698105
3614,Fast Food Restaurant,35.68869333,139.6984255
3615,Hobby Shop,35.69853076,139.7699528
3616,Hobby Shop,35.69949898,139.7709914
3617,Coffee Shop,35.69927898,139.7745949
3618,Government Building,35.68018479,139.7287774
3619,Event Space,35.691334,139.752665
3620,Bookstore,35.66138895,139.6975565
3621,Miscellaneous Shop,35.65273773,139.5437693
3622,Shrine,35.66750364,139.4789672
3623,Toy / Game Store,35.67153394,139.481011
3624,Japanese Restaurant,35.69131291,139.7102004
3625,Medical Center,35.64441965,139.5662677
3626,Bookstore,35.53157358,139.7000965
3627,Japanese Restaurant,35.69857106,139.7764429
3628,Convenience Store,35.63029398,139.7953391
3629,Convenience Store,35.62956146,139.7933972
3630,Bookstore,35.68890573,139.6985248
3631,Subway,35.67269836,139.7240674
3632,Convenience Store,35.63173718,139.7913104
3633,Hotel,35.63253507,139.7930646
3634,Hotel,35.63226038,139.7895563
3635,Restaurant,35.70303312,139.7696383
3636,Ramen /  Noodle House,35.70027047,139.7705019
3637,Bookstore,35.70951803,139.6656597
3638,Hobby Shop,35.70343487,139.5770583
3639,Subway,35.66552067,139.7594672
3640,Bus Station,35.689975,139.698249
3641,Train Station,35.68129593,139.7681361
3642,Drugstore / Pharmacy,35.69852314,139.7710302
3643,Food & Drink Shop,35.71590343,139.7921553
3644,Government Building,35.73246473,139.7152795
3645,Sporting Goods Shop,35.70678143,139.7750938
3646,Bus Station,35.66268014,139.7310828
3647,Café,35.65587327,139.6953827
3648,Government Building,35.61558798,139.5770046
3649,Government Building,35.6153961,139.5770945
3650,Scenic Lookout,35.61494535,139.5769387
3651,Convenience Store,35.61508865,139.5792603
3652,Government Building,35.6152064,139.5791048
3653,Café,35.66096305,139.751415
3654,Train Station,35.65524018,139.7570596
3655,Ramen /  Noodle House,35.69053957,139.7027788
3656,Government Building,35.61563377,139.5655462
3657,Medical Center,35.61457066,139.5718785
3658,Drugstore / Pharmacy,35.61263622,139.5727741
3659,Convenience Store,35.6124851,139.5714068
3660,Government Building,35.62057677,139.5699236
3661,Bus Station,35.62023713,139.5700327
3662,Chinese Restaurant,35.61682915,139.5719034
3663,Government Building,35.61436472,139.5788258
3664,Fast Food Restaurant,35.5750142,139.6591741
3665,Sporting Goods Shop,35.61180476,139.6281302
3666,Art Museum,35.61005155,139.5734668
3667,Light Rail,35.54291227,139.7874641
3668,Theater,35.62343079,139.7512275
3669,Subway,35.65495996,139.7436476
3670,Convenience Store,35.61491312,139.5770194
3671,Government Building,35.61224087,139.5717663
3672,Ramen /  Noodle House,35.633576,139.5345759
3673,Bookstore,35.6208951,139.5697251
3674,Train Station,35.60333335,139.5074279
3675,Clothing Store,35.69083788,139.7016403
3676,Park,35.62523167,139.6591902
3677,Other Great Outdoors,35.60797864,139.6240686
3678,Office,35.67866839,139.7870564
3679,Office,35.6827295,139.7788489
3680,Subway,35.68542226,139.7632384
3681,Park,35.66071017,139.7509758
3682,Car Dealership,35.65431485,139.7366095
3683,Bridge,35.65236206,139.4879794
3684,Concert Hall,35.67167862,139.7557068
3685,Park,35.60833319,139.5609999
3686,Light Rail,35.57074472,139.7499146
3687,Light Rail,35.55509384,139.753325
3688,Pizza Place,35.61807151,139.5699397
3689,Ramen /  Noodle House,35.69642767,139.6984524
3690,Subway,35.69604865,139.7512382
3691,Temple,35.67290318,139.7983056
3692,Moving Target,35.672005,139.797785
3693,Bridge,35.62095364,139.6308316
3694,Train Station,35.66577562,139.7582683
3695,Government Building,35.61463729,139.5661819
3696,Government Building,35.61444758,139.5662141
3697,Government Building,35.61444431,139.5663831
3698,Government Building,35.61396133,139.5673326
3699,Food & Drink Shop,35.61947568,139.5640576
3700,Bridge,35.62340462,139.5709723
3701,Athletic & Sport,35.6255179,139.5720527
3702,Government Building,35.62047012,139.570311
3703,Bar,35.71944,139.6531418
3704,Ramen /  Noodle House,35.68862688,139.7127512
3705,Japanese Restaurant,35.703629,139.647352
3706,Comedy Club,35.68962245,139.7002387
3707,Gym / Fitness Center,35.70510327,139.666298
3708,Bar,35.70749267,139.6611998
3709,Asian Restaurant,35.64884431,139.6362385
3710,Arcade,35.59997912,139.6123394
3711,Food & Drink Shop,35.60439915,139.5989156
3712,Food & Drink Shop,35.60151222,139.6066618
3713,Bowling Alley,35.60261088,139.6194398
3714,Arcade,35.70012476,139.7753695
3715,Japanese Restaurant,35.6946016,139.7795484
3716,Café,35.693128,139.777862
3717,Bar,35.71043275,139.7753379
3718,Bridge,35.678968,139.789108
3719,Train Station,35.80785559,139.8450378
3720,Subway,35.64430194,139.6991578
3721,Dumpling Restaurant,35.64720961,139.6944022
3722,Ramen /  Noodle House,35.70833214,139.6662296
3723,Electronics Store,35.698057,139.7722936
3724,Coffee Shop,35.66016312,139.6974733
3725,Movie Theater,35.77465904,139.7858441
3726,Fried Chicken Joint,35.60307573,139.6719191
3727,Gas Station / Garage,35.566902,139.696454
3728,Food & Drink Shop,35.58231365,139.7001843
3729,Ramen /  Noodle House,35.562292,139.714997
3730,Road,35.67256545,139.4846642
3731,Gym / Fitness Center,35.64762809,139.8190391
3732,History Museum,35.6789442,139.5260084
3733,Bus Station,35.62869814,139.7412604
3734,Museum,35.67299293,139.4929325
3735,Art Museum,35.69612271,139.5705056
3736,General Entertainment,35.67542633,139.7628951
3737,Miscellaneous Shop,35.67058914,139.4900769
3738,Train Station,35.60496809,139.7029317
3739,Convenience Store,35.62949565,139.755531
3740,Subway,35.69085544,139.7359228
3741,Ramen /  Noodle House,35.62398675,139.7430709
3742,Electronics Store,35.67440226,139.4731361
3743,Train Station,35.65633297,139.4887573
3744,Furniture / Home Store,35.67549605,139.4724119
3745,Food & Drink Shop,35.70043559,139.5049363
3746,Park,35.67633293,139.7860195
3747,Bus Station,35.64966382,139.8013526
3748,Convenience Store,35.67382125,139.7827639
3749,Other Great Outdoors,35.60716365,139.6689538
3750,Furniture / Home Store,35.5330644,139.6969664
3751,Gym / Fitness Center,35.6013111,139.6105886
3752,Laundry Service,35.60443108,139.5992794
3753,Ramen /  Noodle House,35.53200629,139.6958813
3754,Electronics Store,35.53096022,139.7010192
3755,Restaurant,35.69728373,139.7737715
3756,Fast Food Restaurant,35.73110698,139.7143042
3757,Road,35.56020859,139.6534932
3758,Bridge,35.58100189,139.6706613
3759,Record Shop,35.52802214,139.6980929
3760,Restaurant,35.56529246,139.6536756
3761,Train Station,35.72797157,139.7712475
3762,Food & Drink Shop,35.55835555,139.6285905
3763,Train Station,35.53668819,139.7408581
3764,Bus Station,35.61169137,139.6288329
3765,Fast Food Restaurant,35.66284141,139.5841939
3766,Home (private),35.65913065,139.5738364
3767,Taxi,35.662199,139.585212
3768,Ramen /  Noodle House,35.71253656,139.7752869
3769,Government Building,35.69727283,139.7717947
3770,Building,35.758772,139.816619
3771,Office,35.68726967,139.7001582
3772,Other Great Outdoors,35.7439783,139.6478927
3773,Diner,35.73622789,139.6525785
3774,Fast Food Restaurant,35.7370857,139.6540779
3775,Diner,35.73727184,139.6530399
3776,Spa / Massage,35.61548114,139.7775024
3777,Art Gallery,35.70426907,139.7707164
3778,Fast Food Restaurant,35.72971783,139.7142184
3779,Café,35.69272451,139.7036719
3780,Fast Food Restaurant,35.73795874,139.6539652
3781,Candy Store,35.68055082,139.7684097
3782,Theater,35.6611841,139.6958613
3783,Spa / Massage,35.77156359,139.6364946
3784,Coffee Shop,35.6604388,139.7292253
3785,Restaurant,35.73049733,139.7156373
3786,Temple,35.73556798,139.7354823
3787,Indian Restaurant,35.69515017,139.6880789
3788,Gym / Fitness Center,35.69527317,139.6974224
3789,Asian Restaurant,35.68209333,139.6819997
3790,Indian Restaurant,35.69534506,139.6905452
3791,Chinese Restaurant,35.69327891,139.6995306
3792,Gym / Fitness Center,35.70697854,139.7054368
3793,Indian Restaurant,35.69377231,139.6980782
3794,Hotel,35.69071167,139.6911192
3795,Japanese Restaurant,35.695832,139.698202
3796,Ramen /  Noodle House,35.68941753,139.6970929
3797,Japanese Restaurant,35.68260367,139.6874458
3798,Diner,35.6823722,139.6886408
3799,Bar,35.7121402,139.7032616
3800,Café,35.65603004,139.6978703
3801,Toy / Game Store,35.69770848,139.7716123
3802,Café,35.63412646,139.7136122
3803,Coffee Shop,35.66303047,139.7011017
3804,Video Store,35.64696113,139.7468582
3805,Temple,35.65678628,139.748202
3806,Music Venue,35.732272,139.706619
3807,Bookstore,35.63422587,139.7161034
3808,Subway,35.63168267,139.7302982
3809,Music Venue,35.65873242,139.6955663
3810,Road,35.69556071,139.7753191
3811,Road,35.6954964,139.75143
3812,Park,35.68383189,139.7445917
3813,Road,35.65933173,139.777654
3814,Road,35.67507771,139.7961384
3815,Bridge,35.67619328,139.8158741
3816,Office,35.6746186,139.7773266
3817,Building,35.62100255,139.7465794
3818,Bridge,35.64364803,139.7443289
3819,Bridge,35.76329879,139.7605562
3820,Bridge,35.75519329,139.7426391
3821,Bridge,35.68974973,139.7642621
3822,Moving Target,35.684854,139.700258
3823,Shrine,35.65505071,139.7495086
3824,Café,35.572459,139.684498
3825,Building,35.51676128,139.7392493
3826,Food & Drink Shop,35.53315171,139.6963334
3827,Mall,35.54877414,139.577812
3828,Coffee Shop,35.67218849,139.7674938
3829,Office,35.7091067,139.7377175
3830,Bookstore,35.66763095,139.6320468
3831,Bookstore,35.66620544,139.641343
3832,Subway,35.75849305,139.628849
3833,Subway,35.69746452,139.6690232
3834,Medical Center,35.66359914,139.7512543
3835,Office,35.63147121,139.7141111
3836,Bookstore,35.69358279,139.7007376
3837,Video Store,35.81934866,139.705115
3838,Ramen /  Noodle House,35.70327587,139.7554278
3839,Mall,35.8333141,139.7068612
3840,Bookstore,35.83312336,139.706955
3841,Japanese Restaurant,35.69879755,139.774162
3842,Subway,35.75441839,139.7373256
3843,Diner,35.70330636,139.7519785
3844,Department Store,35.80304384,139.7185957
3845,Electronics Store,35.811978,139.724902
3846,Historic Site,35.5367508,139.6339594
3847,Bar,35.66142254,139.701012
3848,Hobby Shop,35.803418,139.7179171
3849,Convenience Store,35.81065723,139.7173351
3850,Record Shop,35.83358322,139.7068014
3851,Mall,35.80102073,139.7273397
3852,Miscellaneous Shop,35.80102508,139.7274095
3853,Event Space,35.65404163,139.6937474
3854,Train Station,35.64613723,139.8274183
3855,Office,35.60994904,139.7474027
3856,Mall,35.80503524,139.6979654
3857,Hotel,35.65546667,139.7470728
3858,Bar,35.52998487,139.6995539
3859,Bar,35.71033723,139.7753545
3860,Ramen /  Noodle House,35.65752405,139.7039141
3861,Coffee Shop,35.7077186,139.7758038
3862,Community College,35.72814643,139.7109754
3863,Japanese Restaurant,35.72304381,139.6626897
3864,Art Gallery,35.69829011,139.7724289
3865,Ramen /  Noodle House,35.72292193,139.65376
3866,Train Station,35.69017142,139.6991658
3867,Food & Drink Shop,35.71940516,139.6649376
3868,Ramen /  Noodle House,35.6979,139.772406
3869,Café,35.68915327,139.6981
3870,Subway,35.70734444,139.760052
3871,Convention Center,35.63112458,139.7978738
3872,Bus Station,35.63010649,139.7930485
3873,Coffee Shop,35.69141857,139.7099
3874,Subway,35.69553021,139.7520268
3875,Shrine,35.67472909,139.7395384
3876,Ramen /  Noodle House,35.68945151,139.6977012
3877,Video Store,35.73799971,139.7610026
3878,Japanese Restaurant,35.70168203,139.7716102
3879,Fast Food Restaurant,35.70826845,139.7738667
3880,Bus Station,35.72963509,139.7131884
3881,Subway,35.69295978,139.7363949
3882,Other Great Outdoors,35.76902767,139.8838117
3883,Office,35.66299721,139.7613287
3884,Convenience Store,35.66275314,139.7605991
3885,Fast Food Restaurant,35.66030369,139.6984255
3886,Train Station,35.69874866,139.7729881
3887,Movie Theater,35.76510097,139.8519896
3888,Electronics Store,35.7009235,139.770357
3889,Toy / Game Store,35.70043559,139.7702444
3890,Bridge,35.5363297,139.7082746
3891,Bridge,35.54319162,139.7412443
3892,Temple,35.53858215,139.7358477
3893,Food & Drink Shop,35.65870483,139.4791311
3894,Mall,35.65788683,139.4798166
3895,General College & University,35.65556855,139.5437077
3896,Train Station,35.61192078,139.6388057
3897,Department Store,35.56208833,139.715207
3898,Diner,35.65682551,139.5680219
3899,General College & University,35.60651448,139.7488028
3900,Train Station,35.5726166,139.7321677
3901,Hobby Shop,35.529895,139.697101
3902,Concert Hall,35.53095149,139.694767
3903,Hobby Shop,35.70135477,139.7761238
3904,Electronics Store,35.69933779,139.7694933
3905,Hobby Shop,35.70313647,139.7714943
3906,University,35.74800996,139.8066044
3907,Electronics Store,35.70051711,139.7708514
3908,Department Store,35.61759413,139.6288644
3909,Plaza,35.63113112,139.7957361
3910,Convention Center,35.63239555,139.7974527
3911,Train Station,35.53473417,139.7480021
3912,Train Station,35.54088692,139.7077864
3913,Mall,35.56257352,139.7149902
3914,Bike Shop,35.69126935,139.7077221
3915,Bookstore,35.70125563,139.7708249
3916,Bridge,35.624261,139.739184
3917,Road,35.64686959,139.8504639
3918,Sushi Restaurant,35.532158,139.70607
3919,College Academic Building,35.65760027,139.5427984
3920,College Academic Building,35.65679936,139.5404112
3921,College Academic Building,35.6577757,139.5444077
3922,College Academic Building,35.6565945,139.5440939
3923,Shrine,35.67139186,139.7058938
3924,Science Museum,35.61931161,139.7764617
3925,Government Building,35.68961809,139.7616559
3926,Miscellaneous Shop,35.68621755,139.7660241
3927,Train Station,35.72837221,139.7111231
3928,Convenience Store,35.68834619,139.7628894
3929,Coffee Shop,35.73078316,139.7154323
3930,Medical Center,35.8043447,139.8043728
3931,Bus Station,35.66443521,139.8589986
3932,Bus Station,35.71654804,139.8587358
3933,Hobby Shop,35.663248,139.858942
3934,Café,35.69956432,139.7709954
3935,Medical Center,35.80417067,139.8044157
3936,Bus Station,35.80517098,139.8051076
3937,Road,35.67238024,139.7948563
3938,Mobile Phone Shop,35.69739482,139.7736454
3939,Bridge,35.77868914,139.8031282
3940,Café,35.6994346,139.7748353
3941,Post Office,35.66232601,139.8557961
3942,Bus Station,35.73275145,139.881671
3943,Bus Station,35.65879482,139.855689
3944,Bus Station,35.68403668,139.8640466
3945,Sandwich Place,35.6810284,139.7769521
3946,Ramen /  Noodle House,35.735139,139.861201
3947,Bar,35.679207,139.780868
3948,Ramen /  Noodle House,35.74257087,139.7970316
3949,Medical Center,35.7521663,139.8580737
3950,Ramen /  Noodle House,35.65771242,139.6965245
3951,Ramen /  Noodle House,35.62536139,139.7238958
3952,Miscellaneous Shop,35.65975015,139.7008878
3953,Food,35.70447647,139.66556
3954,Chinese Restaurant,35.67575098,139.7646815
3955,American Restaurant,35.55382067,139.6455953
3956,Ramen /  Noodle House,35.612501,139.638909
3957,Food & Drink Shop,35.66375992,139.7105223
3958,University,35.65885664,139.751603
3959,Department Store,35.67375731,139.765124
3960,Bus Station,35.53016787,139.6979186
3961,Home (private),35.51455672,139.7166685
3962,Subway,35.73841974,139.6891578
3963,Ramen /  Noodle House,35.69439313,139.7020841
3964,Diner,35.69854453,139.7715914
3965,Clothing Store,35.69855859,139.7724788
3966,Hobby Shop,35.70074054,139.7719288
3967,Video Store,35.69786314,139.7714889
3968,Event Space,35.69947469,139.5869808
3969,Café,35.69866429,139.7722742
3970,Coffee Shop,35.6623895,139.6987283
3971,Arcade,35.70899146,139.774321
3972,Arcade,35.84575206,139.6257377
3973,BBQ Joint,35.69844908,139.7762485
3974,Arcade,35.71002548,139.7743347
3975,Train Station,35.55303825,139.6467447
3976,Arcade,35.55413806,139.6464899
3977,Toy / Game Store,35.71134746,139.7753084
3978,Arcade,35.62445333,139.7230214
3979,Bridge,35.69589181,139.7854364
3980,Japanese Restaurant,35.65824113,139.7031112
3981,Beer Garden,35.71035326,139.8120841
3982,Bridge,35.71006686,139.7989601
3983,Fried Chicken Joint,35.71263646,139.7924664
3984,Department Store,35.71138496,139.7978202
3985,Arcade,35.65120693,139.5443219
3986,Arcade,35.65163411,139.5457059
3987,Japanese Restaurant,35.71363528,139.7941388
3988,Ramen /  Noodle House,35.70612301,139.7721943
3989,Subway,35.77656531,139.6314991
3990,Train Station,35.69771284,139.8273164
3991,Arcade,35.69544744,139.8168316
3992,Arcade,35.73432065,139.8834872
3993,Japanese Restaurant,35.69845344,139.7758529
3994,Arcade,35.69842076,139.7767782
3995,Historic Site,35.57592983,139.6633375
3996,Bar,35.69293908,139.6996392
3997,Arcade,35.66433442,139.8721829
3998,Road,35.75894578,139.5985079
3999,Convenience Store,35.56294008,139.7260086
4000,Road,35.62899464,139.7394305
4001,Convenience Store,35.62974677,139.741601
4002,Scenic Lookout,35.54876076,139.7840571
4003,General Entertainment,35.56170419,139.7243724
4004,Fast Food Restaurant,35.572081,139.731343
4005,Video Store,35.57217433,139.7315759
4006,Coffee Shop,35.62869814,139.7396564
4007,Gym / Fitness Center,35.68783609,139.7307515
4008,Park,35.69706563,139.7419188
4009,Mall,35.68614119,139.7301561
4010,College Academic Building,35.65675577,139.5421386
4011,Ramen /  Noodle House,35.64842147,139.5432651
4012,Ramen /  Noodle House,35.65163193,139.5462558
4013,Japanese Restaurant,35.65328942,139.5427153
4014,Italian Restaurant,35.64998639,139.5435441
4015,Ramen /  Noodle House,35.65246886,139.5452178
4016,Office,35.72989638,139.7474241
4017,Government Building,35.65059666,139.5408028
4018,Ramen /  Noodle House,35.648679,139.5430191
4019,Government Building,35.65311876,139.5623862
4020,Japanese Restaurant,35.65339077,139.5430318
4021,Donut Shop,35.65313795,139.543705
4022,Fast Food Restaurant,35.65584915,139.5429218
4023,Building,35.6355805,139.6157384
4024,Japanese Restaurant,35.65293526,139.5441797
4025,College Academic Building,35.65693883,139.5418757
4026,Deli / Bodega,35.65461561,139.5426911
4027,Italian Restaurant,35.65029589,139.5432168
4028,Ramen /  Noodle House,35.65173655,139.5462839
4029,Ramen /  Noodle House,35.65314667,139.5423532
4030,Medical Center,35.67494916,139.7643971
4031,Bar,35.70073162,139.7535011
4032,Other Great Outdoors,35.64133297,139.5362009
4033,Ramen /  Noodle House,35.66179919,139.5839623
4034,Ramen /  Noodle House,35.65887408,139.697873
4035,Chinese Restaurant,35.65904624,139.6992114
4036,Bookstore,35.704617,139.580224
4037,Hobby Shop,35.66125541,139.697776
4038,Ramen /  Noodle House,35.65880979,139.697122
4039,Furniture / Home Store,35.61507775,139.6277547
4040,College Academic Building,35.60884987,139.7414447
4041,College Academic Building,35.62046557,139.7391844
4042,Miscellaneous Shop,35.56142613,139.7225976
4043,Aquarium,35.58854163,139.7373826
4044,Hotel,35.64156856,139.7153288
4045,Bike Shop,35.64232711,139.8044586
4046,Government Building,35.70818882,139.7521287
4047,University,35.70030926,139.7561735
4048,Bridge,35.68752238,139.7921848
4049,High School,35.64405346,139.7472203
4050,Other Great Outdoors,35.69707679,139.7972381
4051,Ramen /  Noodle House,35.61823702,139.7418339
4052,Ramen /  Noodle House,35.659913,139.7022685
4053,Wings Joint,35.69635796,139.7759172
4054,Train Station,35.77256992,139.7976458
4055,Convenience Store,35.64679548,139.7465953
4056,Food & Drink Shop,35.770216,139.746839
4057,Rest Area,35.80072052,139.6192789
4058,Restaurant,35.62856733,139.7420222
4059,Bank,35.64653828,139.7474885
4060,Park,35.65621625,139.4791162
4061,Bridge,35.67605384,139.8087609
4062,Medical Center,35.56283,139.568453
4063,School,35.56082125,139.5689929
4064,School,35.56253019,139.5723671
4065,Food & Drink Shop,35.56270474,139.5702481
4066,Parking,35.63461652,139.8767297
4067,Road,35.60692882,139.6404952
4068,Ramen /  Noodle House,35.670184,139.750218
4069,Subway,35.69938571,139.6356672
4070,Fast Food Restaurant,35.66918867,139.7513252
4071,Ramen /  Noodle House,35.66105574,139.6691431
4072,Ramen /  Noodle House,35.6825446,139.7011516
4073,Government Building,35.661991,139.6694845
4074,Stadium,35.66745652,139.6980003
4075,Airport,35.55048701,139.789464
4076,Gift Shop,35.66752979,139.7068799
4077,Medical Center,35.621748,139.739348
4078,Movie Theater,35.53302948,139.694885
4079,Café,35.70035282,139.7699024
4080,Coffee Shop,35.701379,139.770592
4081,Indian Restaurant,35.70022494,139.7744009
4082,Tea Room,35.70315172,139.7702041
4083,Airport,35.55273274,139.788022
4084,Bookstore,35.69037401,139.7360113
4085,Sushi Restaurant,35.69871907,139.7741413
4086,Camera Store,35.72991815,139.7132903
4087,Spa / Massage,35.66421428,139.5486255
4088,Record Shop,35.70472211,139.5815241
4089,Government Building,35.70813068,139.7524506
4090,Subway,35.68344409,139.6571302
4091,Video Store,35.70452608,139.5615417
4092,Convention Center,35.7012023,139.5436406
4093,Clothing Store,35.702466,139.578725
4094,Music Store,35.694746,139.700121
4095,Shrine,35.7224059,139.7916269
4096,Video Store,35.65881742,139.7321624
4097,Train Station,35.62741186,139.8894954
4098,Department Store,35.70231701,139.579352
4099,Arcade,35.53119619,139.6991222
4100,Train Station,35.62793509,139.8764196
4101,Park,35.62810514,139.882865
4102,Park,35.62642206,139.884603
4103,Park,35.63062535,139.8831439
4104,Park,35.63171538,139.8809311
4105,Mall,35.63413954,139.8795176
4106,Arcade,35.53138368,139.7002172
4107,Library,35.53180714,139.6986777
4108,Subway,35.67867275,139.740217
4109,Office,35.6791421,139.741295
4110,Arcade,35.53058915,139.6995038
4111,Department Store,35.530029,139.6971178
4112,Arcade,35.53312552,139.6949708
4113,Train Station,35.53278501,139.7009039
4114,Train Station,35.56322611,139.7163818
4115,Ramen /  Noodle House,35.69908048,139.7726785
4116,Park,35.6303027,139.881438
4117,Bike Shop,35.62664274,139.6044963
4118,Automotive Shop,35.59459254,139.7134641
4119,Park,35.61565558,139.776113
4120,Fast Food Restaurant,35.57958232,139.7011714
4121,Japanese Restaurant,35.70300579,139.7732726
4122,Subway,35.83084007,139.7359711
4123,Convenience Store,35.83206743,139.73426
4124,Bar,35.84078594,139.7344645
4125,Electronics Store,35.70074489,139.7712046
4126,Subway,35.80013316,139.7300434
4127,Fast Food Restaurant,35.64962023,139.5575801
4128,Video Store,35.65247975,139.5558286
4129,Café,35.68253777,139.6869349
4130,Fast Food Restaurant,35.64937612,139.5584357
4131,Mall,35.68198004,139.7686458
4132,Furniture / Home Store,35.67207083,139.8270428
4133,Food & Drink Shop,35.68583532,139.8164374
4134,Food & Drink Shop,35.69653658,139.8144311
4135,Video Store,35.69752551,139.8153698
4136,Mall,35.70078846,139.8157829
4137,Furniture / Home Store,35.6854179,139.8171535
4138,Fast Food Restaurant,35.69762135,139.8142755
4139,Food & Drink Shop,35.62892923,139.7409225
4140,Office,35.66490615,139.6960759
4141,Bus Station,35.55235374,139.6131688
4142,Bus Station,35.53692337,139.6349618
4143,Bus Station,35.54944629,139.6206146
4144,Food & Drink Shop,35.55247306,139.6135738
4145,Park,35.57848714,139.7406164
4146,College Academic Building,35.6571742,139.5405185
4147,College Academic Building,35.65714369,139.543469
4148,College Academic Building,35.65713062,139.5434797
4149,Furniture / Home Store,35.67060657,139.5010579
4150,Student Center,35.65916174,139.5436406
4151,College Academic Building,35.65719382,139.5418355
4152,Train Station,35.65707069,139.5302148
4153,Bar,35.65827477,139.5308425
4154,College Academic Building,35.65712626,139.5434797
4155,College Academic Building,35.65769725,139.5435119
4156,Convenience Store,35.658663,139.540268
4157,Café,35.65203078,139.5452419
4158,College Academic Building,35.6589351,139.5436835
4159,College Academic Building,35.65642886,139.5446223
4160,Restaurant,35.65081026,139.5442334
4161,Convenience Store,35.65152732,139.5446169
4162,College Academic Building,35.65739214,139.5412427
4163,Road,35.65313795,139.5441073
4164,Bus Station,35.64110208,139.7954518
4165,River,35.78543236,139.7336724
4166,Park,35.82136331,139.6284062
4167,Coffee Shop,35.64041261,139.7475075
4168,Fast Food Restaurant,35.76284,139.863439
4169,Building,35.67523245,139.7608329
4170,Bike Shop,35.58227201,139.653528
4171,Temple,35.71992344,139.7827005
4172,Ramen /  Noodle House,35.65901573,139.6968457
4173,Train Station,35.66562375,139.7592207
4174,Ramen /  Noodle House,35.70402295,139.6652627
4175,Movie Theater,35.7298267,139.7156936
4176,Hotel,35.6865464,139.7004533
4177,Department Store,35.70471775,139.6651071
4178,Subway,35.81676917,139.7362715
4179,Movie Theater,35.85853526,139.6587771
4180,Office,35.62759063,139.7419685
4181,Furniture / Home Store,35.80099463,139.7183678
4182,Racetrack,35.81937911,139.7248507
4183,Building,35.66801118,139.715213
4184,Chinese Restaurant,35.75492121,139.7403216
4185,Bar,35.69801344,139.7737312
4186,Clothing Store,35.69945106,139.7703195
4187,Subway,35.72129098,139.752059
4188,Convenience Store,35.762032,139.704933
4189,Hotel,35.73474739,139.7271305
4190,Coffee Shop,35.72989202,139.7473973
4191,General Entertainment,35.66548907,139.7610886
4192,College Academic Building,35.73025346,139.7477353
4193,Convenience Store,35.73044942,139.7478291
4194,Train Station,35.73660237,139.747054
4195,Japanese Restaurant,35.711665,139.77563
4196,Train Station,35.80212584,139.7179842
4197,Concert Hall,35.67253277,139.7353649
4198,Coffee Shop,35.683384,139.7015439
4199,Ramen /  Noodle House,35.70713535,139.6665931
4200,Ramen /  Noodle House,35.69638955,139.7564766
4201,Home (private),35.70528314,139.6656173
4202,Arcade,35.58774493,139.6277842
4203,Indian Restaurant,35.7029556,139.6659065
4204,Arcade,35.70418195,139.6660674
4205,Miscellaneous Shop,35.68571855,139.7844386
4206,Indian Restaurant,35.69845126,139.7758529
4207,Café,35.675997,139.765105
4208,Food & Drink Shop,35.71214455,139.8107135
4209,Shrine,35.65760136,139.753046
4210,Convenience Store,35.71141618,139.8095334
4211,Gym / Fitness Center,35.712307,139.812319
4212,Stadium,35.69690907,139.7935098
4213,Other Great Outdoors,35.67282038,139.6943164
4214,Burger Joint,35.68724789,139.7850394
4215,Convenience Store,35.71067667,139.8144364
4216,Ramen /  Noodle House,35.65689311,139.7542547
4217,Ramen /  Noodle House,35.65681897,139.7529696
4218,Coffee Shop,35.66287081,139.7603041
4219,Bridge,35.70959208,139.8138571
4220,Ramen /  Noodle House,35.67190373,139.7677912
4221,Spa / Massage,35.54044605,139.6833569
4222,Ramen /  Noodle House,35.67342612,139.7608137
4223,Ramen /  Noodle House,35.63186798,139.5774472
4224,Chinese Restaurant,35.567895,139.692986
4225,Restaurant,35.69783482,139.771454
4226,Indian Restaurant,35.65164933,139.5439981
4227,Coffee Shop,35.64589093,139.8264983
4228,Ramen /  Noodle House,35.64301155,139.8201013
4229,Fast Food Restaurant,35.6461074,139.825411
4230,Coffee Shop,35.64584951,139.8264849
4231,Convenience Store,35.760905,139.706027
4232,Coffee Shop,35.695772,139.7769231
4233,Coffee Shop,35.6311878,139.79204
4234,Convenience Store,35.700886,139.527207
4235,Ramen /  Noodle House,35.70408325,139.5809469
4236,Train Station,35.70223038,139.5448208
4237,Bus Station,35.54819801,139.7850448
4238,College Academic Building,35.65609324,139.5440054
4239,College Academic Building,35.65741938,139.5402476
4240,Temple,35.71367,139.796636
4241,River,35.61035461,139.6260465
4242,Ramen /  Noodle House,35.64920829,139.5408377
4243,Salon / Barbershop,35.65205921,139.543157
4244,Convenience Store,35.55191223,139.740783
4245,Office,35.55474173,139.7402322
4246,Convenience Store,35.65505258,139.5417497
4247,Home (private),35.65596039,139.5432745
4248,Bar,35.6238821,139.7226459
4249,Café,35.61846834,139.727962
4250,Ramen /  Noodle House,35.62381015,139.7225735
4251,Fast Food Restaurant,35.6235616,139.7221792
4252,Miscellaneous Shop,35.62031731,139.7289598
4253,Bar,35.65846848,139.7023882
4254,Train Station,35.6352208,139.8850858
4255,Park,35.62488283,139.8825485
4256,Ramen /  Noodle House,35.62401703,139.7228959
4257,Bar,35.620684,139.729121
4258,Food & Drink Shop,35.62025626,139.7271574
4259,Japanese Restaurant,35.62381887,139.7230455
4260,Department Store,35.62557614,139.7243679
4261,Ramen /  Noodle House,35.62236681,139.7233164
4262,Building,35.67438047,139.761436
4263,Mall,35.62003849,139.7288371
4264,Bar,35.62402599,139.7227014
4265,Trade School,35.68779416,139.6778452
4266,College Academic Building,35.68911524,139.6823811
4267,Arcade,35.67068501,139.4781625
4268,School,35.69087482,139.6874308
4269,Coffee Shop,35.69422758,139.7603363
4270,Train Station,35.67096774,139.6587892
4271,Italian Restaurant,35.68904733,139.6980232
4272,Drugstore / Pharmacy,35.75133464,139.5452861
4273,Miscellaneous Shop,35.7513086,139.5452513
4274,Subway,35.70627286,139.6854544
4275,Bus Station,35.70350457,139.5802045
4276,Convenience Store,35.74907008,139.5864058
4277,Clothing Store,35.73066196,139.710367
4278,Coffee Shop,35.72864221,139.7115469
4279,Subway,35.71069845,139.8132133
4280,Subway,35.69734145,139.7861217
4281,Department Store,35.70372456,139.5780534
4282,Café,35.73048862,139.7123837
4283,Train Station,35.72816753,139.7111714
4284,Bus Station,35.70321489,139.5601469
4285,Record Shop,35.72985501,139.7136015
4286,Ramen /  Noodle House,35.58749191,139.6295223
4287,Ramen /  Noodle House,35.68997536,139.7037739
4288,Ramen /  Noodle House,35.66916625,139.6501726
4289,Japanese Restaurant,35.58732831,139.6305442
4290,Ramen /  Noodle House,35.65596684,139.7556639
4291,Ramen /  Noodle House,35.68161184,139.786182
4292,Smoke Shop,35.67887319,139.7874749
4293,Park,35.692071,139.8243284
4294,Smoke Shop,35.67837644,139.786638
4295,Bridge,35.69247618,139.8197526
4296,Department Store,35.68349933,139.8263653
4297,Convenience Store,35.69173512,139.8262004
4298,Convenience Store,35.68974446,139.8344458
4299,Bridge,35.69361329,139.8259807
4300,Gift Shop,35.68176404,139.7684502
4301,Park,35.68921481,139.8186257
4302,Subway,35.68939589,139.8261952
4303,Ramen /  Noodle House,35.68475561,139.7838713
4304,Convenience Store,35.69383548,139.8187159
4305,Playground,35.69462407,139.8162926
4306,Temple,35.69336931,139.7919327
4307,Convenience Store,35.69433528,139.7921019
4308,Bridge,35.69525216,139.8091337
4309,Bridge,35.69625341,139.8194629
4310,Miscellaneous Shop,35.694944,139.831264
4311,Convenience Store,35.71157745,139.8155731
4312,Mall,35.71572485,139.8594654
4313,Train Station,35.7169618,139.8581672
4314,Train Station,35.6971857,139.8285717
4315,Convenience Store,35.6769733,139.785946
4316,Bridge,35.67884269,139.7362715
4317,Convenience Store,35.69209278,139.8131195
4318,Gas Station / Garage,35.66759516,139.906286
4319,Bridge,35.68533512,139.7707808
4320,Subway,35.69647995,139.8150158
4321,Electronics Store,35.68861381,139.6983585
4322,Ramen /  Noodle House,35.69200129,139.6939731
4323,Ramen /  Noodle House,35.69416314,139.7004485
4324,Food & Drink Shop,35.73276885,139.577083
4325,Food & Drink Shop,35.69057035,139.6979205
4326,Hobby Shop,35.701366,139.771255
4327,Ramen /  Noodle House,35.70039203,139.7720361
4328,Trade School,35.56443877,139.7164524
4329,Home (private),35.7320681,139.7779881
4330,Ramen /  Noodle House,35.5881554,139.7273455
4331,Building,35.58872829,139.7318104
4332,Bus Station,35.56294039,139.5578402
4333,Mall,35.70597512,139.6497302
4334,Bus Station,35.68433297,139.7025186
4335,Hobby Shop,35.70205504,139.7718939
4336,Ramen /  Noodle House,35.62456452,139.7395277
4337,Ramen /  Noodle House,35.78682001,139.6745008
4338,Automotive Shop,35.64203503,139.8034716
4339,Ramen /  Noodle House,35.68400617,139.74061
4340,Ramen /  Noodle House,35.68340433,139.7383167
4341,Hotel,35.67465563,139.7607131
4342,Ramen /  Noodle House,35.69773027,139.7758421
4343,Hobby Shop,35.66467952,139.754709
4344,Ramen /  Noodle House,35.58740466,139.7285843
4345,Mall,35.71263675,139.7042969
4346,Café,35.66166045,139.7021538
4347,Event Space,35.66357687,139.7117561
4348,Train Station,35.67765108,139.7651556
4349,Train Station,35.66676652,139.7944641
4350,University,35.66717568,139.7932855
4351,Miscellaneous Shop,35.81535775,139.7032559
4352,Mall,35.80291115,139.7206959
4353,Train Station,35.67744828,139.765749
4354,College Academic Building,35.66667559,139.7932577
4355,Convenience Store,35.81589048,139.7019875
4356,Bridge,35.78969036,139.7239923
4357,Mall,35.77740494,139.7196487
4358,Indian Restaurant,35.70110211,139.7708237
4359,Train Station,35.73724245,139.7740129
4360,Indian Restaurant,35.67304699,139.7950441
4361,Japanese Restaurant,35.66634437,139.7485855
4362,Shrine,35.66475797,139.7484595
4363,Ramen /  Noodle House,35.667768,139.754873
4364,Subway,35.85887655,139.7536844
4365,Japanese Restaurant,35.71221248,139.7772267
4366,Fast Food Restaurant,35.66414127,139.7451925
4367,Bar,35.68616297,139.7267818
4368,Bar,35.676279,139.736007
4369,Bar,35.68648322,139.7287506
4370,Subway,35.68633726,139.7295713
4371,Ramen /  Noodle House,35.70091806,139.7417687
4372,Ramen /  Noodle House,35.68819554,139.7272351
4373,Train Station,35.70019708,139.7436429
4374,University,35.65674411,139.5410002
4375,College Academic Building,35.65675359,139.5403227
4376,College Academic Building,35.65908601,139.5437494
4377,College Academic Building,35.65748803,139.544456
4378,Athletic & Sport,35.64100361,139.5447267
4379,Food & Drink Shop,35.64976408,139.5430291
4380,Post Office,35.64927586,139.5415324
4381,Train Station,35.64990793,139.5513278
4382,Convenience Store,35.64905463,139.5413218
4383,College Academic Building,35.65691268,139.5444667
4384,Chinese Restaurant,35.65293308,139.544397
4385,Train Station,35.80803396,139.6780407
4386,Ramen /  Noodle House,35.66113616,139.6977939
4387,Japanese Restaurant,35.84739138,139.6700853
4388,Train Station,35.77733325,139.7209057
4389,Food & Drink Shop,35.84730876,139.6709919
4390,Japanese Restaurant,35.78131,139.722481
4391,Japanese Restaurant,35.776371,139.722189
4392,Fast Food Restaurant,35.69924195,139.7626859
4393,Convenience Store,35.69721402,139.7635737
4394,Miscellaneous Shop,35.64873533,139.6931255
4395,Japanese Restaurant,35.70705,139.781869
4396,Fast Food Restaurant,35.62934999,139.6851861
4397,Coffee Shop,35.63963507,139.6318799
4398,Mall,35.61282099,139.6268972
4399,Japanese Restaurant,35.69226923,139.7717679
4400,Japanese Restaurant,35.69244786,139.7716767
4401,Bar,35.72736515,139.7685338
4402,Café,35.66821728,139.601469
4403,Art Museum,35.66047367,139.7292602
4404,General College & University,35.7205921,139.7575687
4405,Ramen /  Noodle House,35.73911225,139.761926
4406,Ramen /  Noodle House,35.69363071,139.7724116
4407,Japanese Restaurant,35.698332,139.770521
4408,Café,35.695561,139.758614
4409,Burger Joint,35.67352766,139.7613207
4410,Bus Station,35.77791296,139.6328288
4411,Bus Station,35.67237152,139.7948939
4412,Ramen /  Noodle House,35.70534938,139.7588289
4413,Train Station,35.69001892,139.7003353
4414,Ramen /  Noodle House,35.697491,139.669153
4415,College Academic Building,35.6992071,139.7546232
4416,Event Space,35.66420883,139.7639787
4417,Clothing Store,35.66872391,139.7059357
4418,Convenience Store,35.70997506,139.8085243
4419,Coffee Shop,35.691397,139.693881
4420,Coffee Shop,35.69197951,139.7064748
4421,Ramen /  Noodle House,35.53495244,139.7052115
4422,Ramen /  Noodle House,35.66555989,139.7505462
4423,Bridge,35.63111368,139.7929788
4424,Airport,35.54775718,139.7851467
4425,High School,35.71428036,139.7785648
4426,Airport,35.5490011,139.7844386
4427,Coffee Shop,35.67048019,139.7476223
4428,Subway,35.69795136,139.707427
4429,Spanish Restaurant,35.66069857,139.7295187
4430,Café,35.64925687,139.6999349
4431,Bar,35.67019199,139.7470534
4432,Office,35.65640446,139.7960023
4433,Hotel,35.68557476,139.6906391
4434,Playground,35.65037435,139.695915
4435,Park,35.64355648,139.6813345
4436,Café,35.73353065,139.7087462
4437,Gym / Fitness Center,35.70066427,139.4797967
4438,Bookstore,35.657786,139.703005
4439,Art Gallery,35.708379,139.665566
4440,College Academic Building,35.66081528,139.6992967
4441,Miscellaneous Shop,35.71135819,139.5366385
4442,Train Station,35.65701526,139.7023284
4443,Deli / Bodega,35.68750844,139.6943407
4444,Food & Drink Shop,35.80816447,139.6780193
4445,Bakery,35.68373167,139.7664571
4446,Food & Drink Shop,35.82620736,139.6526198
4447,Bookstore,35.80686909,139.7140757
4448,University,35.71087655,139.5728836
4449,Park,35.71587294,139.5893669
4450,Coffee Shop,35.83299498,139.7068562
4451,Clothing Store,35.83292069,139.7068313
4452,Food & Drink Shop,35.80558027,139.6985865
4453,Subway,35.71014091,139.8134065
4454,BBQ Joint,35.68889701,139.6977872
4455,Food & Drink Shop,35.714045,139.5621027
4456,Convenience Store,35.703855,139.562689
4457,Convenience Store,35.70413297,139.5626449
4458,Train Station,35.60995233,139.7119533
4459,Cemetery,35.72399931,139.7701312
4460,Playground,35.73801456,139.5991102
4461,Indian Restaurant,35.67332342,139.7597598
4462,Indian Restaurant,35.696279,139.7691869
4463,Subway,35.60542847,139.7136497
4464,Italian Restaurant,35.61991669,139.7287523
4465,Laundry Service,35.62031201,139.7288321
4466,Train Station,35.62023881,139.7280425
4467,Music Venue,35.69090074,139.7310614
4468,Train Station,35.57428452,139.6632727
4469,Train Station,35.62891615,139.739356
4470,Japanese Restaurant,35.63510559,139.7148955
4471,Train Station,35.57425424,139.6632428
4472,Train Station,35.60705376,139.7348936
4473,Event Space,35.69008863,139.7821561
4474,Concert Hall,35.68707895,139.6968934
4475,Movie Theater,35.77019348,139.6609068
4476,Train Station,35.65490265,139.7571145
4477,Bar,35.73789339,139.7489198
4478,Office,35.70272699,139.7515815
4479,Convenience Store,35.71379208,139.7621441
4480,Building,35.52745138,139.7009372
4481,Bakery,35.53107809,139.6969932
4482,Train Station,35.53072011,139.6962583
4483,Train Station,35.66622234,139.7584963
4484,Arcade,35.56019904,139.7140277
4485,Bowling Alley,35.559721,139.714377
4486,Ramen /  Noodle House,35.67709531,139.780764
4487,Ramen /  Noodle House,35.68252906,139.7722614
4488,Ramen /  Noodle House,35.698961,139.770433
4489,Bus Station,35.66314539,139.8730803
4490,Ramen /  Noodle House,35.70197951,139.7705768
4491,Diner,35.66461415,139.8594064
4492,Japanese Restaurant,35.69530803,139.7762793
4493,Candy Store,35.60931013,139.6854946
4494,Miscellaneous Shop,35.61005146,139.6855764
4495,Fast Food Restaurant,35.60908865,139.6855166
4496,Café,35.70195853,139.7703771
4497,Convenience Store,35.60989454,139.6854544
4498,Park,35.67487122,139.6051086
4499,Food & Drink Shop,35.701587,139.5448
4500,Electronics Store,35.67381,139.613724
4501,Miscellaneous Shop,35.67589327,139.6194426
4502,Deli / Bodega,35.67438746,139.6042851
4503,Road,35.77444142,139.5683491
4504,Train Station,35.69211589,139.5891389
4505,Board Shop,35.695126,139.763418
4506,Train Station,35.68102142,139.7680074
4507,Train Station,35.73190932,139.83496
4508,Food & Drink Shop,35.73727293,139.838587
4509,Food & Drink Shop,35.73179979,139.8421674
4510,Miscellaneous Shop,35.75207188,139.786799
4511,Mall,35.7754336,139.7860845
4512,Subway,35.71133439,139.782722
4513,Train Station,35.7739557,139.7702986
4514,Furniture / Home Store,35.77524224,139.7716284
4515,Sandwich Place,35.70145497,139.7724491
4516,Mall,35.73540468,139.8018909
4517,Hobby Shop,35.65584915,139.7011614
4518,College Academic Building,35.70975324,139.7186601
4519,University,35.7061406,139.7068562
4520,Building,35.673374,139.8161327
4521,Drugstore / Pharmacy,35.72769068,139.7647297
4522,Café,35.72414,139.765624
4523,Bus Station,35.64555604,139.8262004
4524,Food & Drink Shop,35.70368535,139.5792282
4525,Food & Drink Shop,35.717957,139.765206
4526,Office,35.67120178,139.7185614
4527,College Academic Building,35.69631004,139.7414267
4528,Other Great Outdoors,35.72764931,139.7671437
4529,Japanese Restaurant,35.68993614,139.7037256
4530,Train Station,35.68876848,139.6999598
4531,Bookstore,35.65869973,139.6994126
4532,Gift Shop,35.66507177,139.7013116
4533,Office,35.66073736,139.6994796
4534,Ramen /  Noodle House,35.65614555,139.6954536
4535,Ramen /  Noodle House,35.66053991,139.696704
4536,Ramen /  Noodle House,35.65894381,139.6993536
4537,Fast Food Restaurant,35.66166353,139.7005311
4538,Train Station,35.65723959,139.6936405
4539,Diner,35.65920969,139.6991068
4540,Ramen /  Noodle House,35.706313,139.776167
4541,Fast Food Restaurant,35.77933759,139.721058
4542,Mall,35.7664579,139.7280439
4543,Event Space,35.73011847,139.7172225
4544,Park,35.66679762,139.7325861
4545,Bar,35.6660393,139.7594243
4546,Italian Restaurant,35.67146073,139.4787955
4547,Subway,35.66291876,139.7599554
4548,Art Gallery,35.65859513,139.6995413
4549,Train Station,35.690354,139.6998758
4550,Bus Station,35.67797554,139.567861
4551,Stadium,35.58668048,139.6526724
4552,River,35.79031697,139.7217607
4553,Bridge,35.7925533,139.6392065
4554,General Travel,35.729648,139.710508
4555,Clothing Store,35.65991142,139.7009468
4556,Drugstore / Pharmacy,35.72953929,139.7126412
4557,Clothing Store,35.729659,139.7146228
4558,Department Store,35.72942171,139.7093582
4559,Fast Food Restaurant,35.72939558,139.7129148
4560,Ramen /  Noodle House,35.826919,139.804894
4561,Chinese Restaurant,35.827036,139.80227
4562,Ramen /  Noodle House,35.74936453,139.806761
4563,Ramen /  Noodle House,35.69113864,139.7702068
4564,Medical Center,35.56017804,139.5586288
4565,Deli / Bodega,35.82786951,139.8032999
4566,Food & Drink Shop,35.82680826,139.8021412
4567,Train Station,35.55863317,139.5515156
4568,Church,35.70585469,139.630233
4569,Train Station,35.66844761,139.6503729
4570,Restaurant,35.69962967,139.7689059
4571,Food & Drink Shop,35.70310598,139.6488047
4572,Train Station,35.67211,139.480621
4573,Park,35.70581548,139.6500546
4574,Subway,35.7060115,139.9037004
4575,Subway,35.69323861,139.897542
4576,Airport,35.54886587,139.7830735
4577,Building,35.58326018,139.7470433
4578,Drugstore / Pharmacy,35.84446928,139.669801
4579,Bookstore,35.84795231,139.6699941
4580,Convenience Store,35.58217155,139.7487202
4581,Bank,35.84632061,139.6691599
4582,Convenience Store,35.84634344,139.6693075
4583,Convenience Store,35.73625184,139.7470862
4584,Convenience Store,35.84811701,139.6705784
4585,Food & Drink Shop,35.84851426,139.6688591
4586,Diner,35.69399796,139.7012762
4587,Bar,35.69053086,139.7693351
4588,Ramen /  Noodle House,35.69767799,139.7751179
4589,Home (private),35.73498328,139.7166685
4590,Music Store,35.6988673,139.7630668
4591,Bank,35.73018903,139.7126711
4592,Bar,35.70998866,139.6678075
4593,Train Station,35.71864298,139.7734898
4594,Japanese Restaurant,35.67092034,139.4764781
4595,Ramen /  Noodle House,35.70161887,139.7523929
4596,Post Office,35.67453735,139.4786024
4597,Mexican Restaurant,35.68193869,139.7398441
4598,Trade School,35.70032596,139.7625649
4599,Train Station,35.71393666,139.775845
4600,Fast Food Restaurant,35.70531889,139.6494538
4601,River,35.64420789,139.7008225
4602,Park,35.6248992,139.7034503
4603,School,35.7094418,139.6949145
4604,Church,35.71426575,139.7266263
4605,Food & Drink Shop,35.72806302,139.7191966
4606,Bar,35.7124255,139.7063085
4607,Miscellaneous Shop,35.69874968,139.7030175
4608,Government Building,35.70718762,139.6637607
4609,Food & Drink Shop,35.68755724,139.7195989
4610,Dessert Shop,35.70309727,139.7714889
4611,Japanese Restaurant,35.69901542,139.7746217
4612,Japanese Restaurant,35.6631212,139.6948343
4613,Dumpling Restaurant,35.65794152,139.696585
4614,Food & Drink Shop,35.66110273,139.6985737
4615,Japanese Restaurant,35.638547,139.683091
4616,Ramen /  Noodle House,35.64412321,139.6983933
4617,Clothing Store,35.66090769,139.7007278
4618,Coffee Shop,35.68367067,139.7384012
4619,Bridge,35.79647834,139.6455002
4620,Hotel,35.66637237,139.7312616
4621,Train Station,35.69059839,139.6995628
4622,Indian Restaurant,35.66365096,139.7326103
4623,Train Station,35.67553527,139.7636193
4624,Event Space,35.66029497,139.7292709
4625,Ramen /  Noodle House,35.67848973,139.7648478
4626,Café,35.70220836,139.7694686
4627,Ramen /  Noodle House,35.745206,139.714482
4628,Food & Drink Shop,35.74644695,139.7146314
4629,Food & Drink Shop,35.74569374,139.7184563
4630,Food & Drink Shop,35.7494162,139.7181827
4631,Deli / Bodega,35.74899,139.715446
4632,Hobby Shop,35.68093427,139.7684097
4633,Ramen /  Noodle House,35.68853321,139.7028793
4634,Bar,35.6916932,139.7061492
4635,Chinese Restaurant,35.68443508,139.7340405
4636,Airport,35.55085603,139.7819281
4637,Event Space,35.703543,139.636866
4638,American Restaurant,35.6765724,139.7378218
4639,Bar,35.53015701,139.6986934
4640,Shrine,35.70773865,139.7682166
4641,Art Museum,35.71252886,139.7745357
4642,Coffee Shop,35.65055259,139.72189
4643,Train Station,35.67664648,139.5170116
4644,Bridge,35.79999393,139.6844244
4645,Coffee Shop,35.564496,139.653855
4646,Bridge,35.693622,139.6997023
4647,Ramen /  Noodle House,35.61972861,139.7283912
4648,Restaurant,35.66352675,139.6995682
4649,Coffee Shop,35.6466865,139.7113243
4650,General Entertainment,35.650325,139.683697
4651,Mall,35.66582139,139.8038685
4652,Ramen /  Noodle House,35.66179429,139.7301078
4653,Building,35.69168062,139.6955122
4654,Department Store,35.7094614,139.7736293
4655,Record Shop,35.713225,139.704871
4656,Sushi Restaurant,35.69847958,139.7722238
4657,Hobby Shop,35.73185162,139.7190598
4658,Food & Drink Shop,35.69598889,139.7086116
4659,Train Station,35.71866911,139.8202837
4660,Music Store,35.66879148,139.7624751
4661,Event Space,35.70020035,139.5062828
4662,Train Station,35.68481226,139.6071231
4663,Ramen /  Noodle House,35.7121373,139.7074147
4664,Ramen /  Noodle House,35.71285671,139.7062495
4665,Bar,35.59203317,139.6796346
4666,Mall,35.7989149,139.5675445
4667,Bookstore,35.58923689,139.7283268
4668,Bridge,35.61819797,139.5958471
4669,Train Station,35.56192592,139.7147409
4670,Furniture / Home Store,35.6377713,139.6038508
4671,General Travel,35.623972,139.738971
4672,Bus Station,35.57555353,139.7585319
4673,Furniture / Home Store,35.64699536,139.5175774
4674,Bridge,35.623586,139.738081
4675,Bridge,35.61810204,139.734174
4676,Bridge,35.61902653,139.7290416
4677,Train Station,35.61928817,139.7288203
4678,Bridge,35.70280767,139.7448827
4679,Professional & Other Places,35.57372142,139.7616415
4680,Building,35.68480354,139.7694826
4681,Mall,35.72378676,139.6828895
4682,Bus Station,35.68358352,139.7690213
4683,Park,35.7665537,139.6300997
4684,Building,35.68694289,139.7654432
4685,Food & Drink Shop,35.65571818,139.7391574
4686,Italian Restaurant,35.66241043,139.6971078
4687,Plaza,35.73030082,139.7105166
4688,Ramen /  Noodle House,35.65728753,139.7036344
4689,Train Station,35.72721382,139.8282766
4690,Smoke Shop,35.68258174,139.7666331
4691,Government Building,35.67502542,139.7527671
4692,Ramen /  Noodle House,35.6981267,139.7733879
4693,Convenience Store,35.60327509,139.7082376
4694,Bookstore,35.6565727,139.7006518
4695,Japanese Restaurant,35.60728903,139.7354275
4696,Bar,35.729741,139.709382
4697,Train Station,35.60391414,139.707701
4698,Convenience Store,35.59601577,139.7112358
4699,Road,35.65857769,139.7107852
4700,Café,35.6667061,139.7306013
4701,Beach,35.57021457,139.7700405
4702,Train Station,35.69224918,139.706178
4703,Hobby Shop,35.60364459,139.5086432
4704,Food & Drink Shop,35.67382346,139.6670849
4705,Music Venue,35.64223639,139.67164
4706,Hotel,35.72838092,139.7080064
4707,Thai Restaurant,35.65800453,139.6993509
4708,Coffee Shop,35.68815851,139.6987903
4709,Ramen /  Noodle House,35.65806773,139.7001126
4710,Mall,35.70292738,139.6483541
4711,Fast Food Restaurant,35.70386069,139.6656503
4712,Miscellaneous Shop,35.53960359,139.6889627
4713,Rest Area,35.59366896,139.7555995
4714,Ramen /  Noodle House,35.66026882,139.6675801
4715,Japanese Restaurant,35.70337281,139.6495957
4716,Food & Drink Shop,35.70361565,139.6478766
4717,Thai Restaurant,35.70488328,139.6492982
4718,Food & Drink Shop,35.70717455,139.6508217
4719,Bookstore,35.70609209,139.6501324
4720,Indian Restaurant,35.69810057,139.6972293
4721,Train Station,35.6626785,139.6555075
4722,Subway,35.69776947,139.6480751
4723,Other Great Outdoors,35.70585469,139.649899
4724,Café,35.62784353,139.7409225
4725,BBQ Joint,35.62860361,139.7419138
4726,Ramen /  Noodle House,35.62386357,139.7230616
4727,Seafood Restaurant,35.62667932,139.7410619
4728,Convenience Store,35.62790675,139.7407722
4729,Convenience Store,35.62857366,139.7420535
4730,Mediterranean Restaurant,35.68266733,139.7635133
4731,Food & Drink Shop,35.6752128,139.7659528
4732,Gym / Fitness Center,35.64835572,139.6930145
4733,Coffee Shop,35.66715771,139.7399716
4734,Japanese Restaurant,35.684301,139.766559
4735,Gym / Fitness Center,35.67906057,139.7627127
4736,Office,35.67851152,139.787271
4737,Park,35.73022733,139.708972
4738,Convenience Store,35.67928684,139.7865239
4739,Train Station,35.7882236,139.6129249
4740,Train Station,35.66586657,139.4770746
4741,Train Station,35.7302099,139.711135
4742,Subway,35.78770608,139.6142578
4743,Train Station,35.62862729,139.7383961
4744,Office,35.73228926,139.7083846
4745,Hotel,35.68706053,139.7729158
4746,Subway,35.66985012,139.7030065
4747,Subway,35.78823,139.6131454
4748,Building,35.67974905,139.7649121
4749,Chinese Restaurant,35.606931,139.6853243
4750,Fast Food Restaurant,35.61891097,139.7050781
4751,Ramen /  Noodle House,35.6066065,139.6853272
4752,Dumpling Restaurant,35.608864,139.685455
4753,Café,35.70059077,139.7703871
4754,Hobby Shop,35.70185357,139.7712207
4755,Spa / Massage,35.6201625,139.7075799
4756,College Academic Building,35.60461723,139.6831906
4757,Chinese Restaurant,35.59998582,139.6132626
4758,Convenience Store,35.63068737,139.5501401
4759,Food & Drink Shop,35.63185933,139.5502097
4760,Road,35.69762135,139.7711188
4761,Bridge,35.66567321,139.8462689
4762,Road,35.72946526,139.7140306
4763,Bridge,35.63960713,139.8762997
4764,Ramen /  Noodle House,35.68409768,139.8819396
4765,Ramen /  Noodle House,35.6280005,139.7380364
4766,Ramen /  Noodle House,35.70129379,139.7452193
4767,Arcade,35.63145054,139.6580407
4768,Art Gallery,35.66997205,139.7078735
4769,Art Gallery,35.64890961,139.710756
4770,Coffee Shop,35.64616845,139.7078965
4771,Miscellaneous Shop,35.86049278,139.6530399
4772,Laundry Service,35.85931132,139.6508887
4773,Bank,35.8597047,139.6535116
4774,Convenience Store,35.58802413,139.7285628
4775,Convenience Store,35.85733095,139.6517605
4776,Bank,35.85819179,139.6536541
4777,Convenience Store,35.85714834,139.6534556
4778,Food & Drink Shop,35.84560536,139.646771
4779,Video Store,35.85747388,139.6533323
4780,Convenience Store,35.85767659,139.65422
4781,Train Station,35.85887452,139.6580706
4782,Bookstore,35.85872769,139.6582101
4783,Hotel,35.86069168,139.6525168
4784,Bookstore,35.84546607,139.6473588
4785,Bridge,35.70439703,139.7951299
4786,Historic Site,35.66476669,139.7534215
4787,Japanese Restaurant,35.65250591,139.5446062
4788,Ramen /  Noodle House,35.72958377,139.7153543
4789,Office,35.65640707,139.6995521
4790,Fast Food Restaurant,35.73029919,139.7134902
4791,Bowling Alley,35.67172778,139.8369678
4792,Gaming Cafe,35.64669522,139.801079
4793,Café,35.65580992,139.7038925
4794,University,35.74874858,139.8065362
4795,Airport,35.55001805,139.7864556
4796,Bar,35.69674134,139.7601056
4797,BBQ Joint,35.6935247,139.7717249
4798,Coffee Shop,35.68270553,139.7689301
4799,Fast Food Restaurant,35.644506,139.861156
4800,Bar,35.67818035,139.7647673
4801,Bar,35.65780719,139.7047319
4802,Shrine,35.65732437,139.7063875
4803,Ramen /  Noodle House,35.65830808,139.703565
4804,Ramen /  Noodle House,35.65783563,139.7083001
4805,Ramen /  Noodle House,35.66156898,139.7025224
4806,Ramen /  Noodle House,35.65736716,139.703929
4807,Fast Food Restaurant,35.65503745,139.7966516
4808,Burger Joint,35.6689722,139.7041883
4809,Train Station,35.70205613,139.7529173
4810,Train Station,35.70705694,139.8318923
4811,Coffee Shop,35.70010451,139.7623587
4812,College Academic Building,35.69847522,139.7612
4813,Hotel,35.72203136,139.7050881
4814,Restaurant,35.72228,139.705319
4815,Government Building,35.70815464,139.4884729
4816,Ramen /  Noodle House,35.69556791,139.6985338
4817,Gym / Fitness Center,35.55069891,139.5755267
4818,Mall,35.55366235,139.5791155
4819,Park,35.63386051,139.8787236
4820,Park,35.632411,139.883274
4821,Convenience Store,35.69100641,139.7143484
4822,Food & Drink Shop,35.69232805,139.7147816
4823,Bookstore,35.74986245,139.5863789
4824,Park,35.69061146,139.7400722
4825,Convenience Store,35.753992,139.582665
4826,Mall,35.75214589,139.5953321
4827,Other Great Outdoors,35.69234983,139.7155058
4828,Park,35.84883613,139.6038192
4829,Bridge,35.75391557,139.5840856
4830,Food & Drink Shop,35.74890247,139.5856091
4831,Video Store,35.73180808,139.57874
4832,Convenience Store,35.69552749,139.7684681
4833,Convenience Store,35.67968804,139.7797072
4834,Office,35.67935688,139.7795141
4835,Convenience Store,35.622055,139.567685
4836,Coffee Shop,35.6796643,139.7809214
4837,Food & Drink Shop,35.62069939,139.5698237
4838,Coffee Shop,35.64801824,139.7100261
4839,Food & Drink Shop,35.65700571,139.6958165
4840,Food & Drink Shop,35.6723432,139.8194575
4841,Bridge,35.665547,139.816651
4842,Subway,35.68598869,139.782443
4843,Convenience Store,35.65739214,139.6969651
4844,Subway,35.68299529,139.7017273
4845,Brewery,35.671843,139.797202
4846,Library,35.68459004,139.7817081
4847,Caribbean Restaurant,35.63231015,139.65969
4848,Diner,35.65576415,139.7004238
4849,Bar,35.69534835,139.7570546
4850,Convenience Store,35.65640489,139.695231
4851,Electronics Store,35.65682115,139.7982788
4852,Food & Drink Shop,35.68851578,139.7806299
4853,Burger Joint,35.6548074,139.7973132
4854,Bar,35.6333175,139.6635817
4855,Burger Joint,35.68499744,139.7836581
4856,Train Station,35.69541694,139.7513938
4857,Dumpling Restaurant,35.65580181,139.6960458
4858,Subway,35.68848092,139.7881508
4859,Chinese Restaurant,35.657248,139.701684
4860,Arts & Crafts Store,35.65621529,139.791584
4861,Bus Station,35.65836848,139.7024167
4862,Art Gallery,35.69211724,139.7018198
4863,Ramen /  Noodle House,35.68950597,139.6970729
4864,College Academic Building,35.62787296,139.7564357
4865,Bar,35.69693857,139.700289
4866,BBQ Joint,35.69776079,139.777348
4867,College Academic Building,35.71332929,139.76179
4868,Miscellaneous Shop,35.71311369,139.7621441
4869,College Academic Building,35.71370388,139.7642899
4870,Subway,35.72578541,139.7298717
4871,Athletic & Sport,35.70559332,139.7528958
4872,Ramen /  Noodle House,35.70138859,139.753708
4873,Train Station,35.70188188,139.7542906
4874,Japanese Restaurant,35.710133,139.753109
4875,Ramen /  Noodle House,35.70140705,139.75384
4876,Subway,35.70736349,139.751147
4877,Train Station,35.65203799,139.5439682
4878,Train Station,35.66901154,139.6796179
4879,Bar,35.71094618,139.7974802
4880,Bus Station,35.69752333,139.8135969
4881,Bank,35.69994768,139.7725725
4882,Miscellaneous Shop,35.71340769,139.7792995
4883,Plaza,35.69215596,139.7011587
4884,Video Game Store,35.68876631,139.6981251
4885,Chinese Restaurant,35.661313,139.698071
4886,University,35.69670028,139.7541349
4887,Indian Restaurant,35.69562328,139.7573155
4888,Library,35.65208309,139.7264707
4889,Art Museum,35.62103246,139.7360462
4890,Airport,35.54495502,139.7698796
4891,Hobby Shop,35.73027741,139.7177267
4892,Food & Drink Shop,35.65486406,139.707647
4893,Gym / Fitness Center,35.65047461,139.7017193
4894,Post Office,35.64890421,139.7021987
4895,Athletic & Sport,35.65903099,139.7011587
4896,Ramen /  Noodle House,35.69985601,139.7532366
4897,Café,35.69540051,139.7598496
4898,College Academic Building,35.55206935,139.6473348
4899,Coffee Shop,35.62541917,139.7222328
4900,Ramen /  Noodle House,35.62531942,139.7200334
4901,Bookstore,35.62559836,139.7238736
4902,Home (private),35.75975758,139.8700862
4903,Food & Drink Shop,35.7506831,139.8686063
4904,Convenience Store,35.75200191,139.8684728
4905,Café,35.65931647,139.7000027
4906,Café,35.65865865,139.7027472
4907,Japanese Restaurant,35.65334718,139.5431015
4908,Post Office,35.65439767,139.5430934
4909,Park,35.76378738,139.7273255
4910,Convenience Store,35.62857182,139.7367097
4911,Convenience Store,35.62662264,139.7771215
4912,Movie Theater,35.62810514,139.7742891
4913,Train Station,35.76848292,139.8704624
4914,Building,35.64048084,139.7406167
4915,Dumpling Restaurant,35.69302077,139.7716793
4916,General Entertainment,35.69947372,139.772667
4917,Food & Drink Shop,35.70025263,139.7723043
4918,Train Station,35.68117393,139.7676533
4919,Light Rail,35.64398371,139.6552312
4920,Café,35.58117477,139.6413159
4921,Convenience Store,35.55547752,139.6818099
4922,Bookstore,35.58122712,139.6414447
4923,Coffee Shop,35.71123856,139.7759736
4924,Park,35.696472,139.613046
4925,Ramen /  Noodle House,35.70270957,139.6010506
4926,Italian Restaurant,35.70522359,139.6202044
4927,Park,35.7166395,139.6619797
4928,Playground,35.70629029,139.6133137
4929,Japanese Restaurant,35.69901977,139.7746271
4930,Bookstore,35.7050483,139.6204285
4931,Event Space,35.70023469,139.7701924
4932,Clothing Store,35.68979,139.70171
4933,Food & Drink Shop,35.76269809,139.825455
4934,Fast Food Restaurant,35.76261974,139.8260772
4935,Subway,35.70463499,139.6199656
4936,Subway,35.70575885,139.6664321
4937,Hobby Shop,35.69873225,139.7704053
4938,Road,35.80972191,139.842782
4939,Bridge,35.71035867,139.7312516
4940,Fast Food Restaurant,35.69377448,139.6942252
4941,Indian Restaurant,35.732394,139.705407
4942,Subway,35.724399,139.753634
4943,Indian Restaurant,35.70214777,139.77175
4944,Café,35.70243637,139.7704702
4945,Coffee Shop,35.658861,139.6997881
4946,Coffee Shop,35.60760484,139.7345334
4947,Coffee Shop,35.68164305,139.7702473
4948,Shrine,35.61702054,139.7433847
4949,Office,35.60999921,139.7487652
4950,Convenience Store,35.69456304,139.7398764
4951,Bus Station,35.5525139,139.7402422
4952,Shop & Service,35.69234765,139.7348955
4953,Medical Center,35.69758684,139.7422082
4954,Ramen /  Noodle House,35.6958123,139.7386989
4955,College Academic Building,35.65682551,139.544735
4956,Video Store,35.65241873,139.5459741
4957,College Academic Building,35.65712626,139.5434797
4958,Home (private),35.66924002,139.55346
4959,College Academic Building,35.65712857,139.5437146
4960,Convenience Store,35.65080154,139.5441824
4961,Restaurant,35.65278052,139.5512742
4962,Japanese Restaurant,35.65155029,139.5498616
4963,College Academic Building,35.65557564,139.5443259
4964,Miscellaneous Shop,35.70853034,139.7956295
4965,Post Office,35.70960439,139.7971872
4966,Office,35.70730088,139.7947933
4967,Train Station,35.68137379,139.7669476
4968,Bridge,35.70825047,139.7974312
4969,Road,35.70885708,139.7960073
4970,Bridge,35.70953981,139.8118186
4971,Convenience Store,35.70954852,139.7935688
4972,Convenience Store,35.70616832,139.649545
4973,Train Station,35.68143973,139.7671384
4974,Café,35.68835115,139.7631589
4975,Post Office,35.69124538,139.7635657
4976,Food & Drink Shop,35.69026554,139.7640424
4977,Hotel,35.62712626,139.8874488
4978,Convenience Store,35.6922017,139.7645044
4979,Building,35.69139621,139.7620708
4980,Road,35.75738734,139.5983577
4981,Café,35.66241754,139.7317842
4982,Mall,35.70464525,139.6197669
4983,Building,35.68856359,139.7638827
4984,Convenience Store,35.69364814,139.7654271
4985,Neighborhood,35.71193288,139.7964668
4986,University,35.59837995,139.6510792
4987,College Academic Building,35.59763406,139.6505266
4988,College Academic Building,35.59826654,139.6503925
4989,College Academic Building,35.59862858,139.6518677
4990,University,35.56191488,139.5752424
4991,Fast Food Restaurant,35.56835354,139.5525938
4992,College Academic Building,35.56155434,139.5747693
4993,College Academic Building,35.5619978,139.5742983
4994,Ramen /  Noodle House,35.5698952,139.5544274
4995,Parking,35.699234,139.774394
4996,Playground,35.69322336,139.7797287
4997,Gas Station / Garage,35.635992,139.7520711
4998,Train Station,35.60025702,139.72118
4999,Bar,35.55171157,139.6945551
5000,Parking,35.70032408,139.7736471
5001,Bridge,35.63595326,139.7515011
5002,Arts & Crafts Store,35.69818316,139.7720545
5003,Road,35.70291213,139.7716874
5004,Video Game Store,35.65464833,139.5302741
5005,College Academic Building,35.65812439,139.5443487
5006,Light Rail,35.65370461,139.5382977
5007,Food & Drink Shop,35.65740041,139.5476434
5008,Record Shop,35.69159357,139.7011666
5009,Miscellaneous Shop,35.62457391,139.7752496
5010,Road,35.65558762,139.7378647
5011,Neighborhood,35.65556847,139.7366049
5012,Spa / Massage,35.65707613,139.7540921
5013,Office,35.66017643,139.7302888
5014,Fast Food Restaurant,35.65569224,139.7363198
5015,Fast Food Restaurant,35.656419,139.7363648
5016,Food & Drink Shop,35.6285947,139.7377974
5017,Ramen /  Noodle House,35.656416,139.736449
5018,Movie Theater,35.63231052,139.8791608
5019,Spa / Massage,35.63951898,139.7520688
5020,Spa / Massage,35.64179743,139.7477916
5021,Train Station,35.56263056,139.716053
5022,Post Office,35.55958017,139.7050345
5023,Convenience Store,35.558577,139.708808
5024,Home (private),35.53804502,139.7064548
5025,River,35.53656542,139.7036076
5026,Convention Center,35.55754215,139.7110748
5027,Department Store,35.6742846,139.7636957
5028,Coffee Shop,35.56259783,139.7156507
5029,Convenience Store,35.56129521,139.7148407
5030,Convenience Store,35.5571712,139.7053376
5031,Mall,35.67431511,139.7640002
5032,Fast Food Restaurant,35.72680229,139.5913035
5033,Food & Drink Shop,35.726038,139.592025
5034,Japanese Restaurant,35.72667594,139.5913803
5035,Convenience Store,35.73159493,139.5799044
5036,Train Station,35.62412586,139.517861
5037,Parking,35.72845213,139.709614
5038,Ramen /  Noodle House,35.72661829,139.6951492
5039,Miscellaneous Shop,35.7099357,139.774543
5040,Ramen /  Noodle House,35.72675984,139.702746
5041,Fast Food Restaurant,35.68249093,139.7023469
5042,Restaurant,35.73032413,139.7112298
5043,Food & Drink Shop,35.6417099,139.519227
5044,Japanese Restaurant,35.64131513,139.521468
5045,Food & Drink Shop,35.63753151,139.5237708
5046,Mall,35.63530437,139.5157233
5047,Food & Drink Shop,35.63607748,139.5189493
5048,Fast Food Restaurant,35.67986234,139.7707486
5049,Restaurant,35.72975939,139.7148556
5050,Arts & Crafts Store,35.75064392,139.8043513
5051,Miscellaneous Shop,35.69802651,139.7737527
5052,Food & Drink Shop,35.693505,139.7675102
5053,Bar,35.69327956,139.7672028
5054,Gym / Fitness Center,35.704846,139.620314
5055,Temple,35.71683327,139.6072343
5056,Food & Drink Shop,35.71205744,139.6051168
5057,Café,35.70039,139.645777
5058,Japanese Restaurant,35.70466255,139.6132585
5059,Coffee Shop,35.69764531,139.6476781
5060,Convenience Store,35.62507687,139.6668657
5061,Coffee Shop,35.70321489,139.5807195
5062,Sporting Goods Shop,35.69489633,139.7625062
5063,Subway,35.69088159,139.7048521
5064,Train Station,35.68387955,139.7021339
5065,Thai Restaurant,35.706412,139.718585
5066,Event Space,35.66710051,139.7314382
5067,Ramen /  Noodle House,35.59869401,139.6095264
5068,Train Station,35.66615261,139.6424532
5069,Brewery,35.65963657,139.4782568
5070,Food & Drink Shop,35.56848477,139.5535172
5071,Hobby Shop,35.67162524,139.7032991
5072,Fast Food Restaurant,35.57824289,139.5593691
5073,Park,35.62542213,139.6619323
5074,Chinese Restaurant,35.65880966,139.7433409
5075,Road,35.62929573,139.7367247
5076,Bar,35.664042,139.731975
5077,Office,35.65894448,139.7032658
5078,Bakery,35.665754,139.729657
5079,College Academic Building,35.6612011,139.6777355
5080,Road,35.65972836,139.7234344
5081,Convention Center,35.67661161,139.7643757
5082,Planetarium,35.72907333,139.7202104
5083,Ramen /  Noodle House,35.62456452,139.6626556
5084,Record Shop,35.69540823,139.7617632
5085,Subway,35.67254956,139.9021505
5086,Building,35.69873047,139.7616425
5087,Movie Theater,35.66085722,139.6999222
5088,Train Station,35.79632442,139.7701505
5089,Airport,35.55375836,139.7872818
5090,Coffee Shop,35.6038932,139.5079458
5091,Fast Food Restaurant,35.68394082,139.7011346
5092,Bar,35.69327564,139.6989553
5093,Gym / Fitness Center,35.70673024,139.6875358
5094,Food & Drink Shop,35.71247123,139.6851861
5095,Burger Joint,35.69684503,139.6830291
5096,Government Building,35.7068138,139.6944254
5097,Bus Station,35.70133446,139.7006081
5098,Smoke Shop,35.70075796,139.7009683
5099,Korean Restaurant,35.701363,139.7007627
5100,Restaurant,35.71141343,139.6437621
5101,Ramen /  Noodle House,35.72347534,139.6200252
5102,Garden Center,35.72345902,139.620055
5103,Bridge,35.75723903,139.7083174
5104,Museum,35.66337511,139.8731841
5105,Gas Station / Garage,35.70374556,139.7084271
5106,Japanese Restaurant,35.70114413,139.7050161
5107,Other Great Outdoors,35.70148165,139.704667
5108,Drugstore / Pharmacy,35.70091277,139.7069011
5109,Government Building,35.70158348,139.7068906
5110,Japanese Restaurant,35.70108033,139.7076979
5111,Government Building,35.71334236,139.7111553
5112,High School,35.69899799,139.7232896
5113,Bar,35.701377,139.704605
5114,Flower Shop,35.701369,139.704765
5115,Bus Station,35.70171225,139.6964162
5116,Bus Station,35.7012314,139.7045474
5117,Bus Station,35.71130533,139.7100329
5118,Furniture / Home Store,35.72029799,139.6899283
5119,Deli / Bodega,35.7008293,139.7070716
5120,Post Office,35.71007993,139.7909993
5121,Government Building,35.71185708,139.7740155
5122,Fast Food Restaurant,35.722726,139.683719
5123,Building,35.69053304,139.6979159
5124,Convenience Store,35.70089536,139.7071554
5125,Temple,35.72204225,139.7136337
5126,Light Rail,35.71598342,139.7126611
5127,Office,35.71816389,139.7274417
5128,College Academic Building,35.64865032,139.7435537
5129,Movie Theater,35.691156,139.7021063
5130,Movie Theater,35.65657588,139.7006088
5131,Office,35.62237989,139.7274551
5132,Gym / Fitness Center,35.70385524,139.5861697
5133,Ramen /  Noodle House,35.6764896,139.7124642
5134,Gym / Fitness Center,35.73770039,139.7632887
5135,Food & Drink Shop,35.74474459,139.7597623
5136,Post Office,35.761381,139.740405
5137,Gas Station / Garage,35.74797513,139.7523594
5138,Bakery,35.76471347,139.6297449
5139,Mall,35.75956946,139.6286054
5140,Bank,35.75065698,139.7621441
5141,College Academic Building,35.71982568,139.7135389
5142,Post Office,35.74903308,139.756549
5143,Road,35.76142513,139.7060932
5144,Food & Drink Shop,35.73770175,139.7634684
5145,Fast Food Restaurant,35.759677,139.629117
5146,Road,35.73801316,139.7599554
5147,Temple,35.72176134,139.7256768
5148,Bridge,35.73889708,139.761098
5149,Japanese Restaurant,35.70993336,139.7316707
5150,Road,35.75577663,139.7415876
5151,Convenience Store,35.72653011,139.7122067
5152,Ramen /  Noodle House,35.65774083,139.696548
5153,Donut Shop,35.68703003,139.7007215
5154,Bus Station,35.6524318,139.5439464
5155,Bus Station,35.70230008,139.5609194
5156,College Academic Building,35.70835066,139.7197598
5157,Road,35.70838115,139.7518122
5158,Mall,35.70736186,139.7514421
5159,Fast Food Restaurant,35.70936666,139.8139013
5160,Sandwich Place,35.6725637,139.7251157
5161,Train Station,35.66681326,139.7580478
5162,Japanese Restaurant,35.64690871,139.746736
5163,Bookstore,35.64629008,139.7474281
5164,Convenience Store,35.64297232,139.7492802
5165,Mall,35.73823523,139.7608352
5166,Sandwich Place,35.67645474,139.7366953
5167,Sandwich Place,35.731141,139.709885
5168,Convenience Store,35.67473345,139.7593278
5169,University,35.67011848,139.6486115
5170,Fast Food Restaurant,35.75338345,139.7383562
5171,Sandwich Place,35.69935304,139.7629327
5172,Coffee Shop,35.73356732,139.739297
5173,Sandwich Place,35.67275931,139.764911
5174,Convenience Store,35.68979931,139.776368
5175,Student Center,35.70595923,139.7166002
5176,College Academic Building,35.7093133,139.7206879
5177,Ramen /  Noodle House,35.71147813,139.7194782
5178,General College & University,35.68578815,139.6994613
5179,Diner,35.63285938,139.6606367
5180,Tanning Salon,35.70975112,139.7202024
5181,Bar,35.71127685,139.719539
5182,General Entertainment,35.70877849,139.814494
5183,Event Space,35.66216584,139.667623
5184,Ramen /  Noodle House,35.68986643,139.7074351
5185,Office,35.6887772,139.7350645
5186,Coffee Shop,35.67150941,139.7370989
5187,Sandwich Place,35.678299,139.705695
5188,Ramen /  Noodle House,35.701311,139.75222
5189,Convenience Store,35.70261286,139.7756341
5190,Convenience Store,35.722477,139.794769
5191,Department Store,35.71966669,139.7950883
5192,Park,35.70524266,139.7540224
5193,Sculpture Garden,35.64335813,139.609167
5194,Church,35.70207253,139.6954176
5195,Office,35.69878852,139.6972574
5196,Fast Food Restaurant,35.67890383,139.7403171
5197,Fast Food Restaurant,35.68869659,139.698616
5198,Sculpture Garden,35.64226608,139.6086788
5199,Coffee Shop,35.69256453,139.6987237
5200,General Entertainment,35.6360361,139.6096659
5201,Music Store,35.73164696,139.7123945
5202,Japanese Restaurant,35.69653876,139.6978945
5203,Convenience Store,35.69779997,139.7742301
5204,Food & Drink Shop,35.68210468,139.8076851
5205,Café,35.68147787,139.8065312
5206,BBQ Joint,35.67920373,139.784182
5207,Garden,35.68066411,139.7978014
5208,Chinese Restaurant,35.65514241,139.7970911
5209,Home (private),35.65844314,139.6860325
5210,College Academic Building,35.71145853,139.7600493
5211,Art Museum,35.670785,139.713522
5212,Japanese Restaurant,35.711108,139.815214
5213,Miscellaneous Shop,35.711598,139.8156196
5214,Food & Drink Shop,35.70703081,139.8173815
5215,College Academic Building,35.70511416,139.8174754
5216,Ramen /  Noodle House,35.70115874,139.8171723
5217,Laundry Service,35.71116016,139.8150694
5218,Japanese Restaurant,35.70900839,139.8090935
5219,Fast Food Restaurant,35.71109918,139.782604
5220,Fast Food Restaurant,35.68192121,139.6851298
5221,Clothing Store,35.7104872,139.8113036
5222,Convenience Store,35.62188679,139.7509209
5223,Office,35.6226341,139.7497232
5224,Japanese Restaurant,35.68293865,139.6867204
5225,Temple,35.77915511,139.7803872
5226,Café,35.66141074,139.7025347
5227,Bus Station,35.56427059,139.6557736
5228,Fast Food Restaurant,35.60999921,139.7487545
5229,Fast Food Restaurant,35.66829682,139.7150016
5230,Electronics Store,35.70065341,139.7707728
5231,Bar,35.6972968,139.7714433
5232,Racetrack,35.66652741,139.4846427
5233,Record Shop,35.72965251,139.7180271
5234,Home (private),35.70528314,139.6656173
5235,Rest Area,35.68116085,139.6980715
5236,Bus Station,35.62717204,139.8978102
5237,Road,35.73988041,139.7467852
5238,Burger Joint,35.65189274,139.89184
5239,Bus Station,35.66954781,139.8149537
5240,Bus Station,35.66948596,139.8139195
5241,Burger Joint,35.70079499,139.742116
5242,Fair,35.63066895,139.7951031
5243,Fast Food Restaurant,35.5308199,139.6995384
5244,Food & Drink Shop,35.68760952,139.678663
5245,Fast Food Restaurant,35.69110232,139.6981898
5246,Italian Restaurant,35.69216809,139.6975366
5247,Food & Drink Shop,35.69990412,139.7700191
5248,Office,35.64513785,139.7005445
5249,Bridge,35.71198775,139.8505712
5250,Train Station,35.74320525,139.8177614
5251,Bridge,35.75619455,139.8103809
5252,Bridge,35.75858882,139.7892988
5253,Train Station,35.69844473,139.7733396
5254,Bar,35.69829225,139.7728515
5255,Subway,35.74205383,139.6491104
5256,Ramen /  Noodle House,35.56287712,139.7122201
5257,Furniture / Home Store,35.77136865,139.734292
5258,Subway,35.76507475,139.7357082
5259,Bus Station,35.70936122,139.7163534
5260,Home (private),35.70746033,139.7166685
5261,Ramen /  Noodle House,35.70804139,139.7172976
5262,BBQ Joint,35.68923686,139.696725
5263,Food & Drink Shop,35.67187473,139.7629005
5264,Office,35.64632462,139.6808209
5265,Japanese Restaurant,35.69289007,139.6995842
5266,Coffee Shop,35.662612,139.752278
5267,Hotel,35.67216453,139.6003747
5268,Coffee Shop,35.58071144,139.6413461
5269,Event Space,35.68425819,139.6997854
5270,Steakhouse,35.6601746,139.6989122
5271,Music Venue,35.68145082,139.686081
5272,Music Venue,35.666304,139.710887
5273,Office,35.627918,139.7400127
5274,Office,35.65630329,139.754634
5275,Restaurant,35.68419789,139.7370198
5276,Theater,35.661743,139.7081459
5277,Bookstore,35.65975451,139.6995521
5278,Italian Restaurant,35.68759209,139.6972078
5279,Smoke Shop,35.65930776,139.7018078
5280,Sculpture Garden,35.64748421,139.7093596
5281,BBQ Joint,35.63589986,139.6934299
5282,Smoke Shop,35.64428887,139.6989083
5283,Japanese Restaurant,35.67476795,139.7650408
5284,Ramen /  Noodle House,35.673229,139.7606737
5285,Office,35.62656595,139.7413945
5286,Deli / Bodega,35.62668804,139.7406703
5287,Subway,35.53532513,139.5894849
5288,Food & Drink Shop,35.62775632,139.6309412
5289,Bar,35.672825,139.767138
5290,Event Space,35.69460661,139.7021645
5291,Ramen /  Noodle House,35.70066212,139.7418183
5292,Indian Restaurant,35.645969,139.826823
5293,Ramen /  Noodle House,35.68015522,139.7683154
5294,Bar,35.69210585,139.7705126
5295,Bar,35.702382,139.770578
5296,Fast Food Restaurant,35.71056996,139.6850333
5297,Train Station,35.7065409,139.6832235
5298,Train Station,35.65867358,139.8173869
5299,Coffee Shop,35.67971419,139.7705984
5300,Chinese Restaurant,35.64727,139.743898
5301,Café,35.647184,139.744004
5302,Other Great Outdoors,35.64639007,139.747467
5303,Ramen /  Noodle House,35.64329559,139.6697071
5304,Dumpling Restaurant,35.64375048,139.6704045
5305,Food & Drink Shop,35.58831205,139.7303224
5306,Diner,35.60231211,139.6177822
5307,Dessert Shop,35.646677,139.702127
5308,Coffee Shop,35.58822531,139.7284033
5309,Japanese Restaurant,35.67123702,139.6163704
5310,Other Great Outdoors,35.659348,139.702638
5311,Sushi Restaurant,35.657003,139.704553
5312,Bar,35.65695191,139.7017246
5313,Food & Drink Shop,35.53973454,139.6921062
5314,Ramen /  Noodle House,35.6559494,139.7055066
5315,Train Station,35.69323927,139.7365301
5316,Convenience Store,35.644501,139.73487
5317,Drugstore / Pharmacy,35.64397499,139.7344208
5318,Furniture / Home Store,35.64613316,139.7403291
5319,Bridge,35.65278229,139.7496484
5320,Ramen /  Noodle House,35.662014,139.730048
5321,Diner,35.65996728,139.7291264
5322,Café,35.6968851,139.8147959
5323,Spa / Massage,35.72154249,139.5214453
5324,Japanese Restaurant,35.66194683,139.7300488
5325,Ramen /  Noodle House,35.62150014,139.7045262
5326,Mall,35.66140607,139.7295006
5327,Italian Restaurant,35.66191873,139.7297101
5328,Building,35.68036244,139.7801875
5329,Train Station,35.74233249,139.7970772
5330,Bus Station,35.77167723,139.7336064
5331,Miscellaneous Shop,35.750559,139.835341
5332,Food & Drink Shop,35.77442401,139.7317386
5333,Food & Drink Shop,35.74946191,139.8371923
5334,Miscellaneous Shop,35.74968225,139.8347906
5335,Fast Food Restaurant,35.60697244,139.68539
5336,Food & Drink Shop,35.61167392,139.6842849
5337,Indian Restaurant,35.60916954,139.6855764
5338,College Academic Building,35.60619241,139.6832983
5339,College Academic Building,35.60580279,139.6841009
5340,Food Truck,35.609247,139.684922
5341,Office,35.66955194,139.739871
5342,Bookstore,35.59800483,139.6129972
5343,Arcade,35.70453044,139.6491748
5344,Restaurant,35.69935483,139.7446831
5345,Convenience Store,35.71176125,139.6849179
5346,Convenience Store,35.70296223,139.7438192
5347,Ramen /  Noodle House,35.69057519,139.7001144
5348,Subway,35.7139761,139.6863127
5349,Fried Chicken Joint,35.73615822,139.4881296
5350,Arcade,35.72239393,139.4797933
5351,Ramen /  Noodle House,35.7306149,139.4974516
5352,Convenience Store,35.73750371,139.4995773
5353,Convenience Store,35.72356871,139.4913563
5354,Fast Food Restaurant,35.73668074,139.4869897
5355,Fast Food Restaurant,35.65605946,139.7043103
5356,Convenience Store,35.6546325,139.7084463
5357,Office,35.74568,139.7297
5358,Food & Drink Shop,35.74679308,139.7311351
5359,Convenience Store,35.70509238,139.5614129
5360,Ramen /  Noodle House,35.71216532,139.7773066
5361,Food & Drink Shop,35.78672262,139.6126163
5362,Department Store,35.82236929,139.5752071
5363,Bookstore,35.82279003,139.5754012
5364,Mall,35.81769296,139.5494488
5365,Coffee Shop,35.69972115,139.7742033
5366,Electronics Store,35.64807273,139.7448063
5367,Bakery,35.6476938,139.7445983
5368,College Academic Building,35.59883795,139.6506286
5369,Student Center,35.59787397,139.650296
5370,College Academic Building,35.59823819,139.6516331
5371,College Academic Building,35.59777801,139.6505427
5372,College Academic Building,35.59929595,139.6515405
5373,Japanese Restaurant,35.66969356,139.7619061
5374,Chinese Restaurant,35.56012788,139.7157134
5375,Ramen /  Noodle House,35.62667496,139.7380411
5376,Food & Drink Shop,35.73157728,139.7085168
5377,Steakhouse,35.656634,139.697017
5378,Food & Drink Shop,35.66549888,139.7298503
5379,Bar,35.73360651,139.6976906
5380,Art Gallery,35.69120929,139.6955472
5381,Café,35.65754926,139.6978906
5382,Japanese Restaurant,35.733634,139.696637
5383,Café,35.691581,139.737031
5384,Building,35.66561001,139.7381517
5385,Mall,35.77032,139.660993
5386,Event Space,35.70470904,139.7532821
5387,University,35.70811979,139.748953
5388,Burger Joint,35.60738677,139.7357082
5389,Convenience Store,35.54107025,139.6492767
5390,Japanese Restaurant,35.68416521,139.7384629
5391,Bridge,35.64738398,139.7227585
5392,Food & Drink Shop,35.70110211,139.4814482
5393,Ramen /  Noodle House,35.700927,139.481572
5394,Historic Site,35.6976805,139.7709912
5395,Other Nightlife,35.68209613,139.7669476
5396,Food & Drink Shop,35.70175991,139.5066047
5397,Convention Center,35.63193774,139.7965997
5398,Bridge,35.70240463,139.555335
5399,Hardware Store,35.71129083,139.4778246
5400,Fast Food Restaurant,35.731348,139.713095
5401,Ramen /  Noodle House,35.68028937,139.7680879
5402,Coffee Shop,35.61002902,139.7486104
5403,Department Store,35.58353582,139.7237339
5404,Ramen /  Noodle House,35.6073039,139.7363895
5405,Spa / Massage,35.7291854,139.7174541
5406,Bike Shop,35.6585159,139.6969283
5407,College Academic Building,35.71069273,139.7185314
5408,Coffee Shop,35.66662329,139.7107905
5409,University,35.72989638,139.7030282
5410,Train Station,35.70127751,139.7001892
5411,Food & Drink Shop,35.72785834,139.5116901
5412,Subway,35.69220352,139.7828369
5413,Park,35.68818029,139.7887945
5414,Office,35.68350509,139.688099
5415,Subway,35.68839378,139.8060036
5416,Food & Drink Shop,35.68873145,139.787145
5417,General College & University,35.65904183,139.7027123
5418,School,35.69768932,139.766119
5419,Smoke Shop,35.65935825,139.7023932
5420,Food & Drink Shop,35.65293744,139.8997629
5421,Fast Food Restaurant,35.58009278,139.6417987
5422,Café,35.57716522,139.6587557
5423,Japanese Restaurant,35.58144526,139.6409243
5424,Home (private),35.65501887,139.5636473
5425,Diner,35.65021981,139.5577302
5426,Arcade,35.6602917,139.6682225
5427,Restaurant,35.65368064,139.542734
5428,Arcade,35.69580032,139.7006142
5429,Japanese Restaurant,35.69953873,139.7747746
5430,Food & Drink Shop,35.7241131,139.682107
5431,Art Gallery,35.66325435,139.7408527
5432,Office,35.61912205,139.7303187
5433,Bar,35.70373574,139.5790734
5434,Coffee Shop,35.70528217,139.5775607
5435,Candy Store,35.703712,139.579995
5436,Café,35.66039511,139.7074447
5437,Coffee Shop,35.67289447,139.7236343
5438,Coffee Shop,35.70341324,139.5794864
5439,Bowling Alley,35.77658272,139.6786416
5440,Coffee Shop,35.68886652,139.7024301
5441,Concert Hall,35.66247202,139.6978864
5442,Ramen /  Noodle House,35.70168367,139.7718403
5443,Ramen /  Noodle House,35.70238285,139.7770223
5444,Electronics Store,35.702791,139.770755
5445,Bus Station,35.67686937,139.8270225
5446,Train Station,35.70320182,139.5799041
5447,Bookstore,35.70291866,139.5793569
5448,Diner,35.67720172,139.778393
5449,Convenience Store,35.68914318,139.827767
5450,Bus Station,35.6890437,139.8264449
5451,Bus Station,35.67626808,139.834091
5452,Bridge,35.68249494,139.7916474
5453,Bus Station,35.6903348,139.8356098
5454,Train Station,35.71037612,139.813385
5455,Miscellaneous Shop,35.69721184,139.8124838
5456,Bridge,35.67568193,139.8366897
5457,Candy Store,35.71274564,139.7048092
5458,Bus Station,35.71327703,139.704423
5459,Fast Food Restaurant,35.70287401,139.5795473
5460,Park,35.66975676,139.8331958
5461,Thrift / Vintage Store,35.70168367,139.7710276
5462,Food & Drink Shop,35.70252238,139.580601
5463,Ramen /  Noodle House,35.67156641,139.761385
5464,Bar,35.68247895,139.6869376
5465,Road,35.695491,139.7613394
5466,Bus Station,35.67542594,139.8404631
5467,Food & Drink Shop,35.67543504,139.8411512
5468,Drugstore / Pharmacy,35.70235467,139.579561
5469,Coffee Shop,35.682989,139.738289
5470,Train Station,35.65640707,139.7952533
5471,Hobby Shop,35.68106298,139.7689993
5472,Electronics Store,35.69929858,139.7696033
5473,Mall,35.70335174,139.5782623
5474,Mall,35.70378772,139.5798236
5475,Convenience Store,35.670363,139.743305
5476,Convenience Store,35.68993876,139.8154986
5477,Food & Drink Shop,35.69648212,139.8157239
5478,Convenience Store,35.69467414,139.8154289
5479,Bakery,35.697116,139.8136157
5480,Ramen /  Noodle House,35.67095315,139.7431263
5481,Park,35.71816131,139.7026625
5482,Hotel,35.71253499,139.7255995
5483,Chinese Restaurant,35.65835758,139.5743465
5484,Athletic & Sport,35.65884507,139.5184721
5485,Ramen /  Noodle House,35.66274151,139.734148
5486,Convenience Store,35.61384288,139.7246368
5487,Food & Drink Shop,35.62449734,139.7241829
5488,Convenience Store,35.64282409,139.5510864
5489,Italian Restaurant,35.64295052,139.733136
5490,Italian Restaurant,35.64223556,139.7332567
5491,Electronics Store,35.68994486,139.6983075
5492,French Restaurant,35.67180064,139.7614682
5493,Convenience Store,35.67458774,139.7612722
5494,Government Building,35.67368541,139.7603926
5495,Subway,35.69790888,139.7074699
5496,Coffee Shop,35.64725974,139.7085857
5497,Convenience Store,35.72929821,139.717908
5498,Coffee Shop,35.64431153,139.7484806
5499,Bike Shop,35.7329157,139.7132696
5500,Beer Garden,35.621305,139.7285843
5501,Laundry Service,35.58093917,139.7276509
5502,Food & Drink Shop,35.58096535,139.7276455
5503,Department Store,35.58638201,139.7279541
5504,Chinese Restaurant,35.62130936,139.7283456
5505,Library,35.58669594,139.7280289
5506,Neighborhood,35.58651896,139.727984
5507,Office,35.62540609,139.7420436
5508,Office,35.625393,139.742049
5509,Mall,35.70261559,139.7368743
5510,Food & Drink Shop,35.64674753,139.5640898
5511,Convenience Store,35.650188,139.5510519
5512,College Academic Building,35.65854718,139.5444989
5513,Convenience Store,35.64913637,139.5507216
5514,Concert Hall,35.65091923,139.5417845
5515,Mall,35.68528865,139.7646614
5516,Japanese Restaurant,35.70856845,139.6658421
5517,Other Great Outdoors,35.67930731,139.7646115
5518,Post Office,35.6798362,139.7651052
5519,Parking,35.70389554,139.5808154
5520,Residential Building (Apartment / Condo),35.62739006,139.7512007
5521,University,35.69926708,139.7724988
5522,Food & Drink Shop,35.62754703,139.7506857
5523,University,35.69981058,139.7736171
5524,University,35.70001738,139.7696999
5525,Post Office,35.71015833,139.5618743
5526,Hobby Shop,35.70090913,139.7697731
5527,Convenience Store,35.71088,139.568748
5528,Convenience Store,35.62336124,139.7496733
5529,Electronics Store,35.70056846,139.7707406
5530,Hardware Store,35.68200846,139.5441125
5531,Convenience Store,35.69976311,139.7690342
5532,Ramen /  Noodle House,35.69833581,139.7715211
5533,Food & Drink Shop,35.70270085,139.5613378
5534,Medical Center,35.70651644,139.6388356
5535,Japanese Restaurant,35.53007401,139.6999329
5536,Building,35.6597872,139.7003701
5537,Park,35.67611347,139.7134953
5538,Bus Station,35.76903606,139.702458
5539,Office,35.59433201,139.6207595
5540,Post Office,35.77804503,139.6862376
5541,Food & Drink Shop,35.72972001,139.7137329
5542,Mall,35.77971622,139.6940589
5543,Food & Drink Shop,35.73530094,139.7411354
5544,Train Station,35.60586169,139.7129703
5545,Food & Drink Shop,35.71280662,139.7925282
5546,Mall,35.70144444,139.7442647
5547,Miscellaneous Shop,35.70188188,139.744581
5548,Food & Drink Shop,35.735558,139.8018058
5549,Miscellaneous Shop,35.73563569,139.8013902
5550,Mall,35.70215553,139.7404368
5551,Food & Drink Shop,35.72257249,139.7987375
5552,Food & Drink Shop,35.72062899,139.7917342
5553,Convenience Store,35.71595812,139.7986693
5554,Road,35.66824452,139.6434429
5555,Clothing Store,35.735381,139.801908
5556,Convenience Store,35.71767505,139.7978452
5557,Convenience Store,35.72142164,139.7999632
5558,Train Station,35.67846285,139.7404069
5559,Miscellaneous Shop,35.67838951,139.7400427
5560,Subway,35.67702995,139.7370386
5561,Train Station,35.71180306,139.7034304
5562,Food & Drink Shop,35.71911469,139.7950734
5563,Food & Drink Shop,35.72019459,139.7842886
5564,Event Space,35.56469405,139.7276298
5565,Bus Station,35.85852016,139.6567253
5566,Food & Drink Shop,35.75509752,139.7685653
5567,Furniture / Home Store,35.75496692,139.7682381
5568,Convenience Store,35.73566182,139.8033643
5569,Building,35.70070199,139.741451
5570,Office,35.71939084,139.562426
5571,Coffee Shop,35.61897202,139.731355
5572,Fast Food Restaurant,35.61911374,139.7314167
5573,Fast Food Restaurant,35.72894486,139.771556
5574,Office,35.6866074,139.6889305
5575,Ramen /  Noodle House,35.68759645,139.6937531
5576,Japanese Restaurant,35.85817875,139.6616149
5577,Movie Theater,35.69190326,139.7057641
5578,Indian Restaurant,35.705792,139.7738341
5579,Coffee Shop,35.66059571,139.7071534
5580,Movie Theater,35.67035381,139.7664919
5581,Japanese Restaurant,35.56693081,139.6919675
5582,Train Station,35.68090812,139.768399
5583,Bookstore,35.73357603,139.7393185
5584,Hardware Store,35.67219285,139.7658455
5585,Airport,35.550588,139.782144
5586,Bar,35.690564,139.708573
5587,Road,35.71864149,139.6143289
5588,College Academic Building,35.66115795,139.6332693
5589,College Academic Building,35.665614,139.634667
5590,College Academic Building,35.7084944,139.7484863
5591,Train Station,35.68043505,139.6866831
5592,College Academic Building,35.66318026,139.6356297
5593,Food & Drink Shop,35.65998987,139.6427509
5594,Ramen /  Noodle House,35.7110774,139.70966
5595,Road,35.6824027,139.6882117
5596,Ramen /  Noodle House,35.66891784,139.6331567
5597,Food & Drink Shop,35.66733367,139.6314508
5598,General College & University,35.66266834,139.6353141
5599,Indian Restaurant,35.6986123,139.7746008
5600,Food & Drink Shop,35.70000658,139.7802823
5601,Diner,35.69358131,139.7011017
5602,Convenience Store,35.83474555,139.7101682
5603,Hotel,35.66410423,139.7604436
5604,Road,35.66336331,139.7627932
5605,Furniture / Home Store,35.7386986,139.510171
5606,Food & Drink Shop,35.72693511,139.5134068
5607,General College & University,35.65540673,139.5442387
5608,College Academic Building,35.65912688,139.5435601
5609,Coffee Shop,35.658229,139.7021297
5610,Chinese Restaurant,35.709772,139.773237
5611,Toy / Game Store,35.66536709,139.7310621
5612,Fast Food Restaurant,35.72164811,139.7062683
5613,Indian Restaurant,35.69069424,139.7035646
5614,Video Store,35.72805431,139.7192073
5615,Library,35.72695253,139.7189713
5616,Coffee Shop,35.62925625,139.7935367
5617,Train Station,35.63214484,139.517481
5618,Road,35.65627631,139.7371674
5619,Subway,35.65649425,139.7361588
5620,Home (private),35.65140498,139.7371014
5621,Road,35.65189565,139.7450048
5622,Road,35.65416665,139.7451469
5623,Road,35.65489893,139.7452354
5624,Playground,35.75915473,139.741888
5625,Road,35.69493771,139.7845244
5626,Convenience Store,35.70390098,139.8015404
5627,Bridge,35.77668717,139.7448921
5628,Plaza,35.66968748,139.7551231
5629,Office,35.67131256,139.7533035
5630,Automotive Shop,35.64693934,139.7486687
5631,Road,35.68943945,139.7755444
5632,Train Station,35.74250675,139.7689644
5633,Road,35.58441955,139.754654
5634,Road,35.65261924,139.7496088
5635,Office,35.66937876,139.7438947
5636,Road,35.64526536,139.7441947
5637,Japanese Restaurant,35.69560428,139.7692251
5638,Train Station,35.76612579,139.8092237
5639,Road,35.73002049,139.7917865
5640,Office,35.6786673,139.7673449
5641,Hotel,35.67058027,139.7278493
5642,Burger Joint,35.51721622,139.632411
5643,Coffee Shop,35.61307821,139.6268106
5644,Fast Food Restaurant,35.62701943,139.6259522
5645,Fast Food Restaurant,35.63154671,139.643945
5646,Art Gallery,35.66046059,139.7293782
5647,Train Station,35.70703952,139.7821641
5648,Japanese Restaurant,35.76500946,139.7359604
5649,Japanese Restaurant,35.67092953,139.7196566
5650,Camera Store,35.69164859,139.6977261
5651,Gym / Fitness Center,35.76434128,139.8273297
5652,Ramen /  Noodle House,35.70832888,139.770876
5653,Sandwich Place,35.70913754,139.7699278
5654,Gym / Fitness Center,35.66732039,139.8045182
5655,Coffee Shop,35.66728582,139.804663
5656,Coffee Shop,35.71044223,139.8115166
5657,University,35.73736873,139.6758199
5658,Bus Station,35.78050204,139.8671285
5659,Fast Food Restaurant,35.76867879,139.8710418
5660,Train Station,35.750027,139.80548
5661,Post Office,35.76351644,139.8656827
5662,Government Building,35.61855556,139.7745574
5663,Japanese Restaurant,35.678847,139.63618
5664,Automotive Shop,35.67808354,139.6402954
5665,Coffee Shop,35.69781522,139.7737741
5666,Arcade,35.69490722,139.700987
5667,Japanese Restaurant,35.65849924,139.5755213
5668,Train Station,35.77203022,139.8204339
5669,University,35.70986214,139.7623265
5670,Bridge,35.6966602,139.7707868
5671,Bar,35.5620464,139.7144358
5672,Smoke Shop,35.56257676,139.7150752
5673,Train Station,35.56437553,139.7085207
5674,Bar,35.56216007,139.7124965
5675,Bar,35.66920765,139.7631794
5676,Bus Station,35.57476114,139.6983343
5677,Café,35.57218245,139.7053751
5678,Food & Drink Shop,35.56805464,139.6984202
5679,Office,35.61718626,139.7798145
5680,Train Station,35.76394302,139.7708023
5681,Convenience Store,35.73261585,139.7679967
5682,Fast Food Restaurant,35.6988673,139.7647512
5683,Arcade,35.70395321,139.5796108
5684,Arcade,35.70463499,139.5799577
5685,Mobile Phone Shop,35.689062,139.696329
5686,Convenience Store,35.844194,139.628188
5687,Bookstore,35.8441205,139.6289988
5688,Drugstore / Pharmacy,35.84405617,139.6292245
5689,History Museum,35.66753197,139.7618088
5690,Hotel,35.66711628,139.7635133
5691,Convenience Store,35.67009233,139.672152
5692,Food & Drink Shop,35.6674252,139.761259
5693,Shrine,35.66957808,139.7479928
5694,Park,35.66966742,139.6695596
5695,Ramen /  Noodle House,35.6894046,139.6967679
5696,Bookstore,35.67362222,139.6686637
5697,Ramen /  Noodle House,35.67262833,139.7650507
5698,Food & Drink Shop,35.70256254,139.7737849
5699,Miscellaneous Shop,35.69770388,139.7539403
5700,Parking,35.67073453,139.7424277
5701,Mall,35.66735111,139.803949
5702,Subway,35.70858152,139.8046196
5703,Bar,35.65513431,139.7930002
5704,Japanese Restaurant,35.77797439,139.7769222
5705,Smoke Shop,35.70207356,139.7714245
5706,Arcade,35.76373843,139.6765333
5707,Bar,35.69793284,139.7760513
5708,Convenience Store,35.77174296,139.6700478
5709,Convenience Store,35.76604542,139.6711367
5710,Food & Drink Shop,35.770128,139.660808
5711,Spa / Massage,35.65590581,139.8817223
5712,Convenience Store,35.76542461,139.6736385
5713,Japanese Restaurant,35.7003855,139.7727281
5714,Convenience Store,35.69805264,139.7737205
5715,Train Station,35.77820989,139.72119
5716,Other Great Outdoors,35.77095403,139.6925109
5717,Train Station,35.73063937,139.7112298
5718,Convenience Store,35.69427332,139.7708586
5719,Bar,35.66028407,139.7054878
5720,Chinese Restaurant,35.661221,139.702236
5721,Temple,35.75817092,139.8784447
5722,Convenience Store,35.69810986,139.651444
5723,Bookstore,35.69783918,139.6490192
5724,Bookstore,35.5512756,139.5754062
5725,Fried Chicken Joint,35.55357724,139.5785925
5726,Miscellaneous Shop,35.70059588,139.8165524
5727,Food & Drink Shop,35.700601,139.8165232
5728,Gift Shop,35.68131772,139.7690105
5729,Sporting Goods Shop,35.7007234,139.8165823
5730,Ramen /  Noodle House,35.69843572,139.7541798
5731,Japanese Restaurant,35.74956858,139.806776
5732,Train Station,35.58962112,139.7292761
5733,Bar,35.7049302,139.6519871
5734,Smoke Shop,35.710602,139.797917
5735,Ramen /  Noodle House,35.707902,139.6497649
5736,Event Space,35.61756565,139.7772235
5737,Convenience Store,35.71237105,139.8141575
5738,Convenience Store,35.71033257,139.8123336
5739,Performing Arts Venue,35.66381658,139.7308722
5740,School,35.68933707,139.6838289
5741,Park,35.73934121,139.6531016
5742,Food & Drink Shop,35.75632808,139.5504733
5743,Café,35.58736976,139.7282141
5744,Chinese Restaurant,35.58796306,139.7296357
5745,Playground,35.59177438,139.7523133
5746,Deli / Bodega,35.585533,139.72661
5747,Train Station,35.60640928,139.6929297
5748,Fast Food Restaurant,35.80964535,139.8447016
5749,Japanese Restaurant,35.6754279,139.7829237
5750,Bar,35.69526,139.692684
5751,Park,35.74504937,139.6453071
5752,Convenience Store,35.78366773,139.6663892
5753,Dumpling Restaurant,35.69756472,139.7830881
5754,Coffee Shop,35.61973733,139.7285843
5755,Japanese Restaurant,35.66155893,139.7025347
5756,Bar,35.66096618,139.7240889
5757,Ramen /  Noodle House,35.699349,139.7448651
5758,Coffee Shop,35.75037923,139.8026251
5759,Garden,35.72832866,139.5531249
5760,Food & Drink Shop,35.70572836,139.5812452
5761,Bar,35.69789146,139.7745949
5762,Arcade,35.73066966,139.7161423
5763,Coffee Shop,35.6948288,139.7605777
5764,Road,35.69537338,139.7800076
5765,Spa / Massage,35.66554617,139.6708177
5766,Soup Place,35.66337394,139.6686049
5767,Electronics Store,35.70083597,139.7078985
5768,Clothing Store,35.6982574,139.7731572
5769,Restaurant,35.70624673,139.7202694
5770,Fast Food Restaurant,35.67413644,139.668307
5771,Coffee Shop,35.673188,139.667186
5772,Gym / Fitness Center,35.82065455,139.6989228
5773,Ramen /  Noodle House,35.73176671,139.710128
5774,Bus Station,35.65938839,139.7180378
5775,Sandwich Place,35.66052205,139.697035
5776,Café,35.65869428,139.7186668
5777,Bakery,35.5759261,139.6596354
5778,Coffee Shop,35.57708232,139.6588147
5779,Coffee Shop,35.5803491,139.6621728
5780,Electronics Store,35.66762262,139.7587278
5781,Coffee Shop,35.66760481,139.7677214
5782,Convention Center,35.65809334,139.6969275
5783,Building,35.67207085,139.7571893
5784,Bookstore,35.71385197,139.7773576
5785,Food & Drink Shop,35.75295445,139.7302838
5786,College Academic Building,35.61138608,139.5548737
5787,College Academic Building,35.60828085,139.5549971
5788,College Academic Building,35.61062287,139.5545465
5789,Japanese Restaurant,35.70121701,139.7711865
5790,Sushi Restaurant,35.72392365,139.7520027
5791,Bar,35.644309,139.701065
5792,Bookstore,35.769715,139.660835
5793,Miscellaneous Shop,35.76980698,139.660744
5794,Convenience Store,35.76942308,139.6672314
5795,Miscellaneous Shop,35.76796061,139.6613681
5796,Miscellaneous Shop,35.76967553,139.6595281
5797,Ramen /  Noodle House,35.64591926,139.8262489
5798,Road,35.7315312,139.7117895
5799,Bridge,35.77645215,139.6772254
5800,Bookstore,35.76867813,139.6614938
5801,Electronics Store,35.73090667,139.7089934
5802,Subway,35.72993121,139.7109461
5803,Convenience Store,35.76371646,139.6759511
5804,Road,35.7552107,139.6880078
5805,Record Shop,35.77027182,139.6609604
5806,Electronics Store,35.7318734,139.7133869
5807,Neighborhood,35.73310983,139.7133643
5808,Train Station,35.65462985,139.7055497
5809,Bar,35.56315422,139.7156695
5810,Fast Food Restaurant,35.70157453,139.7713598
5811,BBQ Joint,35.698238,139.77543
5812,Park,35.80245082,139.7160526
5813,Mall,35.83727258,139.7230954
5814,Bar,35.528845,139.700468
5815,Asian Restaurant,35.52932913,139.7007377
5816,Residential Building (Apartment / Condo),35.55942451,139.7173244
5817,Other Great Outdoors,35.56235891,139.7169515
5818,Sushi Restaurant,35.56217672,139.7171366
5819,Miscellaneous Shop,35.55971164,139.7176985
5820,Bar,35.66243062,139.6979052
5821,Bar,35.657067,139.695879
5822,Road,35.65746188,139.696151
5823,Housing Development,35.64223992,139.6543837
5824,Bar,35.69487672,139.7012714
5825,Convenience Store,35.66629164,139.7538355
5826,Japanese Restaurant,35.62618454,139.7127958
5827,Concert Hall,35.74249609,139.8524046
5828,Art Gallery,35.66536377,139.7302151
5829,Library,35.65100206,139.5411193
5830,College Academic Building,35.70918698,139.7195151
5831,Office,35.69905898,139.7528529
5832,Bus Station,35.82794208,139.6892006
5833,Italian Restaurant,35.68995793,139.7112572
5834,Ramen /  Noodle House,35.701185,139.750235
5835,Bookstore,35.69959917,139.7441733
5836,Italian Restaurant,35.74973068,139.7144145
5837,Office,35.69902413,139.75281
5838,Bookstore,35.7790373,139.7223616
5839,Ramen /  Noodle House,35.69427768,139.7033648
5840,Bus Station,35.67214056,139.4803888
5841,Café,35.67250625,139.7948886
5842,Automotive Shop,35.54860829,139.5763904
5843,Miscellaneous Shop,35.8586483,139.7533089
5844,Food & Drink Shop,35.80694199,139.7142774
5845,Train Station,35.62949661,139.7166461
5846,Fast Food Restaurant,35.69002764,139.8351699
5847,Fast Food Restaurant,35.61500753,139.6988721
5848,Train Station,35.56197312,139.7245969
5849,Military Base,35.56109447,139.723928
5850,Convenience Store,35.6878448,139.6937478
5851,Bus Station,35.6460758,139.8697387
5852,Subway,35.69792631,139.6829116
5853,Subway,35.70314812,139.7458635
5854,Bookstore,35.71503232,139.7051471
5855,Ramen /  Noodle House,35.73770727,139.7112063
5856,Elementary School,35.74102504,139.7153693
5857,Mall,35.68084712,139.7688818
5858,Train Station,35.73080215,139.7105598
5859,Convenience Store,35.7415421,139.7164566
5860,Coffee Shop,35.73104286,139.7128257
5861,Clothing Store,35.67032602,139.7632438
5862,Indian Restaurant,35.621394,139.740052
5863,Train Station,35.67465329,139.7629692
5864,Train Station,35.73027959,139.7114021
5865,Japanese Restaurant,35.84171014,139.7880542
5866,Office,35.52920524,139.6957541
5867,Italian Restaurant,35.83540224,139.6776438
5868,Bar,35.65515566,139.704672
5869,Clothing Store,35.72862719,139.7747005
5870,Convenience Store,35.60823114,139.7484357
5871,Convenience Store,35.69601129,139.7755192
5872,Music Venue,35.7011599,139.6971677
5873,Music Store,35.728596,139.713317
5874,Coffee Shop,35.67658547,139.6771315
5875,Café,35.66802879,139.6327007
5876,Café,35.6661428,139.6404308
5877,Café,35.65791954,139.7049809
5878,Fast Food Restaurant,35.66549016,139.858827
5879,Government Building,35.67120797,139.8044801
5880,Spa / Massage,35.66665816,139.7553205
5881,Airport,35.55517676,139.7878718
5882,Café,35.67881655,139.7817457
5883,Bar,35.68897217,139.6975149
5884,College Academic Building,35.62473552,139.530304
5885,Fast Food Restaurant,35.70263551,139.544751
5886,Building,35.70643632,139.6632927
5887,Fast Food Restaurant,35.66257,139.733259
5888,Office,35.70148111,139.7759414
5889,Shop & Service,35.70473673,139.779833
5890,Miscellaneous Shop,35.70567477,139.7773166
5891,Park,35.70571465,139.7800627
5892,Building,35.68695596,139.7731304
5893,Pizza Place,35.71735623,139.8569788
5894,Train Station,35.73045378,139.7102165
5895,Ramen /  Noodle House,35.657022,139.753075
5896,Road,35.768378,139.874504
5897,Road,35.75738734,139.8545301
5898,Japanese Restaurant,35.768012,139.870738
5899,Miscellaneous Shop,35.76877672,139.8704584
5900,Coffee Shop,35.7660846,139.8691642
5901,Food & Drink Shop,35.76850187,139.8708438
5902,Library,35.768524,139.870745
5903,Miscellaneous Shop,35.74684315,139.846175
5904,Park,35.63811421,139.8768198
5905,Gift Shop,35.71062355,139.8128654
5906,Convenience Store,35.713416,139.672432
5907,Convenience Store,35.71205308,139.6777081
5908,Food & Drink Shop,35.70681736,139.6671295
5909,Food & Drink Shop,35.74258502,139.8424816
5910,Bridge,35.75770494,139.5907134
5911,Office,35.6563722,139.6993375
5912,Park,35.77546806,139.5971141
5913,Other Great Outdoors,35.67835316,139.736121
5914,Home (private),35.68693796,139.6656173
5915,Sushi Restaurant,35.68983811,139.6983477
5916,BBQ Joint,35.66478194,139.7295908
5917,Food & Drink Shop,35.69123885,139.6705949
5918,College Academic Building,35.69119092,139.6702194
5919,Office,35.65687781,139.7566563
5920,Ramen /  Noodle House,35.69374617,139.7045141
5921,Shrine,35.68325673,139.6637553
5922,Government Building,35.68582748,139.6682319
5923,Convenience Store,35.70754481,139.6628809
5924,University,35.62143288,139.7233698
5925,College Academic Building,35.62114371,139.7236092
5926,College Academic Building,35.61988608,139.7250259
5927,Bus Station,35.62893795,139.7375107
5928,Café,35.70478932,139.7720532
5929,Ramen /  Noodle House,35.71799403,139.8585936
5930,Dessert Shop,35.69811799,139.7750187
5931,Department Store,35.64284153,139.7140735
5932,Food & Drink Shop,35.66569718,139.8352289
5933,Ramen /  Noodle House,35.71887164,139.8576763
5934,Café,35.70416017,139.7715694
5935,Subway,35.69520782,139.7582442
5936,Plaza,35.66481867,139.8593086
5937,Hobby Shop,35.70095891,139.7718099
5938,Video Game Store,35.69859284,139.7703677
5939,Train Station,35.62757619,139.737982
5940,Convenience Store,35.66038369,139.7064124
5941,Bridge,35.663834,139.886915
5942,Food & Drink Shop,35.73648915,139.4887519
5943,Rest Area,35.77404971,139.6851808
5944,Road,35.62636319,139.6309492
5945,Road,35.65989398,139.5356128
5946,Convenience Store,35.65983624,139.7923216
5947,Convenience Store,35.65665988,139.7955161
5948,Italian Restaurant,35.7001187,139.7456063
5949,Convenience Store,35.72343114,139.7487451
5950,Food & Drink Shop,35.6560235,139.794116
5951,Theater,35.66696759,139.7669613
5952,Coffee Shop,35.66418708,139.7662737
5953,Library,35.67045186,139.77202
5954,Bookstore,35.70993183,139.8117113
5955,Park,35.66852997,139.783296
5956,Bakery,35.67978173,139.7696167
5957,Bar,35.66211245,139.6687737
5958,School,35.70165209,139.7539969
5959,Road,35.69882833,139.7687647
5960,Shrine,35.70104983,139.7671008
5961,Thai Restaurant,35.62601654,139.7408205
5962,Bar,35.610014,139.711729
5963,Bus Station,35.68006278,139.7696972
5964,College Academic Building,35.71501147,139.7517693
5965,BBQ Joint,35.715052,139.752092
5966,Food & Drink Shop,35.71433849,139.7520239
5967,Furniture / Home Store,35.71419383,139.7521586
5968,Chinese Restaurant,35.71187438,139.7526776
5969,Shrine,35.65479497,139.7108707
5970,Drugstore / Pharmacy,35.7136534,139.752212
5971,Mall,35.65944451,139.7003588
5972,Bridge,35.65818534,139.7029018
5973,Bridge,35.65527299,139.7064074
5974,Music Venue,35.75296196,139.7378872
5975,General College & University,35.65148321,139.6378792
5976,Road,35.70967919,139.7913855
5977,Train Station,35.74599633,139.8563332
5978,Train Station,35.75096173,139.8675334
5979,Bridge,35.76909664,139.8796463
5980,Fast Food Restaurant,35.65945196,139.6992419
5981,Food & Drink Shop,35.70515772,139.6196008
5982,Miscellaneous Shop,35.70501832,139.6195793
5983,Sushi Restaurant,35.68867699,139.6972829
5984,Playground,35.58744828,139.6258557
5985,Home (private),35.58382028,139.6146102
5986,Japanese Restaurant,35.66346791,139.7317708
5987,Indian Restaurant,35.65718074,139.7037564
5988,Chinese Restaurant,35.66419278,139.7313664
5989,Convenience Store,35.6986277,139.7543228
5990,Convenience Store,35.69703758,139.7511792
5991,Ramen /  Noodle House,35.73462302,139.8803706
5992,Train Station,35.69233132,139.771273
5993,Coffee Shop,35.69376795,139.7712046
5994,Bar,35.66249163,139.6956199
5995,Bar,35.66245616,139.6973122
5996,Record Shop,35.70406869,139.5794964
5997,Bar,35.60811403,139.6693933
5998,Park,35.68126698,139.735632
5999,Bar,35.53737736,139.6313596
6000,Bar,35.53683607,139.6339774
6001,Japanese Restaurant,35.68330504,139.7380768
6002,Athletic & Sport,35.70346972,139.7522414
6003,Miscellaneous Shop,35.67173922,139.7240831
6004,Coffee Shop,35.67254148,139.7251081
6005,Bakery,35.73290979,139.8813361
6006,Food & Drink Shop,35.74079114,139.8770499
6007,Bar,35.73306655,139.8816097
6008,Road,35.67282038,139.7240245
6009,Mall,35.73335395,139.8820147
6010,Food & Drink Shop,35.73364788,139.8814595
6011,Road,35.67716285,139.7209883
6012,Train Station,35.74202771,139.8840022
6013,Restaurant,35.78661818,139.6123695
6014,Sandwich Place,35.67013488,139.7168306
6015,Road,35.66521232,139.7124535
6016,Miscellaneous Shop,35.69747902,139.7544543
6017,Bar,35.69796606,139.7766676
6018,Gym / Fitness Center,35.58115732,139.6428823
6019,Office,35.68424381,139.7406164
6020,Burger Joint,35.58840803,139.7316098
6021,Japanese Restaurant,35.589075,139.73021
6022,Ramen /  Noodle House,35.73285753,139.7092295
6023,Bar,35.67263409,139.7961156
6024,Coffee Shop,35.66531583,139.7118473
6025,College Academic Building,35.67900087,139.7968663
6026,Café,35.683937,139.793958
6027,Bus Station,35.68217176,139.7877324
6028,Café,35.688982,139.796265
6029,Coffee Shop,35.67166555,139.7665322
6030,Convenience Store,35.64038275,139.7480035
6031,Event Space,35.56492472,139.5539748
6032,Bus Station,35.63137718,139.8885334
6033,Home (private),35.66175053,139.9008172
6034,Library,35.65562249,139.9015117
6035,Bus Station,35.66060669,139.9011799
6036,Stadium,35.63068639,139.8912978
6037,Food & Drink Shop,35.65377968,139.881626
6038,Café,35.73320698,139.7384521
6039,Coffee Shop,35.66877621,139.7410834
6040,College Academic Building,35.71630849,139.7606421
6041,Coffee Shop,35.706793,139.760601
6042,Coffee Shop,35.66486257,139.7393775
6043,Bakery,35.73648044,139.7468555
6044,Restaurant,35.66699659,139.739409
6045,Coffee Shop,35.73813533,139.7607181
6046,Café,35.662222,139.697498
6047,Subway,35.69950333,139.7250223
6048,Medical Center,35.70544225,139.6181927
6049,Food & Drink Shop,35.74519522,139.4909379
6050,Convention Center,35.66233473,139.7075129
6051,Bar,35.69375706,139.7613716
6052,Elementary School,35.6227642,139.6952082
6053,Café,35.695709,139.759875
6054,Italian Restaurant,35.69620373,139.7597199
6055,Arcade,35.73235432,139.8805657
6056,Japanese Restaurant,35.68096913,139.7686672
6057,Japanese Restaurant,35.73021696,139.762009
6058,Food & Drink Shop,35.82751623,139.5726995
6059,Bus Station,35.54511216,139.7672081
6060,Building,35.69522961,139.70725
6061,Bridge,35.8308632,139.6132087
6062,Clothing Store,35.653623,139.6157852
6063,Café,35.66587477,139.7309523
6064,Department Store,35.81022655,139.7201729
6065,Fast Food Restaurant,35.62871994,139.7371674
6066,Convenience Store,35.80344846,139.7178233
6067,Clothing Store,35.80304819,139.7186065
6068,Drugstore / Pharmacy,35.71074636,139.7745533
6069,Train Station,35.73371973,139.7681254
6070,Japanese Restaurant,35.81554465,139.5878059
6071,Fast Food Restaurant,35.67074112,139.7476473
6072,Fast Food Restaurant,35.81542148,139.5873889
6073,Asian Restaurant,35.67046276,139.7420302
6074,Japanese Restaurant,35.690433,139.7041257
6075,Chinese Restaurant,35.679501,139.710866
6076,Coffee Shop,35.705139,139.650051
6077,Residential Building (Apartment / Condo),35.70217714,139.649222
6078,Train Station,35.72387563,139.624721
6079,Home (private),35.72552306,139.6248081
6080,Soup Place,35.698516,139.77024
6081,Gym / Fitness Center,35.69389212,139.7925389
6082,Bar,35.66198108,139.6994862
6083,Dessert Shop,35.6853983,139.7840215
6084,Bus Station,35.65806761,139.7008225
6085,Coffee Shop,35.67230871,139.7599897
6086,Office,35.67470295,139.7066224
6087,Convenience Store,35.67908466,139.7799478
6088,Food & Drink Shop,35.71155134,139.4784207
6089,Food & Drink Shop,35.63270511,139.6051504
6090,Bank,35.74529318,139.5047808
6091,Food & Drink Shop,35.744877,139.505234
6092,Miscellaneous Shop,35.74306832,139.5095739
6093,Chinese Restaurant,35.73092937,139.4909513
6094,Bus Station,35.70145727,139.506548
6095,Video Store,35.70638612,139.4997221
6096,Electronics Store,35.73284882,139.5122856
6097,Bar,35.66380786,139.7302794
6098,Bar,35.64333347,139.6697661
6099,Ramen /  Noodle House,35.64334996,139.6702583
6100,Convenience Store,35.68784044,139.7297966
6101,Government Building,35.67265479,139.7491515
6102,Coffee Shop,35.61219726,139.6281946
6103,Gym / Fitness Center,35.59754277,139.7123519
6104,Food & Drink Shop,35.85777876,139.7052544
6105,Candy Store,35.85641913,139.7058788
6106,Stadium,35.66644897,139.6985757
6107,Park,35.62467789,139.888562
6108,Stadium,35.74890097,139.6211804
6109,Bridge,35.81365454,139.6311235
6110,Road,35.80942609,139.5323753
6111,River,35.53638208,139.7035003
6112,Gift Shop,35.68118264,139.7685438
6113,Moving Target,35.680021,139.768938
6114,River,35.53648685,139.7035432
6115,Restaurant,35.69903284,139.7747827
6116,Bar,35.68934142,139.7078347
6117,Bar,35.69868371,139.7736171
6118,Mall,35.70324973,139.7545803
6119,Italian Restaurant,35.70756441,139.7751287
6120,Ramen /  Noodle House,35.75006527,139.7494338
6121,Café,35.65622182,139.7563049
6122,Steakhouse,35.65593633,139.7563934
6123,Hotel,35.68235477,139.7867775
6124,Japanese Restaurant,35.70193791,139.636131
6125,Bar,35.70499518,139.6336007
6126,Fried Chicken Joint,35.68901614,139.6988878
6127,Bakery,35.6255483,139.7305582
6128,Japanese Restaurant,35.7288334,139.7155987
6129,Fast Food Restaurant,35.72642559,139.6536407
6130,Food & Drink Shop,35.66691093,139.7400534
6131,Miscellaneous Shop,35.67530431,139.766205
6132,Convenience Store,35.69213726,139.7827689
6133,Convention Center,35.71374308,139.7410887
6134,Electronics Store,35.69884987,139.7698313
6135,Electronics Store,35.702085,139.770372
6136,Café,35.70041817,139.7709753
6137,Record Shop,35.68089941,139.7685385
6138,Convenience Store,35.65323385,139.5410013
6139,Arcade,35.6624934,139.5840995
6140,General Travel,35.63975932,139.8743945
6141,Other Great Outdoors,35.70036492,139.773657
6142,Fast Food Restaurant,35.53654796,139.5784584
6143,Convenience Store,35.84058236,139.6325897
6144,Park,35.83618505,139.6211243
6145,Residential Building (Apartment / Condo),35.84244695,139.6277488
6146,Ramen /  Noodle House,35.6267142,139.7226781
6147,Gym / Fitness Center,35.66705911,139.6938229
6148,Japanese Restaurant,35.67966957,139.7708264
6149,Event Space,35.6615892,139.6970679
6150,Ramen /  Noodle House,35.661372,139.696735
6151,Fast Food Restaurant,35.70375941,139.6656422
6152,Music Venue,35.66116231,139.6974197
6153,Bar,35.70284117,139.6662976
6154,Japanese Restaurant,35.7032024,139.665561
6155,Train Station,35.51782969,139.6865923
6156,Train Station,35.60637056,139.6793604
6157,Mall,35.5345923,139.7305155
6158,Shrine,35.7211429,139.7057855
6159,Other Great Outdoors,35.71979714,139.7041655
6160,Bridge,35.72159584,139.7067833
6161,Gym / Fitness Center,35.72074585,139.6723676
6162,Japanese Restaurant,35.60910515,139.7179359
6163,Deli / Bodega,35.608406,139.717533
6164,Food & Drink Shop,35.77829092,139.7235149
6165,Italian Restaurant,35.68808879,139.6934514
6166,Train Station,35.53116759,139.6963254
6167,Convenience Store,35.55302865,139.7355422
6168,Road,35.61604574,139.5533183
6169,Department Store,35.5509957,139.7328651
6170,Road,35.55179657,139.7455198
6171,Event Space,35.55327176,139.7297251
6172,BBQ Joint,35.55359989,139.7298448
6173,Fast Food Restaurant,35.55255598,139.735381
6174,Convenience Store,35.5540726,139.7396404
6175,Mall,35.55153689,139.7295928
6176,Convenience Store,35.5513514,139.7311243
6177,River,35.6158801,139.55874
6178,Bar,35.55409464,139.7297941
6179,Video Store,35.55136324,139.7329179
6180,Bookstore,35.55137025,139.7332322
6181,Post Office,35.55474024,139.7398431
6182,Medical Center,35.55239527,139.740362
6183,Clothing Store,35.55271964,139.7332472
6184,Pizza Place,35.55314533,139.7335815
6185,Japanese Restaurant,35.55367724,139.7351131
6186,Convenience Store,35.55627505,139.7263079
6187,Bar,35.61662242,139.5642667
6188,Japanese Restaurant,35.55209554,139.7409654
6189,Department Store,35.70023714,139.4804127
6190,Japanese Restaurant,35.55248273,139.7375329
6191,Road,35.66646603,139.7276747
6192,Ramen /  Noodle House,35.68467283,139.7865804
6193,Bar,35.55174638,139.6715069
6194,Convenience Store,35.55183427,139.6665617
6195,Mall,35.73042057,139.7127311
6196,Fast Food Restaurant,35.55123574,139.6754444
6197,Convenience Store,35.55257562,139.6638787
6198,Mall,35.70480192,139.6491024
6199,Ramen /  Noodle House,35.68227198,139.698227
6200,Hobby Shop,35.70133299,139.7713172
6201,Hobby Shop,35.69953818,139.7703516
6202,Toy / Game Store,35.69957739,139.7705019
6203,Toy / Game Store,35.69803086,139.7715265
6204,Hobby Shop,35.69815396,139.7715103
6205,Hobby Shop,35.69945977,139.7704375
6206,Electronics Store,35.69810259,139.7711259
6207,Bookstore,35.699144,139.7715303
6208,Internet Cafe,35.69774334,139.7722225
6209,Café,35.61850323,139.7277957
6210,Ramen /  Noodle House,35.645712,139.675046
6211,Ramen /  Noodle House,35.66357687,139.6603167
6212,Bike Shop,35.67031894,139.9018013
6213,Convenience Store,35.63079103,139.7792244
6214,Ramen /  Noodle House,35.67112932,139.9010834
6215,Train Station,35.666622,139.75815
6216,Event Space,35.67673265,139.7642072
6217,Ramen /  Noodle House,35.77206939,139.7331709
6218,Bookstore,35.76444795,139.7356063
6219,Department Store,35.84106872,139.7341472
6220,Hobby Shop,35.73235911,139.7096389
6221,Video Store,35.76438266,139.7356009
6222,Ramen /  Noodle House,35.84013376,139.695223
6223,Food & Drink Shop,35.76376572,139.7398281
6224,Convenience Store,35.72237106,139.7892666
6225,Record Shop,35.8079557,139.7138082
6226,Coffee Shop,35.70194069,139.7436315
6227,Fast Food Restaurant,35.66240882,139.7317573
6228,Medical Center,35.72286537,139.4973195
6229,Convenience Store,35.73037104,139.7222918
6230,Ramen /  Noodle House,35.66329364,139.7572792
6231,Japanese Restaurant,35.77630418,139.7897816
6232,Office,35.67038995,139.7071255
6233,Mall,35.68195389,139.701207
6234,Restaurant,35.86256422,139.6678823
6235,Convenience Store,35.65582283,139.7042133
6236,Ramen /  Noodle House,35.670317,139.765829
6237,College Academic Building,35.69531238,139.7405416
6238,Café,35.69933997,139.7698045
6239,Bookstore,35.82284631,139.5753166
6240,Food & Drink Shop,35.82418117,139.5767176
6241,Department Store,35.82310573,139.5749534
6242,Spiritual Center,35.69902849,139.7697079
6243,Food & Drink Shop,35.77815819,139.6332693
6244,Food & Drink Shop,35.77811466,139.6304584
6245,Train Station,35.7489099,139.567565
6246,Home (private),35.73201018,139.4821986
6247,Train Station,35.72454424,139.6146595
6248,Road,35.69537801,139.7673969
6249,Train Station,35.7251191,139.6035665
6250,Arcade,35.76133997,139.7217044
6251,Fast Food Restaurant,35.76169691,139.7064614
6252,Mall,35.74902002,139.7003031
6253,Ramen /  Noodle House,35.7006839,139.7528958
6254,Mobile Phone Shop,35.713996,139.703919
6255,Arcade,35.69836425,139.7755592
6256,Office,35.66470567,139.7395062
6257,Café,35.70076936,139.7708364
6258,Bar,35.70144892,139.7801675
6259,Food & Drink Shop,35.71187508,139.7047371
6260,Bank,35.72883633,139.7145513
6261,BBQ Joint,35.62166491,139.569963
6262,Home (private),35.71505691,139.55346
6263,Shrine,35.68411946,139.780473
6264,Mall,35.845388,139.647165
6265,Food & Drink Shop,35.84311635,139.6461383
6266,Fast Food Restaurant,35.74346797,139.6057109
6267,Restaurant,35.74261,139.603328
6268,Chinese Restaurant,35.63745304,139.7384977
6269,Park,35.71058579,139.7272058
6270,Convenience Store,35.74309227,139.6069461
6271,Sporting Goods Shop,35.68916061,139.7023255
6272,Bar,35.74320563,139.6078267
6273,Harbor / Marina,35.654438,139.84243
6274,Bus Station,35.74391933,139.6065473
6275,Pool,35.56407062,139.5943666
6276,Office,35.62741053,139.7393241
6277,Ramen /  Noodle House,35.73755161,139.653174
6278,Gym / Fitness Center,35.7375941,139.6538006
6279,Mall,35.62403115,139.7787146
6280,Chinese Restaurant,35.56261965,139.7185796
6281,Bar,35.662649,139.735373
6282,Ramen /  Noodle House,35.66372111,139.7316408
6283,Bookstore,35.62803538,139.7410485
6284,Clothing Store,35.6801325,139.7675085
6285,Clothing Store,35.67999307,139.7698689
6286,Convenience Store,35.67980134,139.7696328
6287,Convenience Store,35.553754,139.578166
6288,Government Building,35.69406638,139.7536361
6289,Library,35.69435174,139.7535127
6290,Food & Drink Shop,35.70042035,139.8098472
6291,Bridge,35.70093764,139.8091337
6292,Food & Drink Shop,35.66118909,139.5858312
6293,Train Station,35.6820149,139.7658348
6294,Road,35.56267328,139.7253002
6295,Coffee Shop,35.6877656,139.7639725
6296,Coffee Shop,35.68623704,139.7657275
6297,Food & Drink Shop,35.56570818,139.7282497
6298,Road,35.56499137,139.7274899
6299,Convenience Store,35.68708232,139.7654593
6300,Convenience Store,35.56398334,139.721911
6301,Subway,35.68619156,139.7663269
6302,Convenience Store,35.68946902,139.7670974
6303,Food & Drink Shop,35.66685864,139.6418202
6304,Gym / Fitness Center,35.71352965,139.7776473
6305,Playground,35.72681317,139.7769713
6306,Bar,35.715545,139.779451
6307,Bookstore,35.64984254,139.5574057
6308,Gym / Fitness Center,35.65784888,139.5694257
6309,Food & Drink Shop,35.81144464,139.7140682
6310,Convenience Store,35.74381285,139.6060181
6311,Train Station,35.7284506,139.7114825
6312,Train Station,35.68923032,139.7005606
6313,Drugstore / Pharmacy,35.69598556,139.804102
6314,Food & Drink Shop,35.6960698,139.8039338
6315,Food & Drink Shop,35.69466968,139.7986543
6316,Convenience Store,35.69544308,139.7973883
6317,Convenience Store,35.69521418,139.793895
6318,Bar,35.69771,139.774351
6319,Ramen /  Noodle House,35.70051401,139.7752869
6320,Light Rail,35.72890349,139.7248936
6321,Food & Drink Shop,35.73139003,139.7199583
6322,Drugstore / Pharmacy,35.73090231,139.7222972
6323,Food & Drink Shop,35.76529599,139.7189454
6324,Gym / Fitness Center,35.60496923,139.6714598
6325,Bar,35.60853868,139.6685003
6326,Coffee Shop,35.77881807,139.612904
6327,Indian Restaurant,35.625727,139.725536
6328,Building,35.62407964,139.7325388
6329,Japanese Restaurant,35.68659824,139.700987
6330,Office,35.70469597,139.7773629
6331,Road,35.69906711,139.7705219
6332,Train Station,35.72233132,139.6445862
6333,Gym / Fitness Center,35.69407945,139.6992785
6334,Office,35.58675901,139.7061288
6335,Gas Station / Garage,35.573687,139.698307
6336,Home (private),35.57890501,139.7166685
6337,Gas Station / Garage,35.58793688,139.7118795
6338,Food & Drink Shop,35.59349861,139.7105316
6339,Temple,35.6924435,139.6518275
6340,Road,35.72465965,139.7875573
6341,Internet Cafe,35.64312054,139.7491676
6342,Convenience Store,35.6165637,139.7273558
6343,General College & University,35.77733029,139.718323
6344,Record Shop,35.85856569,139.6590829
6345,Gym / Fitness Center,35.85855265,139.6591258
6346,Coffee Shop,35.77801892,139.720881
6347,Café,35.73224436,139.7183968
6348,Japanese Restaurant,35.73026051,139.7135738
6349,Food & Drink Shop,35.80244779,139.5711279
6350,Bar,35.68962177,139.7025179
6351,Bridge,35.65312052,139.7541672
6352,Food & Drink Shop,35.63570911,139.5154238
6353,Fast Food Restaurant,35.66036852,139.5237232
6354,Chinese Restaurant,35.66759952,139.8037988
6355,General College & University,35.69899733,139.7542148
6356,Food & Drink Shop,35.64371622,139.6696515
6357,Coffee Shop,35.62368806,139.7229329
6358,Stadium,35.76914887,139.7078562
6359,Coffee Shop,35.85920544,139.6590024
6360,Gym / Fitness Center,35.6577757,139.6912533
6361,Food & Drink Shop,35.57869227,139.5736492
6362,Video Store,35.57867585,139.5596055
6363,Convenience Store,35.60784036,139.7290242
6364,Convenience Store,35.68196845,139.6878546
6365,Miscellaneous Shop,35.679756,139.686835
6366,Park,35.66912485,139.696328
6367,Home (private),35.76153638,139.7371014
6368,Clothing Store,35.77741833,139.7204036
6369,Train Station,35.57567572,139.6632179
6370,Medical Center,35.66941776,139.6325997
6371,Road,35.71616911,139.7809196
6372,Train Station,35.63619812,139.5000729
6373,Convenience Store,35.65054436,139.7032991
6374,Train Station,35.65783236,139.7014457
6375,Ramen /  Noodle House,35.6747901,139.7625947
6376,Convenience Store,35.763279,139.676381
6377,Home (private),35.76440464,139.6758241
6378,Coffee Shop,35.72879027,139.710356
6379,Spa / Massage,35.60586026,139.7335786
6380,Ramen /  Noodle House,35.70703592,139.7609277
6381,Coffee Shop,35.72961767,139.7098732
6382,Convenience Store,35.65792768,139.660836
6383,Mall,35.66102341,139.6676431
6384,Food & Drink Shop,35.65395411,139.663502
6385,Clothing Store,35.66023721,139.667369
6386,Event Space,35.61912682,139.7312558
6387,Office,35.64024432,139.7459307
6388,Bridge,35.63881328,139.7408473
6389,Scenic Lookout,35.65855936,139.7454787
6390,Government Building,35.6840541,139.7744662
6391,College Academic Building,35.65788576,139.5424484
6392,Café,35.66454877,139.6665314
6393,University,35.61279037,139.5486081
6394,Coffee Shop,35.69746365,139.814238
6395,Café,35.67921308,139.7105357
6396,Bar,35.7008599,139.7398344
6397,Other Great Outdoors,35.65619388,139.4815603
6398,Diner,35.65814571,139.479762
6399,Bridge,35.65590813,139.4829413
6400,Café,35.7060616,139.6181846
6401,Indian Restaurant,35.67058042,139.7169837
6402,Convenience Store,35.706136,139.617852
6403,Bar,35.69397162,139.7049581
6404,Seafood Restaurant,35.69069642,139.6695113
6405,Bus Station,35.649727,139.693434
6406,Building,35.59469742,139.760788
6407,Neighborhood,35.67502485,139.7633137
6408,Gym / Fitness Center,35.62529271,139.6891934
6409,Plaza,35.71059391,139.8136961
6410,Food & Drink Shop,35.70979971,139.811032
6411,Arcade,35.70918263,139.6654665
6412,Arcade,35.7294609,139.6828922
6413,Funeral Home,35.70521065,139.6201248
6414,Ramen /  Noodle House,35.70518472,139.6492021
6415,Other Great Outdoors,35.69076819,139.700279
6416,Other Great Outdoors,35.54234749,139.7181075
6417,Coffee Shop,35.5546094,139.5781982
6418,Office,35.69599637,139.6985811
6419,Art Gallery,35.6877533,139.7126842
6420,Japanese Restaurant,35.69421669,139.7020653
6421,Bar,35.69422649,139.7045349
6422,Office,35.68984499,139.7147359
6423,Art Gallery,35.6736127,139.7663736
6424,Food,35.70668774,139.6516831
6425,Japanese Restaurant,35.70602675,139.6505561
6426,Diner,35.69293473,139.6995749
6427,Restaurant,35.70477168,139.6497451
6428,Fast Food Restaurant,35.69101665,139.7143364
6429,Office,35.6190339,139.7348687
6430,Café,35.70110812,139.7472979
6431,Road,35.71909593,139.7981708
6432,Subway,35.77705493,139.8320317
6433,Bridge,35.67812733,139.7978818
6434,Restaurant,35.653911,139.797034
6435,Theater,35.66209938,139.698801
6436,Bar,35.689252,139.697016
6437,Chinese Restaurant,35.68815306,139.6937263
6438,Restaurant,35.64240558,139.7134352
6439,River,35.65449297,139.8424123
6440,Shrine,35.66927302,139.8376161
6441,University,35.62945682,139.6583533
6442,Electronics Store,35.63255202,139.6601733
6443,College Academic Building,35.62887141,139.6593412
6444,College Academic Building,35.62914912,139.6580407
6445,Fast Food Restaurant,35.631112,139.6565365
6446,Japanese Restaurant,35.67068937,139.8341889
6447,Home (private),35.66479583,139.839371
6448,Light Rail,35.66876984,139.8307953
6449,Coffee Shop,35.70767216,139.7742611
6450,Medical Center,35.7079804,139.6143866
6451,Road,35.66021652,139.755047
6452,Café,35.69284277,139.6939169
6453,Road,35.70825891,139.6150907
6454,Road,35.62917198,139.7450275
6455,Mobile Phone Shop,35.70073854,139.7708114
6456,Italian Restaurant,35.70071875,139.7416306
6457,Gym / Fitness Center,35.663475,139.877843
6458,Bus Station,35.70226523,139.5790565
6459,Japanese Restaurant,35.69952794,139.7638057
6460,Train Station,35.67208862,139.4805071
6461,Embassy / Consulate,35.62662264,139.7033152
6462,Department Store,35.69982135,139.4807643
6463,Café,35.70435859,139.5801283
6464,Ramen /  Noodle House,35.69020191,139.7690159
6465,Ramen /  Noodle House,35.69952494,139.764854
6466,College Academic Building,35.61327882,139.5496917
6467,Coffee Shop,35.69649737,139.6911836
6468,Medical Center,35.69885859,139.7206664
6469,Athletic & Sport,35.61896111,139.6108514
6470,Video Store,35.61806715,139.7285092
6471,Convenience Store,35.61845908,139.7275885
6472,Food & Drink Shop,35.61198793,139.6286345
6473,Japanese Restaurant,35.67810191,139.7847122
6474,Japanese Restaurant,35.67684802,139.7840618
6475,Music Venue,35.70473953,139.580698
6476,Fast Food Restaurant,35.70275313,139.5793328
6477,Bus Station,35.58053029,139.6978308
6478,Bus Station,35.56279358,139.7173893
6479,Deli / Bodega,35.57851,139.698683
6480,Bus Station,35.57804479,139.6990973
6481,Spiritual Center,35.57684671,139.699595
6482,Indian Restaurant,35.69051343,139.7843474
6483,Music Venue,35.69899746,139.773008
6484,Bar,35.6941317,139.701244
6485,Theater,35.75575051,139.7375965
6486,Gym / Fitness Center,35.58762714,139.6472812
6487,Bus Station,35.59841049,139.5388556
6488,Bus Station,35.59906041,139.6099448
6489,Shrine,35.59951413,139.5373694
6490,School,35.614975,139.621897
6491,Government Building,35.58879111,139.6690485
6492,Medical Center,35.72887736,139.7087574
6493,Ramen /  Noodle House,35.627941,139.738602
6494,Food & Drink Shop,35.8292265,139.7349358
6495,Bar,35.72420237,139.7221135
6496,Bar,35.72739237,139.7187138
6497,Food & Drink Shop,35.72399551,139.7225386
6498,Library,35.72378647,139.7324252
6499,Bar,35.712101,139.6654987
6500,Other Great Outdoors,35.77180623,139.7219033
6501,Home (private),35.7757728,139.7268841
6502,College Academic Building,35.71059935,139.7652504
6503,Fast Food Restaurant,35.77941593,139.7221711
6504,College Academic Building,35.71111525,139.7641073
6505,Coffee Shop,35.68968344,139.7007859
6506,Scenic Lookout,35.64986104,139.5418299
6507,Medical Center,35.64972148,139.5417851
6508,Gas Station / Garage,35.6495165,139.5417652
6509,Fast Food Restaurant,35.64910585,139.543013
6510,Food & Drink Shop,35.70306242,139.5810735
6511,Smoke Shop,35.67201854,139.7576487
6512,Café,35.68179703,139.7869653
6513,Bus Station,35.77812337,139.7199047
6514,Ramen /  Noodle House,35.77219561,139.5198762
6515,Burger Joint,35.7478426,139.566968
6516,Government Building,35.68958323,139.6916986
6517,University,35.75917065,139.7152197
6518,Airport,35.55051997,139.7895616
6519,Food & Drink Shop,35.67836822,139.7815256
6520,Gym / Fitness Center,35.67180064,139.8350036
6521,Drugstore / Pharmacy,35.65902801,139.6114014
6522,Food & Drink Shop,35.65678345,139.6094298
6523,Home (private),35.65722942,139.6146102
6524,Gym / Fitness Center,35.64619695,139.6206227
6525,Gym / Fitness Center,35.64595,139.620838
6526,Office,35.66847,139.726941
6527,Park,35.78171811,139.715656
6528,Ramen /  Noodle House,35.78371176,139.720464
6529,Bridge,35.79700046,139.727726
6530,Bridge,35.81187966,139.7465014
6531,Bridge,35.82494826,139.7615814
6532,Fast Food Restaurant,35.69793502,139.6477103
6533,Convenience Store,35.83105753,139.7369957
6534,Diner,35.7055155,139.731228
6535,Bar,35.67132073,139.7409714
6536,Movie Theater,35.69501831,139.7608352
6537,Movie Theater,35.70539182,139.6347413
6538,Office,35.66104463,139.7242378
6539,Japanese Restaurant,35.53619001,139.6340525
6540,Fast Food Restaurant,35.66911178,139.6498132
6541,Temple,35.58595103,139.6813543
6542,Convenience Store,35.66827,139.535951
6543,Bus Station,35.66783916,139.536907
6544,College Academic Building,35.6569737,139.5442951
6545,Convenience Store,35.794053,139.628438
6546,Parking,35.78898098,139.6128452
6547,Convenience Store,35.7843709,139.6259012
6548,Airport,35.54877851,139.783988
6549,Airport,35.54982601,139.7833014
6550,Bus Station,35.72284536,139.689754
6551,Residential Building (Apartment / Condo),35.75129549,139.7169454
6552,Mall,35.73397724,139.711529
6553,Fast Food Restaurant,35.75006925,139.58621
6554,Food & Drink Shop,35.75502786,139.8769855
6555,Mall,35.72832866,139.7645044
6556,Bus Station,35.70787586,139.7726583
6557,Train Station,35.71148684,139.774375
6558,Chinese Restaurant,35.74274442,139.7805869
6559,Road,35.71055798,139.7738218
6560,Fast Food Restaurant,35.69906435,139.6383325
6561,Home (private),35.70212998,139.6350078
6562,Gas Station / Garage,35.724004,139.671206
6563,Mall,35.69928116,139.6379793
6564,Ramen /  Noodle House,35.69656926,139.6978649
6565,Convenience Store,35.6968459,139.6976745
6566,College Academic Building,35.695617,139.741207
6567,College Academic Building,35.69569576,139.7421241
6568,Ramen /  Noodle House,35.56368878,139.7159813
6569,High School,35.69613142,139.7472417
6570,Art Museum,35.6896573,139.7503531
6571,Other Great Outdoors,35.68941481,139.7470684
6572,Sculpture Garden,35.69460007,139.7482824
6573,Government Building,35.69699402,139.74648
6574,Building,35.69859835,139.7455963
6575,Sculpture Garden,35.69204704,139.7520912
6576,Historic Site,35.69458483,139.7481322
6577,Other Great Outdoors,35.69079009,139.7474617
6578,Road,35.6884228,139.7488499
6579,University,35.69573497,139.7491944
6580,Road,35.69502158,139.7488457
6581,Event Space,35.69214071,139.74648
6582,Bus Station,35.72961996,139.7134192
6583,Drugstore / Pharmacy,35.71572485,139.712888
6584,Miscellaneous Shop,35.7148614,139.7099082
6585,Bridge,35.68884691,139.7667199
6586,Road,35.64501495,139.5268884
6587,Convenience Store,35.66998464,139.6421481
6588,Convenience Store,35.68894964,139.6550263
6589,Bus Station,35.68897544,139.6551186
6590,Bus Station,35.66364442,139.6604642
6591,Road,35.68739167,139.6557891
6592,Bar,35.69100576,139.7059867
6593,Bus Station,35.66525917,139.6607566
6594,Ramen /  Noodle House,35.6845944,139.6564543
6595,Car Dealership,35.62329238,139.635852
6596,Road,35.63543008,139.6645975
6597,Drugstore / Pharmacy,35.68365812,139.658364
6598,Post Office,35.57600638,139.5769984
6599,Light Rail,35.64641734,139.6603792
6600,Road,35.63681901,139.4975883
6601,Mall,35.67807896,139.7670624
6602,Japanese Restaurant,35.6842175,139.7856751
6603,History Museum,35.68573934,139.8020757
6604,Park,35.69531892,139.7939792
6605,Japanese Restaurant,35.687966,139.799685
6606,Gym / Fitness Center,35.68782737,139.7893846
6607,Food & Drink Shop,35.68261621,139.7988555
6608,Park,35.71559854,139.8979229
6609,Bookstore,35.699495,139.764492
6610,Bus Station,35.51305938,139.6583748
6611,Bus Station,35.51481035,139.6642971
6612,Light Rail,35.72860737,139.7101736
6613,Food & Drink Shop,35.60727758,139.6848137
6614,Park,35.67650703,139.4828296
6615,Laundry Service,35.67977121,139.4798116
6616,Convenience Store,35.675283,139.481794
6617,Convenience Store,35.67938302,139.4795465
6618,Diner,35.70533632,139.6652278
6619,Bus Station,35.73151795,139.7133594
6620,Other Nightlife,35.62869025,139.547539
6621,Office,35.80941739,139.5792389
6622,Food & Drink Shop,35.81169606,139.5765158
6623,Automotive Shop,35.793338,139.635932
6624,High School,35.69184444,139.6051168
6625,Home (private),35.73201018,139.4821986
6626,Home (private),35.70454666,139.4821986
6627,High School,35.69134158,139.6049443
6628,Road,35.58742211,139.5696902
6629,Convenience Store,35.63486329,139.6029979
6630,Food & Drink Shop,35.63660724,139.6209097
6631,Bar,35.561559,139.579925
6632,Miscellaneous Shop,35.66057771,139.5234333
6633,Snack Place,35.7819327,139.7439147
6634,Bar,35.707026,139.666427
6635,Subway,35.6919136,139.7827454
6636,Café,35.7013217,139.7710131
6637,Japanese Restaurant,35.70032669,139.7706668
6638,Coffee Shop,35.52435484,139.6460366
6639,Bookstore,35.79412624,139.7896499
6640,Convenience Store,35.69573062,139.7778404
6641,Airport,35.546357,139.784993
6642,Thai Restaurant,35.64798555,139.6358335
6643,Food & Drink Shop,35.772074,139.698941
6644,Food & Drink Shop,35.78786273,139.6748221
6645,Park,35.79216195,139.6730518
6646,Food & Drink Shop,35.78399194,139.6724068
6647,Fast Food Restaurant,35.63026345,139.6003854
6648,Gym / Fitness Center,35.63743966,139.5891606
6649,School,35.65516046,139.702127
6650,Convenience Store,35.69749011,139.6486292
6651,Post Office,35.66099233,139.8262382
6652,Chinese Restaurant,35.599924,139.610279
6653,Ramen /  Noodle House,35.68359659,139.7013921
6654,College Academic Building,35.69228565,139.7345344
6655,Food & Drink Shop,35.6852355,139.7799129
6656,Convenience Store,35.69007131,139.7680059
6657,Convenience Store,35.62649182,139.6723115
6658,Food & Drink Shop,35.77754997,139.629965
6659,Bar,35.53701286,139.6339265
6660,Bus Station,35.62497862,139.7307827
6661,Playground,35.58525503,139.7264675
6662,Bridge,35.62200706,139.728764
6663,Food & Drink Shop,35.5883119,139.7282335
6664,Bus Station,35.6246567,139.7318753
6665,Food & Drink Shop,35.58784963,139.7278976
6666,Park,35.59043578,139.7295954
6667,Train Station,35.65836412,139.6990049
6668,Food & Drink Shop,35.62788658,139.7379321
6669,Convenience Store,35.69768796,139.6751637
6670,Food & Drink Shop,35.69713132,139.681434
6671,Convenience Store,35.66319333,139.7596335
6672,Ramen /  Noodle House,35.705891,139.775774
6673,Convenience Store,35.69071698,139.708826
6674,Shrine,35.57302593,139.6653754
6675,Office,35.57390595,139.6658421
6676,Other Great Outdoors,35.70602675,139.7678357
6677,Japanese Restaurant,35.695541,139.761215
6678,Bookstore,35.69599054,139.7585619
6679,Bookstore,35.69593261,139.7576635
6680,Bridge,35.68446368,139.7713012
6681,Convenience Store,35.57235699,139.6658206
6682,Music Store,35.69820478,139.7622505
6683,Bookstore,35.696102,139.75684
6684,Other Great Outdoors,35.58655833,139.6666843
6685,Music Store,35.69809704,139.7626367
6686,River,35.53428672,139.6358442
6687,River,35.5150505,139.6784699
6688,Convenience Store,35.71246468,139.7685151
6689,Moving Target,35.53701401,139.7027893
6690,Community College,35.67511625,139.7643369
6691,Mall,35.73696813,139.7705126
6692,General Travel,35.73440992,139.768745
6693,Road,35.734175,139.770893
6694,Train Station,35.73442516,139.7687531
6695,Convenience Store,35.73750353,139.7734923
6696,Road,35.7371423,139.7765207
6697,Convenience Store,35.74087073,139.7143069
6698,Food & Drink Shop,35.73193436,139.7734845
6699,General Travel,35.73081086,139.7692198
6700,Convenience Store,35.56473104,139.6896393
6701,Ramen /  Noodle House,35.728673,139.730354
6702,Hotel,35.68600612,139.7030175
6703,Café,35.6616668,139.6995306
6704,Japanese Restaurant,35.569314,139.655037
6705,Café,35.64897729,139.7446632
6706,Food & Drink Shop,35.64972574,139.7448378
6707,Food & Drink Shop,35.65029066,139.7445112
6708,Bakery,35.67639396,139.763882
6709,Café,35.690709,139.699404
6710,College Academic Building,35.71359934,139.7645044
6711,University,35.71355589,139.7626997
6712,Café,35.66065237,139.757477
6713,Coffee Shop,35.62069232,139.5694193
6714,Library,35.7169618,139.7401392
6715,Park,35.62904358,139.7763081
6716,Gym / Fitness Center,35.66662474,139.7002142
6717,Bus Station,35.56772301,139.6962315
6718,Convenience Store,35.71069845,139.7763035
6719,Food & Drink Shop,35.71033382,139.7766476
6720,Diner,35.70825047,139.7770143
6721,Bank,35.70767337,139.7757739
6722,Bar,35.628914,139.686763
6723,Ramen /  Noodle House,35.61930998,139.702988
6724,College Academic Building,35.68729652,139.4806611
6725,Bus Station,35.64778067,139.6790144
6726,Convenience Store,35.65036999,139.6747792
6727,Park,35.55438683,139.5790243
6728,Convenience Store,35.55441519,139.5839086
6729,Food & Drink Shop,35.54876978,139.5778012
6730,Home (private),35.67968102,139.6248081
6731,Casino,35.66155146,139.7022635
6732,Spiritual Center,35.67034182,139.7653292
6733,School,35.53489132,139.7019996
6734,Government Building,35.52427018,139.6932638
6735,Japanese Restaurant,35.69670649,139.7690508
6736,Office,35.70023956,139.7702202
6737,Coffee Shop,35.58554724,139.6822316
6738,Coffee Shop,35.51499374,139.6655095
6739,Home (private),35.8317166,139.7064548
6740,Bridge,35.62361475,139.7474579
6741,Road,35.6806554,139.7114933
6742,Coffee Shop,35.66184277,139.7301554
6743,Train Station,35.67269234,139.7241879
6744,Convenience Store,35.68318265,139.7755659
6745,Italian Restaurant,35.62909961,139.7773715
6746,Japanese Restaurant,35.707613,139.665155
6747,Convenience Store,35.68849148,139.7031212
6748,Convenience Store,35.65910944,139.743948
6749,Gym / Fitness Center,35.56002094,139.7180271
6750,Convenience Store,35.67320333,139.7604684
6751,Office,35.67304699,139.7599232
6752,Convenience Store,35.77323583,139.5206219
6753,Food & Drink Shop,35.77395713,139.5214995
6754,Food & Drink Shop,35.67422601,139.7823195
6755,Office,35.67382133,139.7836876
6756,Library,35.77304758,139.521062
6757,Professional & Other Places,35.67379158,139.7837925
6758,Convenience Store,35.77219561,139.520359
6759,Bookstore,35.77392394,139.5213006
6760,Medical Center,35.77322196,139.5208582
6761,Ramen /  Noodle House,35.74362998,139.7608003
6762,Home (private),35.7064881,139.7371014
6763,Office,35.708582,139.7376028
6764,Convenience Store,35.70872661,139.7371438
6765,Train Station,35.70207041,139.7545691
6766,Hotel,35.66907255,139.7577989
6767,Military Base,35.67353507,139.6666896
6768,Hotel,35.63141017,139.8734343
6769,Convention Center,35.67576109,139.7148057
6770,Bus Station,35.6359065,139.8827113
6771,Arts & Crafts Store,35.755556,139.690922
6772,Shop & Service,35.70663792,139.6723327
6773,Convenience Store,35.63101193,139.6008872
6774,Residential Building (Apartment / Condo),35.63106149,139.6014895
6775,Train Station,35.72840705,139.7110426
6776,Train Station,35.73038231,139.7110203
6777,Food & Drink Shop,35.67528253,139.8142648
6778,College Academic Building,35.731149,139.703867
6779,Italian Restaurant,35.6854593,139.7886349
6780,Convenience Store,35.68198004,139.7858977
6781,Convenience Store,35.68063905,139.7834945
6782,Video Store,35.75595947,139.5506144
6783,Miscellaneous Shop,35.79719191,139.566434
6784,Other Great Outdoors,35.65209479,139.89663
6785,High School,35.54844957,139.7153394
6786,Home (private),35.57989815,139.6962428
6787,Coffee Shop,35.74926011,139.585647
6788,Food & Drink Shop,35.59056377,139.7302607
6789,Drugstore / Pharmacy,35.65696428,139.753546
6790,Coffee Shop,35.623085,139.722606
6791,Train Station,35.68098978,139.767337
6792,Road,35.7014624,139.4837511
6793,Road,35.72250172,139.6925354
6794,Bridge,35.71665845,139.4802339
6795,Bookstore,35.69951354,139.4804574
6796,Bus Station,35.70064825,139.4810685
6797,Convenience Store,35.70353276,139.4806065
6798,Department Store,35.70017421,139.4805765
6799,Other Great Outdoors,35.70062968,139.5665053
6800,Bridge,35.70078846,139.5662785
6801,Home (private),35.70084761,139.5636473
6802,Salon / Barbershop,35.697748,139.56468
6803,Home (private),35.65761311,139.7984421
6804,Bar,35.662015,139.73477
6805,Office,35.697463,139.666007
6806,Road,35.70800756,139.7730732
6807,Other Great Outdoors,35.66128871,139.6116829
6808,Tea Room,35.659615,139.61054
6809,Ramen /  Noodle House,35.658861,139.611315
6810,Korean Restaurant,35.65956484,139.6106346
6811,Playground,35.65618042,139.6082175
6812,Playground,35.65586659,139.6077991
6813,Spa / Massage,35.65946567,139.6105102
6814,Food & Drink Shop,35.66773446,139.6320568
6815,Office,35.71500063,139.7016403
6816,Hotel,35.66918586,139.6481824
6817,Mobile Phone Shop,35.66804358,139.6006333
6818,Bank,35.6595551,139.6105351
6819,Japanese Restaurant,35.7147874,139.701735
6820,Clothing Store,35.65956657,139.6106745
6821,Zoo,35.72919731,139.7188906
6822,Restaurant,35.72752472,139.713256
6823,Bookstore,35.72961451,139.7109754
6824,Convenience Store,35.79234334,139.7913728
6825,Office,35.78982091,139.6071553
6826,Office,35.67082447,139.7239494
6827,Food & Drink Shop,35.66443546,139.7351611
6828,Ramen /  Noodle House,35.70831799,139.665319
6829,Italian Restaurant,35.69767363,139.6693182
6830,Japanese Restaurant,35.709505,139.664834
6831,Bowling Alley,35.67411465,139.6670973
6832,Convenience Store,35.71545848,139.8583337
6833,Smoke Shop,35.71650404,139.858803
6834,Food & Drink Shop,35.71613427,139.8573571
6835,Event Space,35.7239476,139.8588324
6836,Hotel,35.69345913,139.7074397
6837,Post Office,35.70075038,139.5244623
6838,Bookstore,35.70166443,139.5450673
6839,Convenience Store,35.7036083,139.4804723
6840,Home (private),35.70454666,139.4821986
6841,Bar,35.65878255,139.6991202
6842,Smoke Shop,35.67949844,139.7713156
6843,Road,35.53922819,139.7414857
6844,Road,35.59908411,139.7305981
6845,Train Station,35.56408264,139.7171199
6846,Office,35.53086852,139.6993067
6847,Spiritual Center,35.64407961,139.7478747
6848,Train Station,35.64571874,139.7476816
6849,Road,35.68507369,139.7833872
6850,Food & Drink Shop,35.71274564,139.7764027
6851,Fast Food Restaurant,35.5904758,139.5539188
6852,Convenience Store,35.59943989,139.6097946
6853,Convenience Store,35.66118846,139.7544408
6854,Coffee Shop,35.69270551,139.6949489
6855,Ramen /  Noodle House,35.65428186,139.7965966
6856,Office,35.65287337,139.6013352
6857,Athletic & Sport,35.5457597,139.7283282
6858,Athletic & Sport,35.55427596,139.7503271
6859,Park,35.71479277,139.6944559
6860,Coffee Shop,35.66944081,139.6007797
6861,University,35.71129083,139.5237923
6862,Miscellaneous Shop,35.70412532,139.5797995
6863,Ramen /  Noodle House,35.632231,139.577783
6864,Food & Drink Shop,35.6182067,139.5656347
6865,Diner,35.69099051,139.706735
6866,University,35.72322083,139.7499079
6867,Café,35.70360085,139.7740315
6868,Food & Drink Shop,35.7890333,139.760214
6869,Train Station,35.78878091,139.7700559
6870,Outdoors & Recreation,35.62346567,139.7072768
6871,Park,35.6255587,139.7070515
6872,Park,35.62536943,139.7072552
6873,Other Great Outdoors,35.62587265,139.7074485
6874,Playground,35.63951217,139.7116587
6875,Bridge,35.64077075,139.7126949
6876,Spa / Massage,35.81440496,139.8125057
6877,Bar,35.84539984,139.6745485
6878,Food & Drink Shop,35.73974615,139.7463137
6879,Mall,35.74003352,139.7464907
6880,Fried Chicken Joint,35.73826,139.748662
6881,Home (private),35.73811907,139.7473204
6882,Bar,35.7476243,139.7192048
6883,Food & Drink Shop,35.66155021,139.7695899
6884,Playground,35.56248219,139.63269
6885,Playground,35.56182324,139.6337199
6886,Burger Joint,35.56354478,139.6551561
6887,Convenience Store,35.56301458,139.6277225
6888,Convenience Store,35.56479936,139.640699
6889,Road,35.52957196,139.7357082
6890,Train Station,35.78769738,139.7046939
6891,Japanese Restaurant,35.73012201,139.7162471
6892,Video Store,35.81211705,139.5764461
6893,Convenience Store,35.77625195,139.5855743
6894,High School,35.77894155,139.6039138
6895,College Academic Building,35.65948184,139.5433665
6896,Ramen /  Noodle House,35.64923229,139.5581675
6897,Military Base,35.65391011,139.5612719
6898,Convenience Store,35.58782274,139.726283
6899,Convenience Store,35.56828679,139.7413849
6900,Bus Station,35.67522988,139.7625599
6901,Train Station,35.6275837,139.7380718
6902,Train Station,35.56065232,139.7235643
6903,Road,35.69039797,139.7091329
6904,Bar,35.690232,139.70743
6905,Bar,35.69103843,139.706609
6906,Food & Drink Shop,35.70574986,139.7870931
6907,Convenience Store,35.70727966,139.785685
6908,Coffee Shop,35.64438477,139.7343189
6909,Gym / Fitness Center,35.70932507,139.7367995
6910,Ramen /  Noodle House,35.639743,139.668418
6911,Bar,35.67001389,139.7694933
6912,College Academic Building,35.69836043,139.7609178
6913,Coffee Shop,35.6690159,139.6500358
6914,Road,35.68931746,139.8264313
6915,Convenience Store,35.68961373,139.8271608
6916,Home (private),35.68827048,139.8291362
6917,Library,35.68898633,139.8268068
6918,Convenience Store,35.68950917,139.8261443
6919,School,35.68544405,139.7290295
6920,Drugstore / Pharmacy,35.68883664,139.8276695
6921,Road,35.6893852,139.8263399
6922,Home (private),35.68827048,139.8291362
6923,Office,35.721552,139.757836
6924,Airport,35.551469,139.78836
6925,Coffee Shop,35.84459973,139.6473348
6926,Library,35.6121362,139.7107047
6927,Road,35.60352317,139.7323891
6928,Travel & Transport,35.59328785,139.7305881
6929,Other Great Outdoors,35.60486965,139.7347614
6930,Temple,35.60383419,139.7325088
6931,Plaza,35.60451525,139.7337711
6932,Road,35.59074401,139.7281985
6933,Train Station,35.64566206,139.7475046
6934,Subway,35.6955215,139.7581637
6935,Convenience Store,35.8101439,139.7628146
6936,Other Nightlife,35.74544632,139.7823545
6937,Convenience Store,35.74357556,139.7780952
6938,Bar,35.74540212,139.7812758
6939,Japanese Restaurant,35.61543753,139.7152644
6940,Convenience Store,35.68530085,139.7336613
6941,Bakery,35.54280888,139.5745971
6942,Thai Restaurant,35.599889,139.6101594
6943,Food & Drink Shop,35.54821111,139.6336234
6944,Video Store,35.8597613,139.6550596
6945,Train Station,35.69759119,139.7836976
6946,Japanese Restaurant,35.60266322,139.6169561
6947,Bar,35.66795187,139.759055
6948,Bar,35.71524897,139.8599386
6949,Coffee Shop,35.68837,139.735801
6950,Convenience Store,35.67630658,139.7845834
6951,Bank,35.69049924,139.7800277
6952,Japanese Restaurant,35.71569436,139.7055173
6953,Train Station,35.61937919,139.7281736
6954,Miscellaneous Shop,35.745598,139.580701
6955,Train Station,35.54849481,139.6720916
6956,Department Store,35.77390255,139.784787
6957,Convenience Store,35.6385979,139.6000559
6958,Convenience Store,35.598912,139.609028
6959,Sushi Restaurant,35.69930143,139.5066924
6960,Food & Drink Shop,35.69871047,139.5060682
6961,Food & Drink Shop,35.69900992,139.5114835
6962,Convenience Store,35.6994161,139.5068266
6963,Toy / Game Store,35.69887556,139.5064837
6964,Drugstore / Pharmacy,35.69964463,139.5067073
6965,Convenience Store,35.6997865,139.5070285
6966,University,35.59868481,139.6510753
6967,Indian Restaurant,35.68117462,139.7038233
6968,Bar,35.694989,139.795652
6969,Gym / Fitness Center,35.58650174,139.5901225
6970,Train Station,35.72729848,139.7715103
6971,Mall,35.66768668,139.6004713
6972,Food & Drink Shop,35.66842756,139.6011794
6973,Mall,35.65060041,139.6371869
6974,Office,35.64879,139.636236
6975,Food & Drink Shop,35.69850099,139.7730879
6976,Japanese Restaurant,35.685215,139.784059
6977,College Academic Building,35.71080299,139.7633457
6978,Medical School,35.70747912,139.7595152
6979,Arcade,35.68915244,139.6974552
6980,Restaurant,35.67112081,139.723708
6981,Japanese Restaurant,35.658442,139.745169
6982,Coffee Shop,35.66750148,139.7757189
6983,Convenience Store,35.67895599,139.7102165
6984,Convenience Store,35.676322,139.712348
6985,Japanese Restaurant,35.681091,139.708248
6986,Japanese Restaurant,35.55577902,139.7396886
6987,Hotel,35.6797229,139.7349358
6988,Bus Station,35.56412034,139.6855066
6989,Food & Drink Shop,35.62089292,139.569422
6990,Arcade,35.62095833,139.568966
6991,Diner,35.60012033,139.6076113
6992,Bus Station,35.72657365,139.513211
6993,Road,35.56402698,139.5804513
6994,Bus Station,35.55342231,139.5771199
6995,Mall,35.58132965,139.6409243
6996,Café,35.84849658,139.6691232
6997,Sandwich Place,35.69600194,139.6905217
6998,Ramen /  Noodle House,35.66435359,139.7314924
6999,Bus Station,35.66351149,139.5835579
7000,College Academic Building,35.73448612,139.8094904
7001,College Academic Building,35.73433807,139.809072
7002,Trade School,35.73467841,139.8087491
7003,Bar,35.671805,139.7093743
7004,Gym / Fitness Center,35.66877736,139.7044277
7005,University,35.55271848,139.647304
7006,Home (private),35.55939902,139.6452092
7007,College & University,35.55252498,139.6472891
7008,Train Station,35.69687639,139.8142353
7009,Train Station,35.69245773,139.7814257
7010,Train Station,35.69176888,139.7822646
7011,Office,35.70931543,139.7729781
7012,Food & Drink Shop,35.73057571,139.7890466
7013,Office,35.65636348,139.6995118
7014,Shrine,35.5545614,139.576318
7015,Mall,35.57874899,139.5736599
7016,Road,35.57844358,139.5749474
7017,Home (private),35.57657442,139.5738364
7018,Train Station,35.57970646,139.5735503
7019,Diner,35.69544231,139.7492342
7020,College Academic Building,35.69562006,139.7494938
7021,Train Station,35.57986649,139.5737692
7022,Convenience Store,35.625777,139.714744
7023,Drugstore / Pharmacy,35.57798111,139.535358
7024,College Academic Building,35.70044858,139.7605035
7025,College Academic Building,35.57077309,139.5540556
7026,Music Venue,35.57665561,139.535823
7027,Coffee Shop,35.62333813,139.7291885
7028,School,35.67760515,139.7611141
7029,Food & Drink Shop,35.62435307,139.7300643
7030,School,35.61233682,139.6285379
7031,Food & Drink Shop,35.74711714,139.6230378
7032,Office,35.65747561,139.7029816
7033,Park,35.6710378,139.6417994
7034,Mall,35.65831511,139.6990823
7035,Train Station,35.66604801,139.5030642
7036,Home (private),35.53603193,139.7473204
7037,Convenience Store,35.65966734,139.7937727
7038,Fast Food Restaurant,35.65945813,139.7939444
7039,Burger Joint,35.66562962,139.8933631
7040,Food & Drink Shop,35.67211877,139.8866469
7041,Dumpling Restaurant,35.65504713,139.793011
7042,Bar,35.52213968,139.6282269
7043,Fast Food Restaurant,35.69780362,139.6475531
7044,Hotel,35.697855,139.77392
7045,Bus Station,35.594087,139.605313
7046,Mall,35.53203415,139.6482253
7047,Ramen /  Noodle House,35.58010532,139.6419141
7048,Convenience Store,35.69153184,139.6426235
7049,Smoke Shop,35.70199223,139.77173
7050,Bar,35.70517544,139.6498348
7051,Ramen /  Noodle House,35.69099922,139.7697589
7052,Hobby Shop,35.7494084,139.7706766
7053,Food & Drink Shop,35.64573,139.8719839
7054,Automotive Shop,35.64109749,139.6429451
7055,Shrine,35.75349396,139.8702287
7056,Gas Station / Garage,35.75245834,139.8703737
7057,Building,35.75123867,139.8677535
7058,Ramen /  Noodle House,35.60718469,139.73655
7059,Café,35.69299671,139.6953586
7060,Spa / Massage,35.65596495,139.6537757
7061,Food & Drink Shop,35.63091312,139.6419919
7062,Ramen /  Noodle House,35.64760412,139.6779549
7063,Asian Restaurant,35.707943,139.666581
7064,Sandwich Place,35.62006002,139.7292334
7065,Jewelry Store,35.66362327,139.7148406
7066,Concert Hall,35.71420912,139.7752547
7067,Convenience Store,35.66628771,139.5030588
7068,Bar,35.58726966,139.6301079
7069,Library,35.67595797,139.4838703
7070,College Academic Building,35.61332804,139.5483049
7071,Sorority House,35.6131446,139.5482402
7072,Bus Station,35.61294032,139.5080542
7073,Home (private),35.64805663,139.6146102
7074,Scenic Lookout,35.66067852,139.7291422
7075,Chinese Restaurant,35.52140778,139.6302196
7076,Convenience Store,35.7322087,139.7110909
7077,Japanese Restaurant,35.65817785,139.5738438
7078,Office,35.6086483,139.748296
7079,Mall,35.610627,139.748905
7080,Drugstore / Pharmacy,35.65808517,139.5752504
7081,Parking,35.65594252,139.5730527
7082,Café,35.68784748,139.6957616
7083,Diner,35.68768755,139.6957766
7084,Seafood Restaurant,35.71492947,139.7022436
7085,Road,35.70088865,139.8094797
7086,Office,35.74225412,139.8105633
7087,Taxi,35.664562,139.739891
7088,Gas Station / Garage,35.74170932,139.8149836
7089,Park,35.69776614,139.7794435
7090,Chinese Restaurant,35.64581686,139.7129444
7091,Convention Center,35.70182307,139.6352032
7092,Athletic & Sport,35.81615036,139.7313614
7093,Music Venue,35.57336842,139.7537157
7094,Home (private),35.72141191,139.6146102
7095,Other Nightlife,35.83689555,139.7567551
7096,Coffee Shop,35.57743791,139.6589756
7097,Convenience Store,35.67223643,139.6603864
7098,Other Great Outdoors,35.772151,139.708749
7099,Ramen /  Noodle House,35.73387649,139.7386587
7100,Japanese Restaurant,35.64691994,139.7462469
7101,Bus Station,35.68389724,139.5684189
7102,Convenience Store,35.62137029,139.749319
7103,School,35.64648813,139.7080082
7104,Food & Drink Shop,35.70223612,139.5616003
7105,Gym / Fitness Center,35.68613797,139.5677242
7106,Park,35.672219,139.691366
7107,Café,35.6460762,139.8270857
7108,Convenience Store,35.62263189,139.7493789
7109,Bookstore,35.70477547,139.5808616
7110,Playground,35.68614741,139.4795583
7111,Convenience Store,35.686064,139.479524
7112,Convenience Store,35.70027877,139.4799972
7113,Café,35.7052222,139.6196517
7114,Home (private),35.69896804,139.6044141
7115,Post Office,35.71084313,139.6091957
7116,Road,35.66940376,139.8057783
7117,Bridge,35.7024565,139.8082244
7118,Fast Food Restaurant,35.68198439,139.7877753
7119,Road,35.70065172,139.8049442
7120,Travel Lounge,35.70939171,139.7925711
7121,Ramen /  Noodle House,35.60767462,139.7331119
7122,Restaurant,35.60688557,139.7338609
7123,Food & Drink Shop,35.60882809,139.6755225
7124,Office,35.6617051,139.7001045
7125,General College & University,35.68847639,139.6988829
7126,Chinese Restaurant,35.671232,139.7974013
7127,Government Building,35.69196759,139.7448478
7128,Bus Station,35.65305763,139.5964671
7129,Café,35.789654,139.660975
7130,Convenience Store,35.52320659,139.6923208
7131,Food & Drink Shop,35.58787581,139.6295035
7132,Sushi Restaurant,35.68229377,139.7877216
7133,Smoke Shop,35.694997,139.76771
7134,Food & Drink Shop,35.70698169,139.8692236
7135,Bridge,35.64250149,139.7459757
7136,Bus Station,35.6918086,139.6337551
7137,Bus Station,35.72426988,139.7910208
7138,Ramen /  Noodle House,35.62934947,139.7421134
7139,Coffee Shop,35.63083689,139.7429816
7140,Building,35.75943921,139.6247608
7141,University,35.65592186,139.7112996
7142,Bar,35.70128072,139.770931
7143,Gym / Fitness Center,35.69244132,139.8962706
7144,Video Store,35.803663,139.718254
7145,Home (private),35.8032767,139.7268841
7146,Hotel,35.67408415,139.7410941
7147,Bridge,35.6968459,139.780072
7148,Medical Center,35.7462257,139.8308926
7149,Historic Site,35.72251478,139.7739029
7150,Food & Drink Shop,35.68933924,139.7785297
7151,Convenience Store,35.68986208,139.7773737
7152,Office,35.68008893,139.7619295
7153,Gym / Fitness Center,35.80854293,139.8398133
7154,High School,35.63305827,139.6022415
7155,High School,35.6390487,139.6000206
7156,Convenience Store,35.68417175,139.6608907
7157,Office,35.68096913,139.7068369
7158,Train Station,35.56841943,139.5533034
7159,Bar,35.629396,139.698016
7160,Medical Center,35.70185237,139.7624052
7161,Café,35.69678599,139.7511484
7162,Bank,35.70616531,139.6497352
7163,Mall,35.70618011,139.6474634
7164,Park,35.70400347,139.6515088
7165,Park,35.70492249,139.649899
7166,Train Station,35.6853125,139.7303636
7167,Japanese Restaurant,35.6619294,139.7329938
7168,General Entertainment,35.70518136,139.6483103
7169,Japanese Restaurant,35.70618591,139.6865285
7170,Hotel,35.59050197,139.7324064
7171,Food & Drink Shop,35.72149785,139.4798255
7172,Train Station,35.70027892,139.4797818
7173,Food & Drink Shop,35.64397158,139.6087776
7174,Food & Drink Shop,35.620661,139.568649
7175,Bus Station,35.63969829,139.5977569
7176,Food & Drink Shop,35.626952,139.562972
7177,Ramen /  Noodle House,35.61763979,139.5666271
7178,Residential Building (Apartment / Condo),35.70713453,139.7854054
7179,Arcade,35.70830023,139.7715053
7180,Café,35.66181935,139.7001904
7181,University,35.63705867,139.7309673
7182,Café,35.67964447,139.7802329
7183,Food & Drink Shop,35.61947178,139.6794701
7184,Food & Drink Shop,35.72453334,139.6458693
7185,Ramen /  Noodle House,35.74905855,139.5872063
7186,Diner,35.72830253,139.7439158
7187,Bus Station,35.78275649,139.6659587
7188,Bus Station,35.76963163,139.6605969
7189,Bus Station,35.78871563,139.6613789
7190,Convenience Store,35.66191766,139.729775
7191,Taxi,35.614818,139.750223
7192,Road,35.53164125,139.6857923
7193,Sushi Restaurant,35.6653398,139.6704984
7194,Bar,35.7295001,139.7706252
7195,Convenience Store,35.82884376,139.5697546
7196,Cosmetics Shop,35.82297164,139.5751624
7197,Convenience Store,35.82108422,139.5652056
7198,Bus Station,35.63806132,139.6669055
7199,Park,35.62212011,139.6069008
7200,Pool,35.79146574,139.6642596
7201,Government Building,35.62058855,139.5969548
7202,Office,35.68900692,139.7362706
7203,Convenience Store,35.59465001,139.7603837
7204,Factory,35.59457274,139.7607481
7205,Bus Station,35.592719,139.761284
7206,Convenience Store,35.67076781,139.7551864
7207,University,35.658347,139.540827
7208,Gas Station / Garage,35.65274843,139.5615505
7209,Chinese Restaurant,35.65366865,139.5445023
7210,College Academic Building,35.61084529,139.5537043
7211,College Academic Building,35.61026252,139.554507
7212,Government Building,35.65557019,139.7373927
7213,Office,35.66338074,139.7024274
7214,Convenience Store,35.71068243,139.5632021
7215,Convenience Store,35.6322473,139.7880006
7216,Event Space,35.72871083,139.5645453
7217,Shrine,35.7853475,139.6400124
7218,Fast Food Restaurant,35.70666055,139.8433024
7219,Food & Drink Shop,35.70860548,139.840242
7220,Italian Restaurant,35.64271569,139.6675335
7221,Japanese Restaurant,35.67647217,139.7630668
7222,Casino,35.65073157,139.5514979
7223,Food & Drink Shop,35.65045003,139.5577601
7224,Home (private),35.60137902,139.7268841
7225,Fast Food Restaurant,35.65060974,139.5576417
7226,Café,35.676186,139.676564
7227,Park,35.617384,139.632428
7228,Food & Drink Shop,35.62630869,139.6344119
7229,Office,35.6736423,139.7389948
7230,Shrine,35.70473166,139.7918722
7231,Café,35.68889911,139.7860845
7232,Convenience Store,35.67882308,139.6656838
7233,Food & Drink Shop,35.6750167,139.6678108
7234,Drugstore / Pharmacy,35.68182317,139.6616256
7235,Convenience Store,35.68184496,139.661926
7236,Medical Center,35.6149491,139.7000697
7237,Office,35.65559403,139.7967964
7238,Convenience Store,35.68182317,139.797914
7239,Bakery,35.67813492,139.794342
7240,Road,35.72894704,139.7908008
7241,Fast Food Restaurant,35.72965687,139.7918093
7242,Bus Station,35.72869882,139.7713923
7243,Library,35.64569694,139.488312
7244,Food & Drink Shop,35.64051354,139.4889504
7245,Home (private),35.64043149,139.4821986
7246,Road,35.63785468,139.7528033
7247,Parking,35.6570478,139.7344825
7248,Bus Station,35.64095822,139.7476709
7249,Convenience Store,35.657786,139.573116
7250,Bar,35.69387075,139.7665483
7251,Bar,35.697898,139.775885
7252,Convenience Store,35.65251898,139.5469451
7253,Bridge,35.62798306,139.7791761
7254,Building,35.62924076,139.7793137
7255,Convenience Store,35.62710552,139.7794535
7256,Park,35.61147388,139.623491
7257,Office,35.6683254,139.8219583
7258,High School,35.6942755,139.7411692
7259,College Academic Building,35.69598199,139.742308
7260,Bridge,35.61084719,139.6273703
7261,High School,35.69555635,139.7444576
7262,Food & Drink Shop,35.564391,139.708988
7263,Airport,35.54776591,139.7838807
7264,Government Building,35.61311092,139.5693415
7265,Government Building,35.61267699,139.5699008
7266,Office,35.55214791,139.6471846
7267,Office,35.661234,139.723293
7268,Home (private),35.75139607,139.7575412
7269,Food & Drink Shop,35.6058559,139.5407546
7270,Office,35.67038112,139.6307718
7271,Japanese Restaurant,35.73246127,139.7161174
7272,Miscellaneous Shop,35.68876848,139.7873354
7273,Food & Drink Shop,35.68875977,139.7862974
7274,Tea Room,35.68969841,139.7873528
7275,Indian Restaurant,35.697811,139.709058
7276,Office,35.70971184,139.6124519
7277,Bank,35.70615275,139.6182774
7278,Ramen /  Noodle House,35.70843233,139.6141385
7279,Pet Store,35.70947768,139.6125465
7280,Bank,35.70542907,139.619831
7281,Ramen /  Noodle House,35.69825195,139.8135312
7282,Mobile Phone Shop,35.69359972,139.6992768
7283,Bar,35.70626818,139.6181081
7284,Food & Drink Shop,35.73385939,139.7550401
7285,Spa / Massage,35.73448186,139.805722
7286,Coffee Shop,35.62042632,139.7044846
7287,Coffee Shop,35.62571361,139.7134292
7288,Plaza,35.6896268,139.7017246
7289,Office,35.69329525,139.6651393
7290,Food & Drink Shop,35.6013678,139.718644
7291,Coffee Shop,35.71201933,139.7070971
7292,Building,35.63852017,139.7450075
7293,Building,35.68441575,139.7434062
7294,Bus Station,35.68288854,139.5673218
7295,Building,35.69815284,139.7539473
7296,Bus Station,35.67450467,139.562282
7297,Building,35.65260616,139.7443986
7298,Bus Station,35.685172,139.558587
7299,Convenience Store,35.57297221,139.6632242
7300,Convenience Store,35.6979263,139.753022
7301,Music Venue,35.702777,139.738852
7302,BBQ Joint,35.70191238,139.7379747
7303,Building,35.67622814,139.7621548
7304,Bike Rental / Bike Share,35.60213994,139.5078901
7305,School,35.74637294,139.5859873
7306,Hobby Shop,35.70196901,139.5459661
7307,University,35.6620591,139.6353241
7308,University,35.66339558,139.6350003
7309,College Academic Building,35.81516008,139.58608
7310,Bridge,35.69234983,139.8860675
7311,Convenience Store,35.74691281,139.8418486
7312,Mall,35.7532865,139.7097069
7313,Office,35.58253596,139.6422386
7314,Bridge,35.67288114,139.803011
7315,Park,35.70403932,139.6661431
7316,Office,35.7048393,139.6727414
7317,Food & Drink Shop,35.63078667,139.7906023
7318,Convenience Store,35.63863889,139.7227854
7319,Office,35.63974189,139.7221684
7320,Café,35.57833887,139.7356385
7321,Gas Station / Garage,35.57729829,139.7353113
7322,Food & Drink Shop,35.57227588,139.6993565
7323,Medical Center,35.59976375,139.7162233
7324,College Academic Building,35.65913559,139.5435333
7325,Park,35.71700536,139.6917039
7326,Bridge,35.71624315,139.6945739
7327,Road,35.7167963,139.6945953
7328,Food & Drink Shop,35.71673314,139.6903896
7329,Food & Drink Shop,35.72219044,139.695293
7330,Road,35.71313765,139.6681595
7331,University,35.62781494,139.7478569
7332,College Academic Building,35.62669604,139.7481163
7333,Ramen /  Noodle House,35.56218981,139.7132501
7334,Dessert Shop,35.73043418,139.7160289
7335,Bar,35.64273717,139.6674718
7336,Bar,35.64248273,139.6686547
7337,Food & Drink Shop,35.70808547,139.776363
7338,Coffee Shop,35.70848524,139.7762532
7339,Other Great Outdoors,35.69713343,139.5715249
7340,Road,35.70789985,139.5593916
7341,Building,35.67888,139.583794
7342,Convenience Store,35.61022491,139.7358236
7343,Road,35.67348277,139.7390985
7344,Park,35.64036495,139.7045573
7345,Café,35.70477382,139.6504376
7346,Home (private),35.74005057,139.7064548
7347,Ramen /  Noodle House,35.56365824,139.7160932
7348,Home (private),35.56561864,139.7064548
7349,Convenience Store,35.55884265,139.5514137
7350,Bus Station,35.55822508,139.5516968
7351,Home (private),35.70452849,139.7779881
7352,Bar,35.66294531,139.6686099
7353,Convenience Store,35.7186408,139.7837842
7354,Office,35.65594504,139.7521877
7355,General College & University,35.65885,139.891091
7356,Other Great Outdoors,35.75575922,139.7335732
7357,Shrine,35.75609443,139.7333264
7358,Home (private),35.76153638,139.7371014
7359,Convenience Store,35.75447005,139.7345693
7360,Convenience Store,35.72433474,139.7503171
7361,University,35.72371594,139.7502173
7362,College Academic Building,35.72403498,139.7506215
7363,College Academic Building,35.72301107,139.748785
7364,College Academic Building,35.72315686,139.7490495
7365,College Academic Building,35.72406466,139.7506365
7366,Building,35.70154378,139.7694386
7367,Historic Site,35.69729947,139.7678711
7368,Government Building,35.69813324,139.6388081
7369,Temple,35.69716174,139.6369547
7370,Library,35.69506406,139.6374938
7371,Playground,35.70224563,139.7670981
7372,Park,35.664391,139.733684
7373,Bridge,35.66650998,139.7386265
7374,College Academic Building,35.61094124,139.5552063
7375,Food & Drink Shop,35.63978817,139.6614091
7376,Convenience Store,35.6691924,139.6237287
7377,Food & Drink Shop,35.66896287,139.6233217
7378,Coffee Shop,35.65502098,139.7976002
7379,Bus Station,35.65566604,139.7110702
7380,Bus Station,35.65856977,139.7029417
7381,Bridge,35.51520769,139.6782446
7382,Italian Restaurant,35.59015298,139.7285038
7383,Chinese Restaurant,35.58738939,139.6297878
7384,Convenience Store,35.58738285,139.6307668
7385,Train Station,35.69057263,139.6998452
7386,Food & Drink Shop,35.77626066,139.7301185
7387,Japanese Restaurant,35.656789,139.734396
7388,Steakhouse,35.68822386,139.7990298
7389,Train Station,35.85933701,139.6569047
7390,Gym / Fitness Center,35.65118729,139.5578993
7391,Bridge,35.53398987,139.6347284
7392,Bar,35.70502921,139.6644929
7393,Bar,35.70898226,139.666121
7394,Gym / Fitness Center,35.69566093,139.6826553
7395,Food & Drink Shop,35.7230267,139.752457
7396,Food & Drink Shop,35.72265546,139.752651
7397,Convenience Store,35.722936,139.753793
7398,Bookstore,35.72291981,139.7532392
7399,Convenience Store,35.58347831,139.5820713
7400,Bridge,35.62035783,139.7289618
7401,Food & Drink Shop,35.57238317,139.6908563
7402,Café,35.69150461,139.7011989
7403,Gym / Fitness Center,35.69091208,139.7019526
7404,Food & Drink Shop,35.78833094,139.6614589
7405,Music Venue,35.71165579,139.6975117
7406,Gym / Fitness Center,35.65929141,139.6998699
7407,Coffee Shop,35.71362975,139.7032981
7408,Gym / Fitness Center,35.70057282,139.7420047
7409,Bowling Alley,35.71154334,139.6980651
7410,Bar,35.71001748,139.6973521
7411,Convenience Store,35.60837696,139.6706532
7412,Deli / Bodega,35.68040304,139.7855701
7413,Parking,35.70194975,139.5815515
7414,Bookstore,35.70310659,139.5809742
7415,Other Great Outdoors,35.6952601,139.7356653
7416,Japanese Restaurant,35.69790888,139.7776365
7417,Office,35.655953,139.696695
7418,Miscellaneous Shop,35.6504141,139.6834329
7419,Home (private),35.6248393,139.7166685
7420,Bar,35.57436845,139.6620655
7421,Office,35.62660406,139.6317729
7422,Office,35.70305806,139.774662
7423,Food & Drink Shop,35.68695786,139.7415595
7424,Gym / Fitness Center,35.65594722,139.7940999
7425,Food & Drink Shop,35.82256312,139.6945685
7426,Bus Station,35.80226506,139.7183061
7427,Train Station,35.56077516,139.6709672
7428,Building,35.56054251,139.6713111
7429,Deli / Bodega,35.56654742,139.6573415
7430,Miscellaneous Shop,35.56542337,139.6584553
7431,Food & Drink Shop,35.56525755,139.6590185
7432,Drugstore / Pharmacy,35.56056643,139.6714211
7433,Convenience Store,35.56147413,139.6706003
7434,Gym / Fitness Center,35.524647,139.6880803
7435,Convenience Store,35.52284122,139.6881338
7436,Coffee Shop,35.63445128,139.5789734
7437,Convenience Store,35.63924924,139.579078
7438,College Academic Building,35.71332198,139.7635174
7439,Bus Station,35.68136565,139.6888447
7440,Historic Site,35.69097251,139.7001942
7441,Government Building,35.67043322,139.4854451
7442,Chinese Restaurant,35.67063708,139.746598
7443,Food & Drink Shop,35.73365717,139.7593405
7444,Coffee Shop,35.859382,139.654771
7445,Train Station,35.68990129,139.7004265
7446,Hobby Shop,35.85864873,139.6590829
7447,Café,35.857931,139.654279
7448,Event Space,35.858803,139.656509
7449,Concert Hall,35.86049113,139.6519671
7450,Gym / Fitness Center,35.6226849,139.7497332
7451,Home (private),35.7757728,139.7268841
7452,Government Building,35.75300401,139.7343199
7453,Coffee Shop,35.70842112,139.7729681
7454,Café,35.70850565,139.7763181
7455,Train Station,35.70603764,139.6656382
7456,Office,35.70293391,139.7407562
7457,Library,35.69690253,139.8393327
7458,Gym / Fitness Center,35.72351793,139.6255227
7459,Bus Station,35.70423422,139.619869
7460,Home (private),35.70623866,139.6452092
7461,Food & Drink Shop,35.70605506,139.6482173
7462,Department Store,35.60220461,139.6581802
7463,Medical Center,35.66949536,139.4943188
7464,Food & Drink Shop,35.68493426,139.4972062
7465,Art Gallery,35.72948562,139.7178381
7466,Smoke Shop,35.68789273,139.6948072
7467,Ramen /  Noodle House,35.67068501,139.658922
7468,Miscellaneous Shop,35.670754,139.658669
7469,Smoke Shop,35.65878691,139.7430253
7470,Smoke Shop,35.67569651,139.7372827
7471,Gym / Fitness Center,35.76328535,139.7315011
7472,Bus Station,35.72363404,139.6758628
7473,Rest Area,35.66645629,139.4926045
7474,Home (private),35.75839155,139.7064548
7475,Medical Center,35.52399247,139.6755785
7476,Medical Center,35.53000292,139.6431563
7477,Food & Drink Shop,35.515352,139.664978
7478,Convenience Store,35.70198243,139.6933186
7479,Gastropub,35.68951309,139.6924013
7480,Bus Station,35.54625361,139.7214544
7481,Food & Drink Shop,35.54598075,139.7210634
7482,Italian Restaurant,35.65354994,139.7051358
7483,Convenience Store,35.687401,139.727901
7484,Food & Drink Shop,35.53246196,139.6128523
7485,Italian Restaurant,35.68649847,139.7287479
7486,Convenience Store,35.65843484,139.7785548
7487,Office,35.64779322,139.6800732
7488,General College & University,35.642682,139.627839
7489,Gym / Fitness Center,35.60773132,139.5115185
7490,Bar,35.69861898,139.7752118
7491,Office,35.66155366,139.7067515
7492,Gym / Fitness Center,35.80815313,139.7154092
7493,Convenience Store,35.809634,139.723145
7494,Convenience Store,35.80795783,139.7179601
7495,Convenience Store,35.68696774,139.7363555
7496,Office,35.68377742,139.7821292
7497,Train Station,35.65455023,139.7567421
7498,Road,35.65468971,139.7543764
7499,Bus Station,35.65081917,139.7474177
7500,Convenience Store,35.65024339,139.7470784
7501,Road,35.65714141,139.7503065
7502,Park,35.6608791,139.7512902
7503,Historic Site,35.6753261,139.7592151
7504,Bridge,35.65352372,139.7525498
7505,Office,35.6837734,139.7677214
7506,Road,35.65694755,139.7528315
7507,Gym / Fitness Center,35.66083078,139.6688884
7508,Road,35.61308452,139.5694904
7509,Temple,35.63655492,139.7346032
7510,Road,35.63435754,139.7366202
7511,Mall,35.63627794,139.7332085
7512,Road,35.6322691,139.7307086
7513,Spiritual Center,35.63038772,139.729102
7514,Bridge,35.623656,139.726675
7515,Road,35.62895082,139.737498
7516,Playground,35.63298517,139.7357759
7517,Road,35.63393928,139.737972
7518,Road,35.63583555,139.7313604
7519,Italian Restaurant,35.70252225,139.5891148
7520,Home (private),35.60237004,139.7064548
7521,Convenience Store,35.57108302,139.7320349
7522,Convenience Store,35.57131567,139.7322943
7523,Food & Drink Shop,35.572176,139.730502
7524,Deli / Bodega,35.572083,139.730916
7525,Miscellaneous Shop,35.572154,139.731388
7526,Food & Drink Shop,35.56906698,139.7349411
7527,Convenience Store,35.578276,139.760414
7528,Chinese Restaurant,35.71823216,139.7578781
7529,College Academic Building,35.697515,139.765197
7530,Funeral Home,35.66642921,139.7584321
7531,Japanese Restaurant,35.70661917,139.7605026
7532,Bar,35.707037,139.760825
7533,Event Space,35.6816881,139.7646466
7534,Road,35.66783268,139.8910215
7535,Bar,35.69929423,139.6349296
7536,Road,35.62224907,139.7036585
7537,College Academic Building,35.60621354,139.6827829
7538,Spa / Massage,35.70218682,139.770416
7539,Japanese Restaurant,35.67242682,139.9014551
7540,Nightlife Spot,35.54728284,139.7200225
7541,Food & Drink Shop,35.59207354,139.7180875
7542,Office,35.62189632,139.7389178
7543,Medical Center,35.69896314,139.6474636
7544,Office,35.70204559,139.6477701
7545,Japanese Restaurant,35.6592925,139.793601
7546,Cemetery,35.72365004,139.7206613
7547,Gym / Fitness Center,35.73471604,139.7151411
7548,Road,35.70554777,139.7759686
7549,Road,35.71149898,139.7766901
7550,Road,35.7136944,139.7791918
7551,Road,35.73438004,139.7942393
7552,Road,35.73669816,139.7965837
7553,Train Station,35.74445723,139.7929788
7554,Bridge,35.74274612,139.8133119
7555,Road,35.70766937,139.7763929
7556,Convenience Store,35.74617502,139.8266552
7557,Department Store,35.74726982,139.8272198
7558,Road,35.74689539,139.8263669
7559,Road,35.71987989,139.78387
7560,Road,35.70269495,139.775687
7561,Road,35.74266775,139.8132482
7562,Spa / Massage,35.56538155,139.6488783
7563,Bridge,35.5285242,139.617219
7564,Gas Station / Garage,35.51878546,139.6321052
7565,Bridge,35.51742184,139.6305776
7566,Park,35.52544631,139.6203035
7567,Miscellaneous Shop,35.820573,139.571778
7568,Ramen /  Noodle House,35.82094736,139.5735591
7569,Bus Station,35.71160009,139.7171313
7570,Gym / Fitness Center,35.71431892,139.7159079
7571,Bus Station,35.68882077,139.6918595
7572,Medical Center,35.615567,139.541802
7573,Bridge,35.70915649,139.7360542
7574,Ramen /  Noodle House,35.68626101,139.7819066
7575,Convenience Store,35.77877374,139.7322321
7576,Japanese Restaurant,35.77922226,139.7233701
7577,Home (private),35.64828766,139.7064548
7578,Bar,35.65645555,139.7138182
7579,Home (private),35.65041658,139.7575412
7580,Office,35.655212,139.762435
7581,Home (private),35.65041658,139.7575412
7582,Music Venue,35.69951205,139.6971327
7583,Bar,35.705191,139.64721
7584,Restaurant,35.67878169,139.7768211
7585,Café,35.67865423,139.7780208
7586,Cosmetics Shop,35.729045,139.718867
7587,Convenience Store,35.67074602,139.7166216
7588,Japanese Restaurant,35.670881,139.716861
7589,Spa / Massage,35.56200871,139.6627441
7590,General Entertainment,35.65750764,139.6869376
7591,Gym / Fitness Center,35.7238643,139.6024951
7592,Convenience Store,35.5665972,139.7363251
7593,Food & Drink Shop,35.5569028,139.7067967
7594,Food & Drink Shop,35.55611943,139.7066063
7595,Bus Station,35.57927255,139.7589844
7596,Bar,35.58821329,139.7290117
7597,Convenience Store,35.560498,139.714085
7598,Park,35.61667167,139.6390575
7599,Park,35.62116764,139.6355224
7600,American Restaurant,35.60323133,139.6528333
7601,Pool,35.62947505,139.7261283
7602,Shrine,35.56576374,139.6544695
7603,Café,35.66401924,139.8574778
7604,Park,35.65076667,139.870677
7605,Medical Center,35.66402578,139.8580384
7606,Convenience Store,35.59700158,139.5287275
7607,Convenience Store,35.62013044,139.7282874
7608,Coffee Shop,35.656782,139.795761
7609,Café,35.72007152,139.8154315
7610,Road,35.58782159,139.5664655
7611,Road,35.58192081,139.595477
7612,Road,35.59119122,139.5536828
7613,Other Great Outdoors,35.60540185,139.506598
7614,Convenience Store,35.73900204,139.7618412
7615,Bookstore,35.84652607,139.6693397
7616,Convenience Store,35.8452433,139.6747175
7617,Food & Drink Shop,35.84620429,139.6712494
7618,Drugstore / Pharmacy,35.64691336,139.8718539
7619,Internet Cafe,35.777854,139.719782
7620,Coffee Shop,35.67946799,139.7414508
7621,Japanese Restaurant,35.71123605,139.7932905
7622,Fast Food Restaurant,35.8384803,139.8093336
7623,Chinese Restaurant,35.81368164,139.8025102
7624,Japanese Restaurant,35.649397,139.682089
7625,Road,35.66403232,139.7338736
7626,Office,35.79710924,139.6017051
7627,Drugstore / Pharmacy,35.66369454,139.8618579
7628,Arcade,35.66492539,139.8604985
7629,Bus Station,35.72577235,139.6538526
7630,Convenience Store,35.68435257,139.7371995
7631,Convenience Store,35.72493075,139.753571
7632,Food & Drink Shop,35.80070965,139.7137785
7633,Bridge,35.71020911,139.7281137
7634,Chinese Restaurant,35.71418517,139.7035566
7635,Deli / Bodega,35.70084712,139.543839
7636,Toy / Game Store,35.55328663,139.577705
7637,Café,35.63287552,139.5887973
7638,Diner,35.55256689,139.7405952
7639,Food & Drink Shop,35.57725684,139.7362447
7640,Chinese Restaurant,35.55287458,139.7404155
7641,Japanese Restaurant,35.553686,139.741877
7642,Burger Joint,35.55421225,139.7395599
7643,Bus Station,35.83330168,139.6693879
7644,Bus Station,35.83189257,139.6717925
7645,Bus Station,35.84676523,139.6689695
7646,Museum,35.78554985,139.7298905
7647,Park,35.69069424,139.7114933
7648,Food & Drink Shop,35.69127806,139.7112519
7649,Bike Rental / Bike Share,35.83218518,139.7359413
7650,Bridge,35.8199183,139.7372387
7651,Subway,35.688734,139.710131
7652,Park,35.82125604,139.7391093
7653,Medical Center,35.8248412,139.7605684
7654,Miscellaneous Shop,35.82522071,139.7602129
7655,Shrine,35.82101463,139.7435564
7656,Food & Drink Shop,35.82271101,139.7390878
7657,Gym / Fitness Center,35.68840471,139.7119579
7658,Road,35.65972102,139.7234745
7659,Other Great Outdoors,35.66214296,139.7328007
7660,Other Great Outdoors,35.66529713,139.7367247
7661,Convenience Store,35.6672683,139.7387123
7662,Other Great Outdoors,35.66454877,139.7359228
7663,Medical Center,35.648157,139.7101925
7664,Music Venue,35.66393136,139.73201
7665,Medical Center,35.80389082,139.7185913
7666,Office,35.70050965,139.7534296
7667,Convenience Store,35.70073676,139.5434312
7668,Bank,35.67103162,139.7572742
7669,Convenience Store,35.71914384,139.786799
7670,Residential Building (Apartment / Condo),35.718891,139.790329
7671,Ramen /  Noodle House,35.736225,139.7096949
7672,Medical Center,35.706818,139.646496
7673,Playground,35.52634131,139.6261239
7674,Convenience Store,35.52972104,139.6276442
7675,Bike Shop,35.53268762,139.6130095
7676,College Academic Building,35.69755165,139.7646868
7677,Food & Drink Shop,35.81262822,139.5842486
7678,Office,35.64633787,139.5296288
7679,Spa / Massage,35.712118,139.657978
7680,Japanese Restaurant,35.68016693,139.6945251
7681,College Academic Building,35.71026287,139.5241141
7682,Flower Shop,35.533384,139.685275
7683,Gas Station / Garage,35.529774,139.72983
7684,Building,35.53304232,139.7502023
7685,Gym / Fitness Center,35.70535487,139.6691182
7686,Food & Drink Shop,35.64272349,139.6619672
7687,Convenience Store,35.69761398,139.649511
7688,Nursery School,35.74743962,139.8571587
7689,Miscellaneous Shop,35.63913169,139.6739376
7690,Ramen /  Noodle House,35.7075557,139.7313952
7691,Ramen /  Noodle House,35.707359,139.72668
7692,Building,35.64506048,139.8875105
7693,Office,35.863827,139.652214
7694,Diner,35.5805247,139.642413
7695,Building,35.685798,139.741004
7696,Hobby Shop,35.6984437,139.8256208
7697,Gym / Fitness Center,35.66516765,139.7397208
7698,Garden,35.68764438,139.7907794
7699,Japanese Restaurant,35.68299747,139.7857234
7700,Spa / Massage,35.7299225,139.7073036
7701,Library,35.70142883,139.8510003
7702,Library,35.69087363,139.8458512
7703,Library,35.72326414,139.8615635
7704,Library,35.71067232,139.835009
7705,Convention Center,35.70282718,139.8480365
7706,College Academic Building,35.7444638,139.5816311
7707,Food & Drink Shop,35.74780969,139.5821464
7708,Scenic Lookout,35.74433532,139.5823503
7709,Bakery,35.749578,139.586345
7710,Science Museum,35.74627256,139.585443
7711,Food Truck,35.7894184,139.6599868
7712,Internet Cafe,35.57985638,139.644275
7713,Convenience Store,35.66032984,139.7940302
7714,Bar,35.69897185,139.480083
7715,Office,35.6457521,139.711037
7716,Plaza,35.75382851,139.7101092
7717,School,35.773992,139.635389
7718,Trade School,35.63177616,139.6589725
7719,Café,35.70595488,139.7622702
7720,Hobby Shop,35.70477438,139.5793033
7721,Convenience Store,35.67286674,139.7739616
7722,Office,35.65265847,139.7441626
7723,Smoke Shop,35.65291701,139.744778
7724,Coffee Shop,35.6530536,139.7450175
7725,Miscellaneous Shop,35.58581848,139.6815387
7726,Bridge,35.58469131,139.6814789
7727,Office,35.69334317,139.6929216
7728,College Stadium,35.72642994,139.5643902
7729,Office,35.69782888,139.7063176
7730,Diner,35.66197298,139.6997318
7731,Bike Shop,35.68741781,139.865613
7732,Gym / Fitness Center,35.66789587,139.8625499
7733,College Academic Building,35.6792523,139.8394454
7734,Office,35.62359075,139.7496933
7735,Gym / Fitness Center,35.70726603,139.7532499
7736,Road,35.66148441,139.7287074
7737,Convenience Store,35.71113624,139.774346
7738,Athletic & Sport,35.5890951,139.615365
7739,Food & Drink Shop,35.76319432,139.8612463
7740,Bridge,35.76512699,139.8508716
7741,Miscellaneous Shop,35.74701553,139.8550791
7742,Gym / Fitness Center,35.76637405,139.8487794
7743,Bus Station,35.55265418,139.6466589
7744,Bar,35.71218688,139.7049563
7745,Bar,35.71793741,139.816314
7746,Food & Drink Shop,35.76354255,139.8232073
7747,Convenience Store,35.768968,139.823369
7748,Residential Building (Apartment / Condo),35.76452311,139.8219083
7749,Other Great Outdoors,35.70666663,139.7684652
7750,Miscellaneous Shop,35.70630771,139.7697508
7751,Other Great Outdoors,35.70755118,139.7677863
7752,Residential Building (Apartment / Condo),35.766455,139.821898
7753,Office,35.65860384,139.7081298
7754,School,35.72887136,139.7099232
7755,Gym / Fitness Center,35.65210052,139.6386337
7756,Gym / Fitness Center,35.70334471,139.5602124
7757,Athletic & Sport,35.77985728,139.5655452
7758,Train Station,35.70078168,139.4800402
7759,Convenience Store,35.67935688,139.7044551
7760,Ramen /  Noodle House,35.72405213,139.711327
7761,Ramen /  Noodle House,35.64337339,139.6452802
7762,Japanese Restaurant,35.67815202,139.7829929
7763,Donut Shop,35.65009973,139.872458
7764,Hotel,35.682094,139.799545
7765,Hotel,35.69410559,139.7829956
7766,Japanese Restaurant,35.69710511,139.7864315
7767,Other Great Outdoors,35.69487672,139.7853935
7768,Convenience Store,35.67631521,139.7607031
7769,Bar,35.57856482,139.6624476
7770,College Academic Building,35.70940928,139.5226528
7771,Mall,35.734997,139.753479
7772,Park,35.73704362,139.75141
7773,Mall,35.73641545,139.7499728
7774,Mall,35.73757504,139.7490346
7775,Road,35.73354294,139.7545574
7776,Home (private),35.73811907,139.7473204
7777,Other Great Outdoors,35.70313647,139.7563586
7778,Hotel,35.73509574,139.710474
7779,Cosmetics Shop,35.550829,139.788051
7780,Mall,35.55082984,139.7882473
7781,Hotel,35.5755519,139.7342301
7782,Road,35.6205549,139.6801081
7783,Arcade,35.75324297,139.7366524
7784,Arcade,35.73396358,139.7396886
7785,Road,35.5395774,139.6632457
7786,Road,35.53020808,139.6782639
7787,Road,35.55960417,139.5971802
7788,Road,35.56237527,139.5880499
7789,Other Nightlife,35.66089483,139.7036149
7790,Food & Drink Shop,35.64533511,139.870162
7791,Automotive Shop,35.546864,139.579125
7792,Miscellaneous Shop,35.54092879,139.7086365
7793,Ramen /  Noodle House,35.7505242,139.7570962
7794,Coffee Shop,35.66819222,139.7738037
7795,Mall,35.77760982,139.6297985
7796,College Academic Building,35.71013951,139.7167209
7797,Road,35.56037005,139.6686423
7798,Train Station,35.55465305,139.6694684
7799,Park,35.559298,139.667637
7800,Bridge,35.56124284,139.6671188
7801,Gas Station / Garage,35.53860665,139.6886772
7802,Convenience Store,35.54610078,139.6837109
7803,Burger Joint,35.55115282,139.6769464
7804,Food & Drink Shop,35.57259697,139.7131723
7805,General Travel,35.5625171,139.7169757
7806,Home (private),35.56971527,139.7166685
7807,Food & Drink Shop,35.66799938,139.6018378
7808,Food & Drink Shop,35.66915318,139.6010922
7809,Convenience Store,35.69863075,139.5616202
7810,Convenience Store,35.69439095,139.5610669
7811,Café,35.61966538,139.7040984
7812,Cemetery,35.73163739,139.7084021
7813,Factory,35.79401177,139.6834379
7814,School,35.71735164,139.7848411
7815,Office,35.71940358,139.7126661
7816,Fast Food Restaurant,35.73116097,139.7898397
7817,Factory,35.79529472,139.6834429
7818,Bridge,35.64140071,139.7479713
7819,Convenience Store,35.66148048,139.5231754
7820,Convenience Store,35.52136412,139.630394
7821,Food & Drink Shop,35.52063498,139.6302357
7822,Bar,35.68846673,139.7228146
7823,Spa / Massage,35.7336953,139.6389601
7824,Hotel,35.57332768,139.5688337
7825,Food & Drink Shop,35.69685461,139.7132367
7826,Library,35.64379898,139.7483808
7827,Hotel,35.61035684,139.7503906
7828,Bar,35.69365903,139.6972615
7829,Office,35.719577,139.812578
7830,Event Space,35.71525446,139.8241889
7831,Road,35.66884381,139.7484352
7832,Road,35.6680702,139.7508118
7833,Smoke Shop,35.64752617,139.7091951
7834,Train Station,35.64645369,139.7105266
7835,Road,35.67004875,139.7335839
7836,Convenience Store,35.66998979,139.733593
7837,Road,35.66297106,139.7324842
7838,Road,35.66433086,139.7310868
7839,Office,35.67035381,139.7345281
7840,Road,35.65422939,139.7261982
7841,Road,35.65139873,139.7237617
7842,Building,35.5728353,139.7630591
7843,Diner,35.61955854,139.7309232
7844,Bar,35.72835469,139.7120377
7845,Office,35.6888382,139.7379667
7846,Convenience Store,35.75075116,139.582059
7847,Convenience Store,35.74898857,139.5696297
7848,Restaurant,35.667203,139.641462
7849,Chinese Restaurant,35.66605891,139.6405609
7850,Medical Center,35.700374,139.747848
7851,Brewery,35.666477,139.64144
