poi_id,category,lat,lon
0,Apartment,38.5788522781,-121.4741066358
1,Other - Nightlife,38.5751378,-121.4736502333
2,Mexican,38.57367395,-121.4689636167
3,Dive Bar,38.5790152667,-121.46579725
4,Victorian,38.58396925,-121.4858337833
5,Other - Food,38.57199535,-121.4660017333
6,Coffee Shop,38.5799636056,-121.4935760756
7,Corporate Office,38.5767026095,-121.4874897775
8,Asian,38.5763707667,-121.4877034667
9,Modern Hotel,38.5802098333,-121.4936275
10,Mall,38.5807732872,-121.5013968945
11,Starbucks,38.5830494913,-121.4996003758
12,Target,38.5619994333,-121.49778775
13,Chipotle,38.5736361833,-121.4826937333
14,Fine Dining,38.5746146,-121.48200855
15,Burgers,38.5778171038,-121.4842436325
16,Bowling,38.5820477134,-121.5194157304
17,Mexican,38.56622975,-121.4912155833
18,Sandwich Shop,38.5735105333,-121.4814403167
19,Saloon,38.5702553008,-121.4916992371
20,Italian,38.5742187345,-121.4839787117
21,Coffee Shop,38.5740824167,-121.48387705
22,Mexican,38.5678616833,-121.4896182333
23,Mexican,38.5745191,-121.4838555167
24,Sports Bar,38.574554575,-121.4856032211
25,Dive Bar,38.5710417705,-121.4847345456
26,Chipotle,38.0055463667,-121.83952025
27,Contemporary Church,37.7990485833,-122.1830744667
28,Trader Joe's,37.8100000167,-122.2443199333
29,Ice Cream,37.8279041024,-122.2502374649
30,Corporate Office,37.7725201833,-121.96593875
31,Mediterranean,37.7788423667,-121.9695001167
32,24 Hour Fitness,37.6945166333,-122.0513305333
33,Asian,37.8182458833,-121.9965004833
34,Gas & Automotive,37.70579695,-121.9263982667
35,Pizza,37.7776382667,-121.9721381833
36,Chipotle,37.7752477167,-121.9779841667
37,Mexican,37.9446789333,-122.0560803667
38,Sonic,37.619043,-122.0351608833
39,Target,37.6999216167,-122.12716685
40,Burgers,37.84652115,-122.2522661
41,Trader Joe's,37.8457487833,-122.2524491
42,Target,37.7616827167,-121.9635105833
43,Frozen Yogurt,37.7629898167,-121.9617894
44,American,37.7561670093,-122.2499766994
45,Mall,37.7572799255,-122.2513532639
46,Apparel,37.7571017961,-122.2533595562
47,Old Navy,37.7568049127,-122.2525763512
48,Trader Joe's,37.7577227,-122.2512873
49,Diner,37.7035519333,-121.88435345
50,Drugstore & Pharmacy,32.7501701167,-117.1618931
51,Mall,32.76792575,-117.1661361667
52,American,32.76940765,-117.16537205
53,Apple Store,32.7682411523,-117.1657454967
54,Mall,33.1273628,-117.32201855
55,Technology,32.8013980863,-117.1146440506
56,Women's Apparel,32.7679429,-117.1661720333
57,City Park,32.73427245,-117.1590392333
58,Terminal,32.7321993667,-117.1977367167
59,Airport,37.7141770694,-122.2108411789
60,Terminal,37.7105274475,-122.2120428085
61,Other - Shopping,37.77361255,-121.9744879333
62,Food & Foodies,37.7733190634,-121.9762737843
63,Frozen Yogurt,37.9446841167,-122.0566858333
64,Grocery,37.79834705,-122.1827398833
65,Burgers,37.7964553833,-122.1816635132
66,Other - Services,37.9494061667,-122.0607060167
67,Target,37.9047508171,-122.064242363
68,Subway,37.9057074019,-122.0673537254
69,24 Hour Fitness,37.9074504333,-122.0649382167
70,Steakhouse,37.83416035,-122.2921647333
71,Mall,37.8349373864,-122.2922515869
72,Apple Store,37.8357762514,-122.2922730446
73,Old Navy,37.8340730913,-122.2923696041
74,Burgers,37.8331918387,-122.2918760777
75,Barnes & Noble,37.833386732,-122.2927129269
76,Brewery / Microbrewery,37.9691481167,-122.06199475
77,Mall,37.9679807833,-122.0607351167
78,Grocery,37.4691180167,-122.4355175833
79,Wine & Spirits,37.9272723833,-122.06119695
80,Food & Foodies,37.7688843206,-122.2337985722
81,24 Hour Fitness,37.7687302038,-122.2256040573
82,Chipotle,37.7561602476,-122.2501194477
83,Walgreens,37.7574092333,-122.2493629333
84,Starbucks,37.89899116,-122.06108415
85,Mall,37.9449115,-122.0559115167
86,Gas & Automotive,38.0083139,-121.8919838167
87,Bookstore,37.7569830429,-122.2497975826
88,Plaza / Square,37.7106559667,-122.1632924167
89,Apparel,37.7100910167,-122.1641543833
90,Mall,37.7017023333,-122.1255892833
91,Grocery,37.7562009333,-122.23326345
92,Corporate Office,37.77278385,-121.9658525667
93,Train Station,37.7521214833,-122.1984076833
94,Stadium,37.7513378048,-122.2011208534
95,Walmart,37.7150520167,-122.17823885
96,24 Hour Fitness,37.9685607583,-122.0619142056
97,American,37.9625814,-121.7331167333
98,Target,37.9637564222,-121.7382144928
99,24 Hour Fitness,37.7737828833,-121.97071365
100,Old Navy,37.9702774936,-122.056485875
101,Costco,37.7828644167,-121.9733837833
102,Chipotle,38.0047903778,-122.5448191166
103,Grocery,37.7574580545,-122.2507631779
104,Theatre,37.94505185,-121.7405244167
105,Bookstore,37.8255348167,-122.2534504833
106,Ice Cream,37.8572445598,-122.253151685
107,Costco,37.5617360167,-122.2746984667
108,Brewery / Microbrewery,37.56081615,-122.2824995333
109,Mall,37.89655565,-122.0586419
110,Apparel,37.8950472716,-122.0579863665
111,Nordstrom,37.8970722921,-122.0582985878
112,Target,37.97715755,-122.0665404
113,Starbucks,37.7319493785,-122.1395319497
114,Corporate Office,37.8326897743,-122.2828772664
115,Subway,37.8446255167,-122.25121965
116,Subway,37.8286649667,-122.2670889833
117,Subway,37.80458895,-122.2945486667
118,Theatre,37.7824258006,-122.4109125137
119,Grocery,37.6797909333,-122.0841746833
120,Grocery,37.6963561833,-122.0744728
121,Target,37.6670486868,-122.1188526099
122,Mall,37.9697332167,-122.05734015
123,American,37.9705322833,-122.0560924
124,Grocery,37.8197277131,-121.997881959
125,Starbucks,37.6871981667,-122.1297305833
126,In-N-Out Burger,37.687976079,-122.1301538422
127,Mall,37.6952397333,-121.9289296667
128,Men's Apparel,37.6945515,-121.9285065
129,Airport,32.7318769977,-117.2019767761
130,Bridge,32.7314437868,-117.1545553207
131,City Park,32.7308300678,-117.1430969238
132,Theatre,32.7321500667,-117.1520623833
133,Garden,32.7323501833,-117.1493757833
134,Mexican,37.7376279659,-122.2407692671
135,Mexican,37.9615517333,-122.0547062167
136,Costco,38.0085066167,-121.8364883333
137,Costco,37.5010978003,-121.9734451452
138,Mexican,37.8335053625,-122.2919297218
139,Pizza,37.8337510964,-122.2925949097
140,Crafts & Creative,37.8292254667,-122.2855798333
141,Costco,37.9576319333,-122.03321815
142,Grocery,37.4327209167,-122.1273957667
143,In-N-Out Burger,37.7790261,-121.9771419167
144,Best Buy,37.9348545167,-122.0592755167
145,In-N-Out Burger,38.0052249833,-121.8363698333
146,Burgers,37.5672715667,-122.32078825
147,Airport,37.6163560649,-122.3861503601
148,Other - Airport,37.6139424584,-122.3919224739
149,Terminal,37.6141838226,-122.389690876
150,Chipotle,37.5539423667,-122.25721965
151,Chipotle,37.7064157333,-121.92923855
152,Mexican,37.7616636667,-121.9624844
153,Apple Store,37.89691735,-122.0599583333
154,Barnes & Noble,37.896378053,-122.0601332188
155,Subway,37.8786049966,-122.1836274862
156,Subway,38.0189196864,-121.944476366
157,Ice Cream,37.7638614167,-122.2431564167
158,Performing Arts,37.7777873903,-122.4202466011
159,Plaza / Square,38.292538611,-122.457690239
160,Vineyard,38.2148422167,-122.4567410833
161,Vineyard,38.2080886333,-122.4524349167
162,Subway,37.7747544833,-122.2240783167
163,Canal / Waterway,37.7777365104,-122.3888969421
164,Mexican,37.7777661904,-122.3910909891
165,Stadium,37.7783555476,-122.3894011974
166,Sushi,37.7547737333,-122.25047015
167,Castle,37.6923751667,-121.9210553167
168,Luxury Hotel,37.6489804167,-121.7776382167
169,Doctor's Office,37.6493346492,-121.7770309852
170,Antiques,37.6492970191,-121.7769958863
171,Health & Fitness,37.69209795,-121.9210778667
172,Bed & Breakfast,37.64932085,-121.7773442167
173,Starbucks,37.67899205,-121.7777198167
174,Grocery,37.7061052228,-121.9272458553
175,Resort,37.6917178492,-121.9225543104
176,Food & Foodies,37.6800837,-121.7772332167
177,Victorian,37.64915062,-121.777582952
178,Ultra-lounge,35.3484337667,-119.01766395
179,Castle,35.3267836,-119.0730719167
180,Courthouse,35.3741255318,-119.0162641502
181,Coffee Shop,35.3772662833,-119.0201305833
182,Castle,35.4002485167,-118.9730358667
183,Asian,35.3746415833,-119.0159290667
184,Bookstore,35.3555456167,-119.0572763667
185,Furniture,35.348475,-119.0176881833
186,Stadium,35.3986650167,-119.15717255
187,Dessert,35.3846524667,-119.02361585
188,Chipotle,35.3542304298,-119.0574031003
189,In-N-Out Burger,35.3545286572,-119.0579608083
190,Bus Station,34.2089512667,-118.48283395
191,Diner,34.1837796039,-118.8848800659
192,Mall,34.18470185,-118.8871095333
193,City Park,34.2197864333,-118.9078549833
194,Costco,33.8029069,-118.1646152833
195,Other - Architecture,34.0332278843,-118.2212325702
196,24 Hour Fitness,34.2638367,-118.79520545
197,24 Hour Fitness,34.17026764,-118.83483052
198,Trader Joe's,34.2186772167,-118.8691214833
199,Target,34.2617476574,-119.2372369766
200,Costco,34.28269052,-118.7962768
201,Train Station,34.2546047532,-118.6015754339
202,Live Music,34.1120888074,-118.3391046524
203,Costco,34.1527703337,-118.7958000863
204,Traditional Art Museum,34.0774474692,-118.4744918346
205,In-N-Out Burger,34.2803804333,-118.86569145
206,Target,34.2789748833,-118.86786715
207,Technology,34.2255068667,-119.1508542833
208,Pub,34.0450277938,-118.2658803463
209,Stadium,34.0430230998,-118.2671570778
210,Mall,34.21463215,-119.0672697333
211,Target,34.2169302312,-119.0728068352
212,Disneyland Resort,33.8136606658,-117.9189097881
213,Disneyland Resort,33.81353,-117.9188807
214,Disneyland Resort,33.81369495,-117.91831965
215,Disneyland Resort,33.8134021573,-117.9189634323
216,Disneyland Resort,33.8134756986,-117.9182901978
217,Disneyland Resort,33.8137698667,-117.9180142
218,Historic Landmark,33.8132496333,-117.91896855
219,American,33.8136128667,-117.9193799667
220,Disneyland Resort,33.8130281722,-117.9189394534
221,Disneyland Resort,33.8138032667,-117.9195194167
222,Disneyland Resort,33.8131244667,-117.9189779
223,Toys & Games,33.8143496167,-117.9181773
224,Train Station,33.8145668474,-117.9185267556
225,Disneyland Resort,33.8145469,-117.9189912
226,Disneyland Resort,33.8129882167,-117.9184636833
227,Plaza / Square,33.81452673,-117.91821992
228,Disneyland Resort,33.8130678779,-117.9178744555
229,Disneyland Resort,33.8127581112,-117.9189741611
230,BBQ,33.8142792167,-117.9198839667
231,Disneyland Resort,33.8122683167,-117.9223747333
232,Disneyland Resort,33.8125168333,-117.9225179
233,American,33.8126048833,-117.9225509833
234,Candy Store,33.8123184167,-117.92314545
235,Disneyland Resort,33.8117820043,-117.9220962524
236,French,33.8114615823,-117.9213553667
237,Disneyland Resort,33.8112114892,-117.9208275676
238,Fine Dining,33.8111038208,-117.9208679199
239,Fine Dining,33.8111574333,-117.9212448667
240,Disneyland Resort,33.8114147167,-117.92051085
241,Apparel,33.8114906333,-117.9213336333
242,American,33.8116371473,-117.9206585884
243,Other - Shopping,33.8114220871,-117.9214219232
244,Other - Nightlife,33.8114382138,-117.9214207245
245,American,33.8116580796,-117.9211516725
246,Disneyland Resort,33.8112137178,-117.9202026129
247,Disneyland Resort,33.80520635,-117.9227185333
248,Disneyland Resort,33.80675975,-117.9180075667
249,Other - Shopping,33.8075810167,-117.9180271333
250,Hot Dogs & Sausages,33.80762815,-117.9180391
251,Disneyland Resort,33.807491905,-117.9177188873
252,Disneyland Resort,33.8068249,-117.9187722833
253,Theatre,33.8076988504,-117.918049763
254,Disneyland Resort,33.8062583667,-117.9180790333
255,Disneyland Resort,33.8065023658,-117.9191994667
256,Disneyland Resort,33.8068790161,-117.9171583056
257,Disneyland Resort,33.8075988815,-117.917034924
258,Disneyland Resort,33.8078529502,-117.9178610444
259,Disneyland Resort,33.8079736333,-117.91731255
260,Apparel,33.80657315,-117.9194138167
261,Cineplex,33.8063597286,-117.9123973846
262,Disneyland Resort,33.812105146,-117.9183089733
263,Disneyland Resort,33.8122009739,-117.9179549217
264,Dancefloor,33.8126564,-117.91945695
265,Disneyland Resort,33.8113741756,-117.9198914766
266,Sculpture,33.81206215,-117.9189991667
267,Disneyland Resort,33.8120650319,-117.9190063477
268,Disneyland Resort,33.812049432,-117.9179871082
269,Toys & Games,33.8122165738,-117.9175391793
270,Tattoo Parlor,33.8050620333,-117.9222322167
271,Disneyland Resort,33.8050133167,-117.9224886167
272,Disneyland Resort,33.8051831333,-117.9224151167
273,Disneyland Resort,33.8047539167,-117.9212462167
274,American,33.80683588,-117.92342418
275,Disneyland Resort,33.8077682607,-117.9225468636
276,Disneyland Resort,33.8061814318,-117.9245960712
277,Courthouse,36.329797,-119.66638095
278,Brewery / Microbrewery,36.8081040833,-119.7745754833
279,Mall,36.8069711827,-119.7741211738
280,Apple Store,36.8069711827,-119.7741211738
281,Fountain,36.80760255,-119.77631045
282,Women's Apparel,36.8079670833,-119.77429345
283,Urban Outfitters,36.8081885785,-119.7761220564
284,Mall,36.8070015833,-119.7787641833
285,Best Buy,36.8462202104,-119.7908224716
286,Airport,36.7698126524,-119.7201418877
287,Airport,33.9435379571,-118.4071683884
288,Terminal,33.9418290408,-118.3995723724
289,Mexican,33.9886963477,-118.3963358238
290,Sushi,36.8371513333,-119.77052455
291,Mexican,36.8474471569,-119.7920948267
292,Starbucks,36.8470591167,-119.7893374667
293,Mexican,36.8463425833,-119.7891560333
294,Farmers Market,36.8480594333,-119.78888775
295,American,36.8473058,-119.7906552
296,Target,36.8462477174,-119.7904674523
297,Other - Architecture,33.8141482833,-117.9246720333
298,Other - Entertainment,33.8095511795,-117.9189741611
299,Terminal,33.9461902696,-118.4011816978
300,Seafood,36.8519342,-119.793936
301,Beach,35.1388179016,-120.6429183483
302,Italian,36.8084330689,-119.7048373912
303,Corporate Office,37.3782399058,-122.0324850082
304,Drugstore & Pharmacy,36.9653749886,-122.04251647
305,Duplex,36.9648242833,-122.0425219833
306,South American / Latin,36.9675884833,-122.0390961833
307,Other - Parks,36.7720943833,-121.6833575667
308,Mall,36.7170439833,-121.6568958333
309,Peet's Coffee,36.98116455,-121.9560697333
310,Bakery,36.97848615,-121.9525757833
311,The Home Depot,36.9852528833,-121.9635924
312,Coffee Shop,36.9768152333,-122.0327888667
313,Mediterranean,36.9670326833,-122.03953445
314,Bridge,37.3879092333,-122.06856685
315,Technology,37.3906033667,-122.0672343833
316,Asian,37.37452805,-122.0552467667
317,Wine & Spirits,37.3749915749,-122.0573490858
318,Other - College & Education,37.3763398333,-122.0623695333
319,In-N-Out Burger,37.3804219167,-122.0739052833
320,Drugstore & Pharmacy,37.3794009167,-122.0748161333
321,Walgreens,37.3801177043,-122.0724608194
322,Grocery,37.3786027833,-122.0712772
323,Mexican,37.3759695333,-122.06128595
324,Sandwich Shop,37.3736359306,-122.0568072796
325,Corporate Office,37.38730955,-122.05498245
326,Corporate Office,37.3920571833,-122.0706892833
327,Mexican,37.3915628667,-122.0728781
328,Corporate Office,37.3924003833,-122.0728800333
329,Corporate Office,37.3924173167,-122.0728189333
330,Corporate Office,37.3922163547,-122.0726430416
331,Grocery,37.3726885167,-122.0578637
332,Starbucks,37.3726433167,-122.05805255
333,Bakery,37.3720217833,-122.05766115
334,Mexican,37.3719057167,-122.05754425
335,Sushi,37.3718965775,-122.0575475693
336,Starbucks,37.3526494833,-122.0513170333
337,Modern Hotel,37.3351953291,-122.0327183355
338,Corporate Office,37.3327248795,-122.0328605175
339,Sandwich Shop,37.3315113648,-122.0326727629
340,Corporate Office,37.3291930495,-122.0330858231
341,Chipotle,37.31730115,-122.0329670333
342,Mexican,37.3153799333,-122.0328126667
343,Pub,37.30655,-122.03252095
344,Starbucks,37.2587138,-122.0324012
345,Breakfast,37.2283618,-121.9811706
346,Pub,37.2277867833,-121.9819461833
347,Sandwich Shop,37.22609765,-121.9825503167
348,Dive Bar,37.2255323078,-121.9825122951
349,Coffee Shop,37.2232766574,-121.9835724365
350,Mexican,37.2231706,-121.9836353833
351,Apple Store,37.2232997333,-121.9835186
352,Pub,37.2228696167,-121.9836554
353,Pizza,37.2226760167,-121.9840708833
354,Mediterranean,37.2226205333,-121.9840553667
355,Burgers,37.2224189667,-121.9838947167
356,Candy Store,37.2239585333,-121.9835714667
357,Plaza / Square,37.2219734535,-121.9839155674
358,Other - Travel & Lodging,37.1455299667,-121.9842830667
359,Other - Travel & Lodging,37.1342547333,-121.982558
360,Sushi,36.9652777333,-122.0410820833
361,Starbucks,37.0614657874,-122.0070254803
362,Terminal,37.3695091644,-121.9295632839
363,Peet's Coffee,37.3691612537,-121.9286463061
364,Airport,37.3664565757,-121.9263339043
365,Sports Bar,37.3689797279,-121.9284143503
366,Bakery,37.3687810111,-121.9280380058
367,American,37.370269836,-121.9297895552
368,Gate,37.3709385214,-121.93082477
369,Whole Foods,36.9743907333,-121.9639081333
370,Mall,36.9759042813,-121.9659673119
371,Costco,36.98431775,-122.0335630167
372,Victorian,37.3181955398,-121.9511443377
373,Starbucks,37.2928104472,-121.9306214154
374,Whole Foods,37.29290875,-121.93071455
375,Italian,37.321804675,-121.9478023052
376,Vegetarian / Vegan,36.9692403,-122.0246272833
377,Post Office,37.3777097167,-122.0320705167
378,Thai,37.3530642667,-122.0318631667
379,Pub,37.37664745,-122.0302153833
380,Mediterranean,37.376225329,-122.0302958063
381,Italian,37.3764048667,-122.02990935
382,Coffee Shop,37.3762435833,-122.0304382333
383,Thai,37.3764726928,-122.0302969746
384,Corporate Office,36.97544205,-122.02614235
385,Corporate Office,37.78045006,-122.3967933655
386,Convention Center,37.7832313449,-122.4037456512
387,Mexican,37.7649000667,-122.4210535167
388,Corporate Office,37.7809375167,-122.39555155
389,Church,37.2587350703,-122.0307040215
390,Other - Food,37.3770660333,-122.0299637
391,Farmers Market,33.4953304833,-117.1510389833
392,Target,33.5062204,-117.1463799333
393,Apple Store,33.5236672667,-117.1527675833
394,Accessories,33.5242399,-117.1531856833
395,Pub,33.5240903333,-117.1533196667
396,Women's Apparel,33.5227747043,-117.1551132202
397,Modern,33.613405617,-117.096676383
398,Starbucks,33.4752995667,-117.1277835333
399,Contemporary Church,33.47815375,-117.11417145
400,Victorian,33.554798967,-117.122867883
401,Pool / Waterpark,33.557049733,-117.125263233
402,Castle,33.6344879083,-117.2239387035
403,Soccer Field,33.6334338432,-117.2292494774
404,Apartment,33.51927455,-117.14893125
405,Gas & Automotive,33.6272586667,-117.27498515
406,Starbucks,34.1652598333,-117.2790392333
407,Traditional Art Museum,33.981089847,-117.3741316795
408,Other - Art & Culture,33.98161959,-117.374300477
409,Apparel,33.6814075237,-117.1722149849
410,Corporate Office,33.594427967,-117.109985383
411,Other - College & Education,33.5274351833,-117.1119412333
412,Fire Station,34.01223495,-117.4480673
413,Other - Architecture,34.0020120459,-117.8334760666
414,Technology,34.03047824,-118.0069935322
415,Other - Parks,34.045277,-118.056946
416,Karaoke,34.0293672667,-118.41144855
417,Stadium,34.0506997167,-118.4475363167
418,University,34.0701868953,-118.4454917908
419,Stadium,34.06983165,-118.44620485
420,Sculpture,34.0710879833,-118.4450271833
421,Bookstore,34.06941294,-118.44527608
422,Other - Food,34.0697171333,-118.4438529333
423,Library,34.0721967072,-118.4425349188
424,Modern Hotel,34.0637539203,-118.4412370396
425,Antique Hotel,34.0632724577,-118.4413887902
426,In-N-Out Burger,34.0626460833,-118.44790895
427,Government,34.0564105345,-118.4484314919
428,Corporate Office,34.0673177667,-118.4093245333
429,Bakery,34.0697622167,-118.4057736333
430,Library,34.07304525,-118.3996582
431,Police Station,34.0735729,-118.4002350167
432,Four Seasons,34.0729167221,-118.3897155596
433,Corporate Office,34.0761811348,-118.3941704035
434,Mall,34.0748712311,-118.3786528014
435,Mall,34.0747548198,-118.3757007122
436,Hospital,34.0751280634,-118.3809041977
437,American,34.0755943333,-118.3840224833
438,Doctor's Office,34.068236885,-118.38374104
439,Other - Entertainment,34.0662957158,-118.3825309068
440,Theatre,34.0671492511,-118.3873369744
441,Modern Hotel,34.06759911,-118.39719301
442,Four Seasons,34.0669512667,-118.40064525
443,American,34.0607828167,-118.3988869167
444,Modern Hotel,34.0592023833,-118.39710445
445,Golf Course,34.0513111667,-118.4062165833
446,Cineplex,34.0232136426,-118.3940792084
447,Starbucks,34.0308246255,-118.4014171133
448,Condo,34.0287621795,-118.4022545815
449,Apartment,34.0284954312,-118.3988964558
450,Other - Travel & Lodging,34.0312695723,-118.4335184097
451,Toys & Games,34.0399673,-118.4424542667
452,Rec Center,34.0583648682,-118.4451217651
453,Hall,34.0729004667,-118.4426224
454,Hall,34.0737433126,-118.4438636799
455,Law School,34.0722916333,-118.4393468167
456,Modern,34.0765143825,-118.429312706
457,Campus Commons,34.0729524333,-118.4500231
458,Gas & Automotive,34.0472985,-118.4453144167
459,Corporate Office,34.0311562167,-118.4629187833
460,Corporate Office,34.0276681833,-118.4742522833
461,Corporate Office,34.0255903721,-118.4745294104
462,Corporate Office,34.0302470629,-118.4732580185
463,Bridge,34.0381689659,-118.2740020752
464,Mall,33.9957749873,-117.9277336421
465,Other - Entertainment,33.99345965,-117.9129417167
466,Trader Joe's,33.0471070667,-117.2559589167
467,Health & Fitness,32.9869688786,-117.2709310055
468,Library,33.0459550833,-117.29057025
469,Farmers Market,33.0577681,-117.2970349833
470,Beach,33.0481886833,-117.29727385
471,Mexican,33.0477710637,-117.2941364267
472,Train Station,32.7547572167,-117.1998099667
473,Train Station,32.7173542599,-117.1699297428
474,Starbucks,32.73925316,-117.17880833
475,Asian,33.12539095,-117.3226781
476,Terminal,32.7303246489,-117.1914947033
477,Starbucks,33.9410842776,-118.4068185159
478,Pub,33.040532109,-117.2927637656
479,Resort,33.0924428833,-117.2653906167
480,Wine Bar,33.5256364667,-117.0779729
481,Starbucks,33.5877817333,-117.7211421667
482,Airport,33.6791130406,-117.8612744808
483,Mexican,32.7525797,-117.1941313833
484,Historic Landmark,32.7553852667,-117.19741595
485,Convention Center,32.7063861753,-117.1615934372
486,Starbucks,32.7113965167,-117.1611849833
487,Steakhouse,32.7075835664,-117.1601389013
488,Convention Center,32.7063861753,-117.1615934372
489,Convention Center,32.7076139456,-117.1638894081
490,Other - Entertainment,32.70788,-117.160558
491,Stadium,32.7070090903,-117.157087326
492,Apparel,37.61467,-122.3851
493,Other - Nightlife,32.7136548167,-117.1601127167
494,Toys & Games,32.708905,-117.158892
495,Mall,32.7136713004,-117.1627092361
496,Other - Art & Culture,32.715521826,-117.1612501144
497,Stadium,33.8001102021,-117.8829145432
498,Fountain,36.1128126641,-115.1738834381
499,Other - Architecture,36.1080021225,-115.1740765572
500,Casino,36.1089209154,-115.15386343
501,Airport,36.0848987512,-115.1490783691
502,Casino,36.1131073544,-115.1767587662
503,Mall,36.0680762656,-115.1762866974
504,Apple Store,36.0678160958,-115.1756536961
505,Grocery,36.12553585,-115.19517825
506,Casino,36.1099003714,-115.1703965664
507,Technology,36.06501488,-115.1749670506
508,Asian,36.1250917833,-115.1937687667
509,Mall,36.1252604333,-115.19530525
510,Mall,36.1634658025,-115.1574575901
511,Cineplex,36.2940821121,-115.1780622215
512,Church,36.2483635347,-115.2257738185
513,Sushi,36.11137312,-115.17325425
514,Asian,36.11194068,-115.17702025
515,Casino,36.2496723743,-115.2447795868
516,Mall,36.1076120657,-115.1738512516
517,Casino,36.1074733783,-115.1771664619
518,Bakery,36.1120065939,-115.1764047146
519,Casino,36.1561722415,-115.3335499763
520,Basketball Court,36.2818433,-115.2642262
521,Cineplex,36.1144401587,-115.1948835017
522,Luxury Hotel,36.0931352536,-115.1767909527
523,Casino,36.0919648559,-115.1748490334
524,Aquarium,36.0891787833,-115.17682595
525,Beach,36.090109523,-115.1758682728
526,Luxury Hotel,36.1207515803,-115.1739692688
527,Modern Hotel,36.1732665697,-115.1450426746
528,Casino,36.2923841348,-115.1843927062
529,Nature Preserve,36.1709798167,-115.1907337667
530,Cineplex,36.28832614,-115.18391942
531,Cineplex,36.068171661,-115.1783144474
532,Resort,32.7740623833,-117.23657485
533,Theme Park,32.7642715944,-117.2266530991
534,Casino,36.1023071005,-115.169634819
535,Gate,37.6128546101,-122.3848843575
536,Terminal,37.6133560422,-122.3849487305
537,Rental Car,37.6281201833,-122.4011492667
538,Post Office,37.7776018912,-122.4174164203
539,Library,37.7790593782,-122.4158799648
540,City Park,37.7696970351,-122.4595355988
541,Historic Landmark,37.7784053672,-122.3909582198
542,Corporate Office,37.7792271,-122.39021275
543,Sports & Outdoors,37.7776008303,-122.3907959461
544,Corporate Office,37.7795723879,-122.3901391287
545,Subway,37.8527454,-122.2700615
546,Other - Shopping,37.4491267236,-122.1747761965
547,Peet's Coffee,37.44960825,-122.17810415
548,Other - College & Education,37.4293469571,-122.1662716077
549,University,37.426615702,-122.1727752686
550,Stadium,37.4322933333,-122.16295575
551,Rec Center,37.4301599865,-122.1617567539
552,Soccer Stadium,37.4334229654,-122.157561779
553,Corporate Office,37.4170804668,-122.152445284
554,Corporate Office,37.4157602871,-122.1525514126
555,Apple Store,37.3314799167,-122.0306735
556,Corporate Office,37.3318803266,-122.0296311378
557,Corporate Office,37.419743913,-122.088779211
558,Corporate Office,37.4223555227,-122.0880496502
559,Corporate Office,37.4227132532,-122.083418069
560,Corporate Office,37.4221276333,-122.08800705
561,Other - Food,37.4223861397,-122.0855780693
562,Corporate Office,37.42028825,-122.08554095
563,Gym,37.4225924124,-122.0872399489
564,Mexican,37.4213424002,-122.0849164547
565,Other - Food,37.421423446,-122.0844192907
566,Corporate Office,37.4226258333,-122.0718566167
567,Corporate Office,37.4233779879,-122.0709478855
568,Corporate Office,37.4134595667,-122.0625948167
569,Live Music,37.4246370667,-122.0805501833
570,Other - Food,37.4198651076,-122.0829700105
571,City Park,37.42093795,-122.0817427667
572,Corporate Office,37.7825583,-122.4001254333
573,Corporate Office,37.7820866214,-122.4006128311
574,Corporate Office,37.7820701924,-122.401086241
575,Corporate Office,37.77942505,-122.3936489167
576,Corporate Office,37.7831635099,-122.4076187611
577,Coffee Shop,37.7826046833,-122.4076080167
578,Corporate Office,37.7831157,-122.4074802249
579,Italian,37.7831858833,-122.3981536833
580,Other - Entertainment,37.7833246179,-122.4022650719
581,Technology,37.7826828929,-122.4034981629
582,Toys & Games,37.7746277833,-122.4095212
583,Corporate Office,37.7826583333,-122.4063205667
584,Coffee Shop,37.7770878167,-122.40837105
585,Corporate Office,37.7826062833,-122.40647605
586,History Museum,37.7827870833,-122.4066638833
587,City Hall,37.7792713741,-122.4192380905
588,Performing Arts,37.7786014651,-122.420348525
589,Government,37.7783726833,-122.41835515
590,Special Event,37.7796105662,-122.4206972122
591,Gallery,34.0479099869,-118.2338712347
592,Dive Bar,34.0994428167,-118.2594652
593,Asian,34.1000185667,-118.2591063167
594,Pub,34.0992494667,-118.2592154167
595,Hot Dogs & Sausages,34.0456173,-118.2359915333
596,Ultra-lounge,34.1252416833,-118.26471405
597,Bar,34.0471768634,-118.2497677856
598,Brewery / Microbrewery,34.03038935,-118.3846400333
599,Brewery / Microbrewery,34.0623570167,-118.4471619333
600,In-N-Out Burger,34.1849722794,-118.3160805702
601,AMC Theatre,34.1816417974,-118.3117112517
602,AMC Theatre,34.1367941694,-118.3527439703
603,Other - Nightlife,34.0495513333,-118.2395705833
604,Asian,34.1455771974,-118.1526589394
605,IKEA,34.1854116003,-118.3137631416
606,Asian,34.0659105333,-118.23804415
607,Sports Bar,34.0455477833,-118.2582906667
608,Cineplex,34.0980173707,-118.2867463258
609,Mexican,34.0976608667,-118.2859633333
610,Dancefloor,34.0774510333,-118.260028
611,Pub,34.1212602,-118.2061061333
612,Dancefloor,34.0505079833,-118.24947175
613,Stadium,34.0734129064,-118.2402169704
614,Ultra-lounge,34.0748003204,-118.2530089845
615,Mexican,34.0488459158,-118.2383823395
616,Other - Nightlife,34.0939829167,-118.2824818167
617,South American / Latin,34.0210447,-118.4038657667
618,Pub,34.1456415726,-118.1440544128
619,Ultra-lounge,34.0185272667,-118.4953568833
620,Diner,36.1102099031,-115.1712340136
621,Dancefloor,36.1145461205,-115.194246769
622,Burgers,36.1100659375,-115.1696597668
623,Ultra-lounge,36.1245127516,-115.169570446
624,Sandwich Shop,36.1096750109,-115.1718020439
625,Dancefloor,36.1273205132,-115.1651287079
626,Pub,32.7085257347,-117.1557354927
627,Grocery,33.83410185,-118.3101766333
628,Pub,33.9794377667,-118.4658882333
629,Grocery,34.025143223,-118.411411643
630,Mexican,33.8314298167,-118.0293009167
631,Dog Park,34.062955,-118.4676105667
632,Tea Room,34.07891975,-118.1023248167
633,American,33.8424571861,-117.9979705811
634,Mall,33.6908169422,-117.8895664215
635,Asian,33.8573739333,-118.084819
636,Coffee Bean and Tea Leaf,33.9294383722,-118.3965092897
637,Sandwich Shop,33.7597674333,-117.95553935
638,Asian,33.8589999833,-118.0898333
639,Theatre,34.0583404333,-118.2476711333
640,Steakhouse,34.0452265833,-118.2643068833
641,Costco,33.804460848,-118.039072752
642,Brewery / Microbrewery,33.86609425,-118.097888
643,Asian,34.0538502667,-118.1356168667
644,Steakhouse,34.0679228375,-118.3759742975
645,Asian,33.85985905,-117.9121253167
646,Terminal,33.9433955487,-118.4090352058
647,Burgers,33.91984485,-118.396536
648,Bakery,34.0430260167,-118.4690597667
649,Disneyland Resort,33.8091074167,-117.923183
650,Disneyland Resort,33.8055713444,-117.921313039
651,Disneyland Resort,33.8046002167,-117.92060725
652,Bakery,33.8087469333,-117.9199291833
653,Other - Shopping,33.8085616642,-117.9211306572
654,Bakery,33.6880718909,-117.8341278434
655,IKEA,33.6906294781,-117.9163134098
656,Asian,33.8590526247,-118.0822061851
657,Italian,34.0153665667,-118.4901075167
658,Trader Joe's,33.86888465,-118.05793635
659,Asian,34.0290128914,-118.411879025
660,Other - Shopping,33.7031797447,-117.8844916821
661,Best Buy,33.8687931,-118.0559818833
662,French,34.06757986,-118.3988288
663,Coffee Shop,33.6796635667,-117.8861187667
664,Mall,33.6151898833,-117.875685
665,Lake & Pond,33.6158144333,-117.8752970667
666,Apple Store,33.6148233689,-117.8747744177
667,Luxury Hotel,36.1094843208,-115.1771450043
668,Seafood,36.1185615031,-115.1727208943
669,Asian Food,36.1230568357,-115.1699995995
670,McDonald's,36.0900322167,-115.1724440333
671,Other - Food,36.1261144956,-115.1674692864
672,Casino,36.1260119702,-115.1655471325
673,Italian,33.8255117,-117.9582535167
674,Mall,33.8621700167,-118.0945165
675,Dessert,33.8586066667,-118.0900816667
676,In-N-Out Burger,33.953710639,-118.3967614174
677,Starbucks,33.8296109118,-118.0865505338
678,Mall,33.8297374167,-118.0869221333
679,Cineplex,33.830524429,-118.0868268013
680,Coffee Shop,34.05437625,-118.4635921
681,Target,33.8594489086,-118.0878889561
682,Sushi,33.9849498489,-118.4397589514
683,Apparel,33.8620592932,-118.0956888199
684,Target,33.8572482835,-118.001178503
685,Gallery,34.0278730153,-118.4681940079
686,Bakery,34.0240456309,-118.4918582069
687,Asian,34.0197576539,-118.4975067722
688,Doughnuts,33.9618132045,-118.3703899384
689,Mexican,34.0082587333,-118.4148932833
690,Asian,33.86759055,-118.0831716167
691,Fountain,33.8036078167,-117.91103165
692,Apple Store,34.058080792,-118.4197935557
693,Mall,34.0584726872,-118.418905735
694,Pizza,34.0831002333,-118.3386644833
695,Asian,33.8876480333,-118.3140955667
696,Mexican,33.902181,-118.3860670667
697,Ice Cream,34.0913981101,-118.1438666582
698,Seafood,33.9168055117,-117.8997534513
699,Men's Apparel,34.0672446744,-118.4027184611
700,American,34.0666270167,-118.4027070333
701,Nordstrom,33.863092734,-118.0936717987
702,Chick-fil-A,33.8613891602,-118.0918273926
703,Hot Dogs & Sausages,33.8463935667,-117.9872079333
704,Dancefloor,37.7635693163,-122.4343442917
705,Dancefloor,37.7629491833,-122.43437035
706,Dive Bar,37.7625671667,-122.4350157167
707,Plaza / Square,37.7623988431,-122.4352937937
708,Other - Nightlife,37.76185475,-122.4351675333
709,Dancefloor,37.7616730016,-122.4350815416
710,Dive Bar,37.7611647371,-122.4344730377
711,Dive Bar,37.76092618,-122.43528902
712,Dancefloor,37.7607067132,-122.4354600906
713,City Park,37.7763457776,-122.4346876144
714,Dive Bar,37.7609819167,-122.4359907333
715,Karaoke,37.77035925,-122.4259029333
716,Subway,37.80802375,-122.31010293
717,American,37.7748370167,-122.4376273
718,Dive Bar,37.7645571833,-122.4332732167
719,American,37.7643876667,-122.4326708
720,Dive Bar,37.7667776426,-122.4298323102
721,Other - Architecture,37.776222,-122.432911
722,Other - Nightlife,37.7742791167,-122.4375414833
723,Breakfast,37.7653573335,-122.4315936774
724,Sushi,37.7650202,-122.4317964667
725,Dive Bar,37.7673053769,-122.429548502
726,Theatre,37.7826547457,-122.4099683762
727,Plaza / Square,37.77996995,-122.4137350333
728,Fountain,37.78009485,-122.4135717167
729,Theatre,37.7790746,-122.4145193667
730,Farmers Market,37.7798198833,-122.41447405
731,Dog Park,37.769586783,-122.4327027798
732,French,37.7665980388,-122.4333170784
733,Sandwich Shop,37.7619742167,-122.43532205
734,Breakfast,37.76182165,-122.4350057
735,Dive Bar,37.7609345833,-122.4337013667
736,Bar,37.7608084965,-122.4343013763
737,Live Music,37.7650415833,-122.3964500333
738,Dive Bar,37.7723678321,-122.4373431485
739,Coffee Shop,37.7691935,-122.4314169
740,Resort,32.76523955,-117.23560415
741,Zoo,32.7354870066,-117.150349617
742,Bears,32.7350017333,-117.1522158
743,Hippos,32.7339263833,-117.15213645
744,Pub,32.7159050667,-117.16095885
745,Saloon,32.7145649737,-117.1602845192
746,Aquarium,32.7645242079,-117.2284126282
747,Breakfast,37.7643048862,-122.430884511
748,Sandwich Shop,37.7643567455,-122.4312322518
749,Ultra-lounge,37.7794153515,-122.4235334158
750,Ultra-lounge,37.7768121848,-122.4225318432
751,Condo,37.7773616234,-122.395172365
752,Apartment,37.8114537693,-122.2647857666
753,Walmart,37.6882353905,-122.1316087246
754,Corporate Office,37.6601818542,-122.0951667021
755,Burgers,37.7407730466,-122.4662577823
756,Dive Bar,37.7671569558,-122.4287438393
757,Pizza,37.7606633667,-122.4371761833
758,American,37.7606897493,-122.4352133274
759,Whole Foods,37.8127478333,-122.2613778167
760,American,37.8140606833,-122.2642600333
761,Other - Nightlife,37.7709691333,-122.41279375
762,Subway,37.6697623167,-122.0870218167
763,Cineplex,37.7956532808,-122.2773551119
764,Burgers,37.8113393415,-122.2640240192
765,AMC Theatre,37.8333929667,-122.29214485
766,H&M,37.8340646177,-122.292112112
767,Coffee Shop,37.8115301,-122.26602405
768,Grocery,37.85737155,-122.2670210167
769,Asian,37.6978483703,-122.4830197233
770,Cineplex,37.7021771324,-122.46910737
771,Pub,37.7784258881,-122.3921848418
772,Burgers,37.7616866833,-122.43489025
773,Asian,37.8346916565,-122.292444706
774,Burgers,37.7706358685,-122.40316778
775,Other - Food,37.7999677214,-122.2536385059
776,Grocery,37.7994363403,-122.2526195498
777,Mexican,37.7713481167,-122.4075310667
778,Peet's Coffee,37.7709780662,-122.408532276
779,Sandwich Shop,37.7740331167,-122.4085883167
780,Grocery,37.7762275,-122.41181085
781,Live Music,37.7783216279,-122.417371273
782,Asian Food,37.7699090578,-122.4032092094
783,American,37.7671717167,-122.4290604
784,Theatre,37.7619705131,-122.4348914623
785,Bar,37.7629700484,-122.4344323212
786,French,37.8659513106,-122.2675034782
787,French,37.7785741227,-122.3968689204
788,Breakfast,37.8422233167,-122.2514370167
789,Other - Food,37.7698192624,-122.4040114592
790,Coffee Shop,37.79985425,-122.2502986167
791,Live Music,37.7713909153,-122.4133446397
792,Mexican,37.7718063699,-122.4048240791
793,Bakery,37.7706751623,-122.4027436548
794,Dive Bar,37.7730560979,-122.4031677706
795,Trader Joe's,37.7714519667,-122.4077319833
796,Coffee Shop,37.7761885333,-122.4084777
797,Asian,37.7707898833,-122.4091372333
798,Asian,37.7952588667,-122.2531805667
799,Other - Food,37.7736405578,-122.4214589596
800,American,37.7816955167,-122.4017693667
801,Other - Shopping,37.7714339333,-122.4075015333
802,American,37.8081607667,-122.2698497667
803,American,37.8316738297,-122.2637787118
804,Sandwich Shop,37.7782342167,-122.4093187333
805,Asian,37.77240405,-122.40754815
806,Coffee Shop,37.7811538706,-122.3913967609
807,Toys & Games,37.87039875,-122.2677898333
808,Sandwich Shop,37.7726878167,-122.41658245
809,Corporate Office,37.3772427,-121.9230988
810,Corporate Office,37.3760914192,-121.9212269783
811,Other - Food,37.7783519,-122.3967289333
812,IKEA,37.8310564523,-122.2919726372
813,Modern,34.4211370934,-119.5956269041
814,Modern,34.4213725833,-119.5958154833
815,Diner,34.4404895833,-119.74104115
816,Trade/Tech School,34.4148839898,-119.690935618
817,Grocery,34.4193189265,-119.5913153887
818,In-N-Out Burger,34.2682818,-119.2730552167
819,Temple,34.4211970721,-119.5956449957
820,Trade/Tech School,34.4370356763,-119.6948540211
821,Chipotle,34.4192983263,-119.6989143918
822,Dancefloor,34.4320522167,-119.7205868
823,Trade/Tech School,34.4176101032,-119.696998621
824,Bar,34.4172301911,-119.6959161758
825,Mexican,34.4134083833,-119.8554095167
826,In-N-Out Burger,34.4428789616,-119.7909039259
827,Live Music,34.0985058329,-118.3242559433
828,American,34.1392518496,-118.2110317958
829,Beach,32.9752517833,-117.2702938167
830,Cineplex,33.1216450167,-117.0863179
831,Lake & Pond,34.4291576167,-119.7057257167
832,Bookstore,37.2236512471,-121.9814542569
833,Grocery,37.3454334833,-121.9364948167
834,Starbucks,37.3395923,-121.9389965
835,Resort,36.9529919667,-121.8780953833
836,Grocery,37.3279287167,-121.9311273
837,Mexican,37.3519677833,-121.9553445667
838,Target,37.2645243333,-121.91835015
839,Whole Foods,37.2359149129,-121.9615459442
840,Italian,37.3315541167,-121.9125681167
841,Starbucks,37.2355499667,-121.96450765
842,Toys & Games,37.3136511667,-121.9511297
843,Wings,37.3452645333,-121.93673085
844,Walgreens,37.32937165,-121.9507407
845,Bowling,37.2544062667,-121.8612289833
846,City Park,37.2811890667,-121.9563985
847,Gas & Automotive,37.3383591667,-121.93799275
848,Starbucks,37.2301585167,-121.9795884167
849,Mall,37.325434966,-121.9450342655
850,Gas & Automotive,37.3833102333,-121.9504006833
851,City Park,37.34291355,-122.0253767333
852,Luxury Hotel,37.3326999167,-121.8894569333
853,Historic Landmark,37.2877982667,-121.9521213833
854,Grocery,37.3298312667,-121.9652711667
855,Starbucks,37.3341008167,-121.9237438
856,History Museum,37.3341153854,-121.9231581688
857,Garden,37.3312281833,-121.9282625667
858,Grocery,37.3379296833,-121.9754757333
859,Zoo,37.7505492,-122.14763045
860,Apple Store,37.3251576879,-121.9465255737
861,Old Navy,37.32536105,-121.9487913333
862,Target,37.3391056392,-121.9049084187
863,Frozen Yogurt,37.35055265,-121.9436400833
864,Train Station,37.3528889594,-121.9363868237
865,Train Station,37.776422099,-122.3943257332
866,Cineplex,37.2881324667,-121.93426395
867,Asian Food,37.28889975,-121.93372115
868,Trader Joe's,37.2884085667,-121.9323722333
869,Barnes & Noble,37.2877602167,-121.9327888667
870,Theme Park,37.3961415675,-121.9725751877
871,Other - Parks,37.2214935333,-121.9815744667
872,Coffee Shop,37.2220970833,-121.9830544667
873,American,37.3530254153,-121.9953739643
874,McDonald's,36.6390034667,-120.6264879833
875,Health & Fitness,37.3376032627,-121.9193858388
876,McDonald's,37.2438258,-121.9597869333
877,Soul Food,37.3210538527,-121.9497656822
878,Campus Commons,37.4476403957,-122.2618246078
879,Grocery,37.4295070667,-122.25405265
880,Italian,36.9717319,-122.02532945
881,Shoes,37.3231959333,-121.9599795333
882,Nordstrom,37.3260364426,-121.9456887245
883,Starbucks,37.3209173387,-121.9491004944
884,Racetrack,37.8841007923,-122.3127436638
885,Grocery,37.3238642489,-121.9499570354
886,Gas & Automotive,37.3229408667,-121.955989
887,Stadium,37.3203100667,-121.8617086333
888,Frozen Yogurt,37.3202603618,-121.9478559494
889,Cineplex,37.3191255699,-121.9525873661
890,City Park,37.2332433833,-121.9557656
891,Mall,37.3212981167,-121.947861
892,Burgers,37.3941796167,-121.9456290167
893,Food & Foodies,37.394530593,-121.9476413727
894,Pet Store,37.3402585833,-121.90750005
895,Pub,37.3351235,-121.89389475
896,Other - Shopping,37.3397762364,-121.9068004674
897,Coffee Shop,37.3311697736,-121.8867233825
898,Gallery,37.3304421,-121.8865412833
899,American,37.2282415,-121.97981905
900,Gas & Automotive,37.2485915,-121.9562383
901,LEGO Store,37.3257378378,-121.9437897205
902,Cineplex,37.27846465,-121.95123545
903,Sports & Outdoors,37.3231003833,-121.9510030833
904,Urban Outfitters,37.32064431,-121.9487035275
905,American,37.320874678,-121.9492185116
906,Plaza / Square,37.7790508984,-122.4175214767
907,Mexican,37.3478495833,-121.8775347667
908,Target,37.2913306215,-121.9902992249
909,Apparel,37.2917871333,-121.9864848167
910,Cineplex,37.3192707833,-121.9521392333
911,Sushi,37.3072015833,-121.9002257833
912,Starbucks,37.4592559551,-122.1372677633
913,Other - Parks,37.2863799333,-121.9395512833
914,Mexican,37.2868646799,-121.9461402797
915,Burgers,38.5404682,-121.7386651
916,Grocery,37.3492934833,-121.8935785167
917,Sports & Outdoors,37.2878575,-121.95430835
918,Grocery,37.2800373231,-121.9511282444
919,Farmers Market,37.3361200571,-121.8936431408
920,Wine & Spirits,37.3239236,-121.95188795
921,Gas & Automotive,37.24828455,-121.9573070333
922,Mexican,37.3245483167,-121.9322164167
923,High School,37.3291133167,-121.92367075
924,Crafts & Creative,37.3393188905,-121.9063568115
925,Pizza,37.325055308,-121.9469976425
926,Steakhouse,37.3224872343,-121.9476413727
927,In-N-Out Burger,37.3509614938,-121.9227933884
928,Library,37.3318252563,-121.926612854
929,Technology,37.3409500407,-121.907847338
930,Discount Store,37.3389321,-121.9056208
931,Running,37.3256354587,-121.9459462166
932,Pizza,37.32640325,-121.94329305
933,Soccer Stadium,37.3505649073,-121.9365799427
934,University,37.3500993167,-121.93824565
935,Hospital,37.2511636,-121.9476983
936,Other - College & Education,37.3041748,-121.9855075333
937,Target,34.0013449635,-117.7186882496
938,Bookstore,33.9982348,-117.7201508167
939,Peet's Coffee,34.0019079667,-117.7296538333
940,Mall,34.0008001333,-117.72947445
941,Church,33.9968191667,-117.7299449333
942,Walmart,33.99540895,-117.7181108833
943,Best Buy,34.0166681167,-117.7436361
944,Starbucks,34.0323098518,-117.689999342
945,Performing Arts,34.0568048833,-117.7503115667
946,In-N-Out Burger,34.02599135,-117.7495705833
947,BBQ,33.9110560052,-117.8812623024
948,Other - Food,33.9124962006,-117.8881072998
949,Pizza,33.9132441478,-117.8862188999
950,Men's Apparel,33.9162891181,-117.8849101067
951,Italian,33.9168500282,-117.8832471371
952,Seafood,33.9172226,-117.8825241833
953,Mall,33.9154076805,-117.8865623474
954,Apple Store,33.9155100702,-117.8861814737
955,Grocery,33.9187076954,-117.889316387
956,Target,33.9177322388,-117.8879069474
957,Wine & Spirits,33.9187504,-117.8887244833
958,Frozen Yogurt,33.9134099333,-117.89310665
959,Brewery / Microbrewery,33.9129110535,-117.8894418469
960,American,33.9183457704,-117.8825980425
961,American,33.9109508833,-117.8879955167
962,Starbucks,33.9095820333,-117.8529458167
963,In-N-Out Burger,33.6502957333,-117.8406159333
964,Tea Room,33.6508893,-117.8395609
965,Asian,33.6495692333,-117.8396298667
966,Mexican,33.6511405,-117.8410683333
967,Farmers Market,33.6506367155,-117.8401279449
968,Brewery / Microbrewery,33.65094795,-117.8389785667
969,University,33.6487816167,-117.8448502667
970,Apartment,33.6681063729,-117.848367393
971,Cineplex,33.65030185,-117.8383163333
972,Trader Joe's,33.6502742333,-117.8375856167
973,Starbucks,33.20097615,-117.2449044667
974,Cineplex,33.200344169,-117.2445273399
975,Bakery,33.2003136,-117.2468927
976,Modern Hotel,33.6780952348,-117.8404605389
977,Pizza,33.6718987833,-117.8449383167
978,Other - College & Education,36.5973442333,-121.8761000667
979,Modern Hotel,36.5911471605,-121.8782866123
980,Playground,36.5976681333,-121.8863332167
981,Gym,37.766178,-122.4019277
982,Corporate Office,37.4319533646,-122.1042019129
983,Duplex,37.7611753841,-122.4051913225
984,Pizza,37.7657699,-122.4018472167
985,Coffee Shop,37.7599707667,-122.3978918333
986,Whole Foods,37.7647247326,-122.4026565631
987,Train Station,37.3940532605,-122.0761084557
988,Plaza / Square,37.78329315,-122.4075285833
989,Peet's Coffee,37.76638945,-122.4090911333
990,Grocery,37.76644029,-122.4093997478
991,In-N-Out Burger,36.6799922333,-121.64094755
992,Subway,37.4162641333,-122.07898885
993,Middle Eastern,37.4164816167,-122.0795028833
994,Coffee Shop,37.75761625,-122.3930593167
995,Train Station,37.7575598423,-122.3925232887
996,Wine Bar,37.3947958,-122.0777647167
997,Plaza / Square,37.39488,-122.077845
998,French,37.42607695,-122.14540905
999,Breakfast,37.7658798667,-122.4019434333
1000,Golf Course,37.72401305,-122.4940819833
1001,Nature Preserve,37.4347962667,-122.10755645
1002,Bridge,37.7620942333,-122.4057557667
1003,Subway,37.7215860978,-122.4474549294
1004,American,37.77816295,-122.3918151833
1005,Bakery,37.3945369858,-122.0782703161
1006,Sculpture,37.77790545,-122.39157915
1007,Mexican,37.7660902314,-122.4027509234
1008,Paper Goods,37.43799745,-122.15981025
1009,Bookstore,37.4379919667,-122.1595076
1010,Bakery,37.4382106822,-122.1604371071
1011,Grocery,37.4381489167,-122.1604235167
1012,American,37.7581288833,-122.38825095
1013,Pizza,37.7554294333,-122.4196567667
1014,Dive Bar,37.75503945,-122.4192765833
1015,Train Station,37.7095428675,-122.4013209343
1016,Other - Art & Culture,37.7654128167,-122.4036875333
1017,Wine Bar,37.7581559167,-122.3885924333
1018,Starbucks,37.7660139753,-122.4034114383
1019,Brewery / Microbrewery,37.7113487167,-122.2123540667
1020,Airport,39.5059758981,-119.7758865322
1021,Starbucks,37.42183435,-122.0962291333
1022,Brewery / Microbrewery,37.7824215609,-122.3925822973
1023,City Park,37.781628727,-122.3939502239
1024,Salon & Barbershop,37.7599899167,-122.3960846
1025,French,37.7624771167,-122.3970680167
1026,Modern Hotel,37.420485979,-122.2112754345
1027,Crafts & Creative,37.4214768833,-122.0975366167
1028,Other - Food,37.8012159714,-122.2747168475
1029,Live Music,37.8079106624,-122.2701179981
1030,Asian,37.7626650667,-122.39608225
1031,Best Buy,37.4217918833,-122.0967370833
1032,Chipotle,37.42191125,-122.0962649167
1033,Soul Food,37.7439614465,-122.4221456051
1034,Bakery,37.7656186188,-122.4095216221
1035,Golf Course,37.62895315,-122.4352868
1036,Brewery / Microbrewery,33.7294079861,-117.7869987488
1037,Wine & Spirits,33.721957089,-117.7957963943
1038,Target,33.7274538613,-117.7854645252
1039,BBQ,33.6878174671,-117.7716109157
1040,Arcade,33.6510344333,-117.74371915
1041,Asian Food,33.6441346839,-117.743139267
1042,Bakery,33.6497346773,-117.7417981625
1043,Apple Store,33.64970415,-117.7432275167
1044,Mexican,33.6500383348,-117.7417230606
1045,Other - Entertainment,33.649417622,-117.7425545454
1046,Burgers,33.6503281167,-117.7430938333
1047,Asian,33.6192195476,-117.7015710128
1048,Peet's Coffee,33.6180996833,-117.7029705
1049,American,33.6200647833,-117.7014840167
1050,Other - Architecture,33.6217668041,-117.7023053169
1051,Trader Joe's,33.5927744611,-117.6591730183
1052,Other - Nightlife,33.5608333833,-117.6713749167
1053,Brewery / Microbrewery,33.5755034333,-117.7265581667
1054,Vegetarian / Vegan,33.5759359,-117.7269528833
1055,Burgers,33.57494105,-117.7254894167
1056,Best Buy,35.385683446,-119.094012583
1057,Walmart,35.2968872833,-119.0284763667
1058,Resort,35.3028497333,-119.0408986667
1059,American,34.1602343667,-118.1324288667
1060,Nature Preserve,33.9081777674,-116.6055393219
1061,Scenic Lookout,33.8594847833,-116.5588219
1062,Historic Landmark,33.8584154237,-116.5581822395
1063,Camping & Outdoors,34.1125151833,-117.5265562534
1064,Target,34.1332895228,-117.6411616802
1065,Grocery,34.12719515,-117.8916104333
1066,AMC Theatre,34.1047907833,-117.9061095667
1067,Other - Food,34.1506062833,-118.0696660833
1068,Light Rail,34.1476077167,-118.0813501333
1069,Starbucks,34.1501915439,-118.0807159864
1070,Gate,34.19641525,-118.3498366833
1071,Mexican,34.1855291959,-118.3164963126
1072,Sandwich Shop,34.1855824467,-118.3163434267
1073,Department Store,34.1842844491,-118.3134734631
1074,Brewery / Microbrewery,34.1811149336,-118.3122025336
1075,Asian,34.1812210304,-118.3121337037
1076,Middle Eastern,34.1872239667,-118.3178308833
1077,Starbucks,34.1870046333,-118.3177992
1078,Grocery,34.189031,-118.318021
1079,Barnes & Noble,34.1851409079,-118.3150908351
1080,Mexican,34.1848413702,-118.3145302534
1081,Pizza,34.1848679467,-118.3136639265
1082,In-N-Out Burger,34.9835571363,-118.9481860399
1083,Gas & Automotive,34.9857350667,-118.9479606333
1084,Pub,35.3025839355,-119.0407425237
1085,Apartment,35.3612739,-119.0442752167
1086,Ski & Snowboard Area,39.2744386167,-120.1197910167
1087,Bakery,39.7265772833,-121.8373805667
1088,Monument,39.7268981333,-121.8386045
1089,In-N-Out Burger,39.7241139333,-121.8064249167
1090,Starbucks,39.7263330521,-121.8010854721
1091,Terminal,38.6930634364,-121.5874528885
1092,Gate,38.6931680569,-121.5900151483
1093,Stadium,38.6490700803,-121.5182304382
1094,Dutch Bros. Coffee,39.7152088833,-121.8056477333
1095,Brewery / Microbrewery,39.7245405667,-121.8145782667
1096,Costco,39.7212498723,-121.8103981018
1097,Target,39.7259483833,-121.8036413667
1098,Luxury Hotel,36.1444229744,-115.1703543333
1099,Casino,36.1164182103,-115.1752567291
1100,Ultra-lounge,36.1170465638,-115.1740765572
1101,Ultra-lounge,36.0956762297,-115.1745620136
1102,American,36.09942537,-115.17544841
1103,Dancefloor,37.7781236333,-122.4058743167
1104,Castle,36.2762639833,-115.3227651
1105,Other - Services,36.1655310667,-115.1688527
1106,American,36.2829185333,-115.2873123833
1107,Four Seasons,36.0914880222,-115.1745915413
1108,Brewery / Microbrewery,36.1643111667,-115.2892257333
1109,BBQ,36.1987796,-115.2426607333
1110,Apple Store,36.1276420872,-115.1735730754
1111,Mall,36.1271558633,-115.1706540585
1112,Brewery / Microbrewery,36.2426847,-115.2359791333
1113,Gate,37.6185486396,-122.3861718178
1114,Peet's Coffee,37.6187787154,-122.3884497539
1115,Terminal,37.6180557408,-122.3868155479
1116,City Park,37.4014209833,-122.0978815667
1117,Other - Shopping,37.4231254333,-122.0976128667
1118,History Museum,37.4144820735,-122.0770740509
1119,Asian,37.3354705333,-122.0150994333
1120,Corporate Office,37.3327951333,-122.03056305
1121,Corporate Office,37.3330959679,-122.0294862986
1122,Gas & Automotive,37.3770984,-122.0637627833
1123,South American / Latin,37.4430346743,-122.1626121458
1124,Corporate Office,37.4442843376,-122.1610271931
1125,Dive Bar,37.3936307833,-122.0802563833
1126,Apparel,37.3933444667,-122.0796607667
1127,Corporate Office,37.3923783111,-122.0786994696
1128,Toys & Games,37.3930746167,-122.0794954833
1129,Music,37.39311595,-122.07938475
1130,Tea Room,37.3929937333,-122.07962415
1131,Corporate Office,37.392967531,-122.0796945691
1132,Mexican,37.3935157591,-122.0782533241
1133,Post Office,37.3932209,-122.0780891833
1134,Other - Services,37.3810047333,-122.0750004
1135,Other - Food,37.7693062333,-122.4276438167
1136,Library,37.7642970667,-122.4316951833
1137,Mission,37.7643013,-122.42629765
1138,Saloon,37.7648357333,-122.4241167667
1139,Technology,37.6144122106,-122.3901523093
1140,Gate,37.6182596993,-122.3873305321
1141,Pub,37.6204182258,-122.3885965347
1142,Pizza,37.6199400671,-122.3878876248
1143,Other - Shopping,37.6209448,-122.3908988833
1144,Starbucks,33.9448495864,-118.4049833148
1145,Terminal,33.9421850679,-118.3973622322
1146,Starbucks,33.9421800167,-118.39745915
1147,Bakery,33.9441388913,-118.401756394
1148,Ultra-lounge,33.9441253891,-118.4024477005
1149,Terminal,34.4257531,-119.83625065
1150,Resort,34.4576475333,-119.82075775
1151,Mexican,34.42767755,-119.6872317667
1152,Stadium,34.4349893333,-119.6938377167
1153,Courthouse,34.4243458384,-119.7020423412
1154,Modern Art Museum,34.4233103901,-119.7039145231
1155,Coffee Shop,34.42464065,-119.7036049
1156,Apple Store,34.4211886,-119.7014465167
1157,Luxury Hotel,34.4201501,-119.7025671667
1158,Brewery / Microbrewery,37.3945769833,-122.0808653667
1159,Trader Joe's,37.3664506167,-122.0332422833
1160,Other - Entertainment,37.3686521,-122.0335325
1161,Theatre,37.4445658,-122.1458905667
1162,Government,37.3790970167,-122.0722752333
1163,BBQ,35.6408817,-120.6872423
1164,Stadium,35.64164519,-120.68642783
1165,Other - Food,34.61477279,-120.1928991
1166,Beach,34.4716795595,-120.2283775806
1167,IKEA,37.4606202793,-122.1382498741
1168,Other - Food,37.4171922207,-122.025137078
1169,Health & Fitness,37.3844841333,-122.01096555
1170,Vietnamese,37.3940668,-122.0795384667
1171,Seafood,37.5035243167,-122.4850003667
1172,Brewery / Microbrewery,37.5039446333,-122.48586415
1173,AMC Theatre,37.3887705667,-121.9830679833
1174,Pet Store,37.4225855167,-122.09612985
1175,Pub,37.4866230173,-122.2332469566
1176,Veterinarian,37.401947683,-122.1157896
1177,Italian,37.3864317667,-122.0857565667
1178,Ice Cream,37.3879015833,-122.0887447167
1179,REI,37.4228479,-122.0965936833
1180,Grocery,37.450769942,-122.1776239446
1181,Apple Store,37.4479079167,-122.1597719167
1182,Technology,37.4233925333,-122.1365118
1183,Chipotle,37.4240335673,-122.1436397375
1184,Bakery,37.36688498,-122.031904776
1185,Burgers,37.4462349582,-122.1612203121
1186,Wine Bar,37.4451747752,-122.1619756658
1187,Salon & Barbershop,37.3935865136,-122.0814892825
1188,Asian Food,37.3944835667,-122.07843675
1189,Asian,37.3924422411,-122.0799386501
1190,The Home Depot,37.4592529333,-122.1359396167
1191,AMC Theatre,37.3258474,-122.01442175
1192,Historic Landmark,37.588943427,-122.4131374061
1193,Best Buy,34.0891168488,-118.3443537354
1194,Asian Food,34.0824149405,-118.2727812047
1195,Coffee Shop,34.0920868833,-118.2801161833
1196,Sports Bar,34.0475003423,-118.4632220517
1197,Asian,34.0841971167,-118.33847005
1198,High School,34.06191945,-118.4100651667
1199,Mexican,34.0432405333,-118.2635521833
1200,Mediterranean,37.44523895,-122.1638138333
1201,Pub,37.8678083668,-122.256770786
1202,Pub,37.8680899,-122.2673060333
1203,Pizza,37.8462146627,-122.2520506382
1204,Fine Dining,37.8420419667,-122.25114605
1205,Mexican,37.7736612239,-122.4393307856
1206,Coffee Shop,37.7763605,-122.4232935833
1207,Bookstore,37.74767825,-122.4264130333
1208,Other - Parks,37.3753300667,-122.16956015
1209,Coffee Shop,37.8779105833,-122.2692006826
1210,Fine Dining,37.4287872167,-122.2513936333
1211,Diner,33.8853503667,-118.4098478167
1212,Mexican,34.0718696167,-118.36042835
1213,Coffee Shop,34.0043914167,-118.48596095
1214,Thai,34.0983327833,-118.3040953167
1215,American,33.9904841246,-118.4649525583
1216,Coffee Shop,33.9911651,-118.4668721167
1217,Fine Dining,37.869204457,-122.2683906555
1218,Other - Food,37.3002766833,-121.9804616
1219,Diner,37.42958315,-122.25509225
1220,Asian,37.5435646333,-122.3079870167
1221,Bakery,37.7614446392,-122.4239587784
1222,Other - Food,37.7627289333,-122.4322929667
1223,Diner,37.4438081333,-122.1700799333
1224,Conference,37.8707900167,-122.2591128833
1225,Fine Dining,37.8694757909,-122.2659072795
1226,Saloon,37.8494668,-122.2521471833
1227,French,37.7653570333,-122.4500239167
1228,Coffee Shop,37.8690435364,-122.2548079491
1229,Coffee Shop,37.4448394667,-122.16142415
1230,Bakery,37.4463735167,-122.161107
1231,American,34.0532120667,-118.4633735333
1232,American,37.8701968834,-122.3007515897
1233,Pub,37.8663123,-122.2582716667
1234,Theatre,37.8737354974,-122.2541642189
1235,Pizza,37.8365154833,-122.26236065
1236,Burgers,37.7638110422,-122.4332928658
1237,Ultra-lounge,37.76493425,-122.4318415167
1238,Coffee Shop,37.4474793167,-122.1601217333
1239,South American / Latin,37.8357917833,-122.2627612167
1240,Italian,37.78197025,-122.3884433167
1241,Italian,34.1457681487,-118.1499833273
1242,Asian,37.4487585333,-122.1584795
1243,Gas & Automotive,37.7707386,-122.4162769167
1244,Burgers,37.4269115833,-122.1443653
1245,Whole Foods,37.781272585,-122.399969101
1246,Coffee Shop,37.8608956333,-122.2897367
1247,Vegetarian / Vegan,34.07870835,-118.3764906333
1248,Saloon,34.0778524,-118.3764969333
1249,Sports Bar,37.444224,-122.1621672667
1250,Other - Nightlife,37.4454683448,-122.1622717381
1251,Bar,34.0921490198,-118.3092378989
1252,Other - Food,37.4535173937,-122.1823775768
1253,Asian,37.3917660333,-122.08027815
1254,Mexican,37.7802773,-122.3913110167
1255,Tacos,33.9902593833,-118.4639098333
1256,Library,38.5610626869,-121.4213070324
1257,Student Center,38.5605649961,-121.4209940905
1258,Capitol Building,38.5766215771,-121.4938437939
1259,Mexican,38.5740116466,-121.4746286427
1260,Target,38.6011150667,-121.4031566
1261,Chipotle,38.5974112681,-121.4158773422
1262,Dive Bar,38.57423535,-121.4815263833
1263,American,38.5739320167,-121.4812268333
1264,Hall,38.5567010518,-121.4255097885
1265,Dive Bar,38.5755952293,-121.4800049638
1266,Victorian,38.57479795,-121.4810942667
1267,Bakery,38.5748768333,-121.4019794833
1268,Mall,38.6008181167,-121.4260732667
1269,Mexican,38.5761298167,-121.4801657833
1270,Dancefloor,38.5759594,-121.4798132
1271,Mexican,38.5702158167,-121.4560367333
1272,Peet's Coffee,38.5764846833,-121.4800676333
1273,Pizza,38.5763291833,-121.4800756
1274,Coffee Shop,38.5779981071,-121.4813327401
1275,Live Music,37.7663962037,-122.4304267065
1276,Live Music,37.7664738667,-122.4306603
1277,Sushi,38.5778629216,-121.4856147766
1278,Asian,38.5781596,-121.4854706
1279,Breakfast,38.5704161667,-121.4899197667
1280,Coffee Shop,38.5706521502,-121.4900265712
1281,Bank & Financial,32.9364953,-117.03762108
1282,Costco,32.9358414167,-117.0335551
1283,Casino,32.9379355,-116.8747949333
1284,Aquarium,32.7667530167,-117.22598055
1285,Aquarium,32.7660081667,-117.2276473167
1286,Theme Park,32.7640009363,-117.223777771
1287,Aquarium,32.7656429162,-117.2229248285
1288,Other - Street Fare,33.81239635,-117.91874685
1289,Disneyland Resort,33.8116813167,-117.9171339833
1290,Disneyland Resort,33.8127023976,-117.9203340411
1291,Train Station,33.8112763667,-117.9218412
1292,Other - Architecture,33.9328166104,-118.3963483572
1293,Brewery / Microbrewery,33.9417934381,-118.3995509148
1294,Terminal,33.9417934381,-118.4019327164
1295,Airport,34.4282029333,-119.8425706167
1296,Terminal,37.3578278379,-121.9328037605
1297,Other - Architecture,37.4047662534,-122.0536120967
1298,Science Museum,37.4089645,-122.0641812167
1299,Campus Commons,37.4089535333,-122.06577075
1300,Farmers Market,37.3938998,-122.0755972833
1301,Discount Store,37.3788583833,-122.0716227167
1302,AT&T,37.37895335,-122.07525855
1303,Mall,34.4188678167,-119.7001218667
1304,Other - Travel & Lodging,34.4849561333,-120.2288804167
1305,Starbucks,37.9765537305,-122.0339793412
1306,Mexican,37.8007050833,-122.27411605
1307,Grocery,37.9538084175,-121.9659125805
1308,Subway,37.9737199944,-122.0291537046
1309,Peet's Coffee,37.9369620454,-122.0249949396
1310,Subway,37.9285770798,-122.0558041334
1311,Discount Store,37.947294113,-122.0607447624
1312,Cineplex,37.9447271798,-122.0617695502
1313,Technology,37.9748109996,-122.0422911644
1314,Burgers,37.5642938833,-122.3234651167
1315,Cineplex,37.5660645833,-122.3227429333
1316,Mexican,37.7604352902,-122.4194204807
1317,Salon & Barbershop,37.9503493514,-121.9581542909
1318,Burgers,37.9531324833,-121.9554799333
1319,Bakery,37.9291572,-122.0399104667
1320,Asian,37.3217732,-121.8269005
1321,Stadium,37.3327163487,-121.9011855125
1322,American,37.896030931,-122.0615279675
1323,Starbucks,37.9641370589,-121.9900041819
1324,Other - Architecture,37.8622422033,-122.2094357014
1325,Bridge,37.8247770415,-122.3138004541
1326,Bridge,37.82065765,-122.3346048667
1327,Asian,37.7830954,-122.46322705
1328,Cineplex,37.9765701055,-122.0360469818
1329,Grocery,37.8502473667,-122.2518903833
1330,Italian,37.7821349616,-122.4041413995
1331,South American / Latin,33.7875336667,-117.8535567167
1332,Mexican,34.0579927079,-118.2373577356
1333,Asian Food,34.0498913333,-118.2423243167
1334,Coffee Shop,34.18239355,-118.3110809167
1335,Gas & Automotive,36.2533585833,-120.2389733833
1336,Technology,37.776752824,-122.4032306671
1337,Ice Cream,37.742697339,-122.4817979336
1338,Other - Food,38.2962480858,-122.2829692565
1339,Mall,38.2963394833,-122.3034069667
1340,Subway,37.8932416667,-122.1250793667
1341,Grocery,37.953639222,-121.9538211823
1342,Hospital,37.8914596833,-122.0587429333
1343,Asian,37.9300032333,-122.0153107167
1344,College,37.9684254292,-122.0716881752
1345,Cineplex,37.8684345156,-122.2688948161
1346,City Park,37.9196230345,-122.0432782173
1347,South American / Latin,37.3350071,-121.8944234167
1348,Starbucks,37.3352499508,-121.8928706646
1349,Krispy Kreme,37.4193495667,-122.09427595
1350,Gas & Automotive,37.4215023833,-122.1019699833
1351,Terminal,37.6157866648,-122.3909461498
1352,Golf Course,37.3778881667,-121.8900005667
1353,Starbucks,37.97376675,-122.0414678167
1354,Bookstore,37.9449720942,-122.0614781321
1355,City Park,37.7384769167,-122.4829991667
1356,Mexican,37.7526068667,-122.41844415
1357,Corporate Office,37.9721772955,-122.0429365622
1358,South American / Latin,37.9000664289,-122.0618433126
1359,Other - Architecture,37.74997945,-122.4035271833
1360,Starbucks,37.7010783351,-122.4832866941
1361,American,38.4590145833,-122.42294525
1362,Bridge,38.02694525,-122.1137875167
1363,Cineplex,37.8966786086,-122.061047852
1364,Starbucks,38.0945019815,-122.2291773643
1365,In-N-Out Burger,38.2345242333,-122.6210639833
1366,Ice Cream,37.89899116,-122.06108415
1367,Asian,37.66458,-122.46765575
1368,Seafood,37.7788429989,-122.5134835393
1369,City Park,37.7361728432,-122.4800169468
1370,Coffee Shop,37.7336040364,-122.4897345901
1371,Convention Center,37.7719274835,-122.4039709568
1372,Soul Food,37.8682304587,-122.2676128149
1373,Trader Joe's,37.8931267167,-122.0609350667
1374,Subway,37.754151995,-122.1974086761
1375,Subway,37.722579004,-122.161295414
1376,Subway,37.696877966,-122.1264588833
1377,Subway,37.6340926667,-122.0570472833
1378,Subway,37.5907117406,-122.017287612
1379,Other - Entertainment,37.5985751264,-122.0656585693
1380,Steakhouse,37.6012612386,-122.0672786236
1381,Krispy Kreme,37.59757705,-122.0699151167
1382,Live Music,37.95906945,-121.9374245333
1383,Starbucks,37.8964772815,-122.0599752728
1384,Gas & Automotive,37.7615367091,-122.4773456284
1385,Fine Dining,37.9011230134,-122.0613659329
1386,Asian Food,37.3344283167,-121.8892088833
1387,Other - Entertainment,37.335625292,-121.8883323669
1388,Starbucks,37.3412147,-121.91173765
1389,Mall,37.0221835667,-121.5640369667
1390,Nike,37.0207018167,-121.5641868167
1391,Italian,37.8339338,-122.2920761
1392,Nike,37.8357169381,-122.2922623158
1393,Bakery,37.8336494135,-122.2922194004
1394,Peet's Coffee,37.9179831751,-122.0366799831
1395,Starbucks,35.641985,-120.6869365333
1396,Burgers,35.2812572833,-120.6603437833
1397,Light Rail,34.0869926833,-118.4757662333
1398,Mall,34.1571112597,-118.4370024079
1399,Monument,34.148564583,-118.375393467
1400,Other - Nightlife,34.0852054167,-118.3839489833
1401,Dive Bar,34.0907441257,-118.3678528734
1402,Dive Bar,34.0908736124,-118.3645366114
1403,Apple Store,34.1571696,-118.4385538
1404,Other - Nightlife,34.0904687833,-118.37007805
1405,Saloon,34.0957846667,-118.2843238833
1406,Starbucks,34.1579096948,-118.3787047863
1407,Grocery,34.1401273292,-118.3681368828
1408,Urban Outfitters,34.1828621758,-118.3112713695
1409,Cineplex,34.097590747,-118.3280968666
1410,Sports Bar,34.1550407596,-118.4661557685
1411,Terminal,33.9461546686,-118.4073400497
1412,Seafood,34.1364982067,-118.3536407872
1413,American,33.98963525,-118.4500256667
1414,History Museum,34.2595308512,-118.819681406
1415,Target,34.18796705,-118.3718392833
1416,Post Office,34.1878968667,-118.3487157
1417,Cineplex,34.1548214667,-118.4668469
1418,Mall,34.143797,-118.2566661
1419,Corporate Office,34.1931996833,-118.4583470833
1420,In-N-Out Burger,34.1774669833,-118.38196545
1421,Burgers,34.1013309869,-118.3421355486
1422,Cineplex,34.101251031,-118.3398663998
1423,University,34.2420468119,-118.5290013025
1424,American,34.1317028667,-118.35251335
1425,Record Store,34.097559289,-118.329170175
1426,Target,34.1904811833,-118.33036385
1427,Bookstore,34.151754704,-118.4532579239
1428,American,34.1061486667,-118.2568147667
1429,American,34.1527925833,-118.3473222667
1430,Coffee Shop,34.1573653833,-118.3879911
1431,American,34.1566004333,-118.3967282333
1432,Bakery,37.22407295,-121.9834725667
1433,Peet's Coffee,37.4493098508,-122.1861004829
1434,Coffee Shop,37.4294910833,-122.1225895
1435,Coffee Shop,37.3237967333,-121.9943976333
1436,Doughnuts,37.3388476167,-121.9729818
1437,Diner,37.3668657667,-122.01325655
1438,Asian,37.3358549667,-122.01540565
1439,Asian Food,37.3521246333,-121.9913564667
1440,Burgers,37.3824199167,-121.9951280667
1441,Asian,37.3537353,-121.9949119
1442,Ice Cream,37.3882893833,-122.0827029333
1443,Zoo,37.3253923079,-121.8628138304
1444,Bookstore,37.3146502333,-121.97720715
1445,Aquarium,36.6179811667,-121.9019532667
1446,Asian,37.3400493333,-122.0426752167
1447,Vegetarian / Vegan,37.38786245,-122.0889815833
1448,Bakery,37.4027355333,-122.0508218
1449,Library,37.3350346761,-121.8852023324
1450,Other - Entertainment,37.2321030512,-121.9780737162
1451,Historic Landmark,37.4106143,-122.1231382
1452,Mediterranean,37.381533098,-121.9960050489
1453,Asian,37.35175385,-121.9911401
1454,Asian,37.3370386667,-122.0227734833
1455,Train Station,37.3775834303,-122.0301246643
1456,Pub,37.3763686106,-122.0303538325
1457,Mexican,37.3904118667,-122.01404045
1458,Terminal,33.8177788684,-118.1455135345
1459,Airport,33.818255747,-118.1447356939
1460,American,34.0580757456,-118.414725045
1461,Gas & Automotive,34.0410761454,-118.4613597393
1462,French,34.0721598423,-118.3673375845
1463,Whole Foods,34.1518062667,-118.4666459333
1464,Target,34.1748672667,-118.4667778015
1465,French,34.015329,-118.49623852
1466,Old Navy,34.0176209833,-118.4983423
1467,Bookstore,34.0587190167,-118.4197856333
1468,Drugstore & Pharmacy,34.1524650615,-118.4538656473
1469,Starbucks,34.0323261,-118.4752053
1470,Grocery,34.1530384,-118.45665305
1471,In-N-Out Burger,34.1518432333,-118.4477857
1472,Starbucks,34.1527544333,-118.46066935
1473,Grocery,34.1539255805,-118.4475624561
1474,IKEA,33.8426175852,-118.2623720169
1475,Live Music,34.09068345,-118.3887362333
1476,Chipotle,34.1573121333,-118.4895243667
1477,Corporate Office,34.0315407575,-118.4684568644
1478,Sushi,34.0351060956,-118.471455574
1479,Other - Street Fare,34.0308269167,-118.4686975833
1480,Corporate Office,34.0307874833,-118.4709222333
1481,Italian,34.1436657,-118.25670455
1482,Pizza,34.1716969,-118.5432529333
1483,Diner,34.1564432708,-118.4842865581
1484,Airport,34.0172734606,-118.447508812
1485,Other - Food,34.07330385,-118.3238136167
1486,Asian,34.1514765766,-118.4486265957
1487,Starbucks,34.0274684333,-118.4751011667
1488,Aquarium,33.762041537,-118.1967759132
1489,Luxury Hotel,34.0701335718,-118.3768701553
1490,City Hall,34.0282682,-118.47495255
1491,Asian,34.0391277,-118.4416673833
1492,Dessert,34.0392775696,-118.441303345
1493,Sushi,34.0534505467,-118.4629905224
1494,Coffee Bean and Tea Leaf,34.0230000333,-118.4938102833
1495,Conference,34.0426141541,-118.2696247101
1496,Asian,34.0395906167,-118.4303764833
1497,Sandwich Shop,34.0270238548,-118.475124836
1498,Asian,34.031481915,-118.46877458
1499,Fine Dining,34.0698136299,-118.3767521381
1500,Best Buy,34.1529618674,-118.4483949533
1501,Train Station,34.1541652986,-118.3082807064
1502,Mexican,34.0270596838,-118.4756169959
1503,Chick-fil-A,33.8308082167,-118.08527795
1504,Plaza / Square,34.0643236333,-118.4696232333
1505,Starbucks,33.9912733845,-118.4461703765
1506,Beach,34.0138144167,-118.8198967667
1507,McDonald's,34.1549043667,-118.4749792333
1508,City Park,34.02156025,-118.4682416667
1509,Asian Food,34.0409025,-118.4435497
1510,Coffee Shop,34.0293881234,-118.4727240235
1511,Apple Store,34.0748170272,-118.3775138855
1512,Mexican,37.4668886167,-122.2245878333
1513,Starbucks,37.4664414167,-122.2245681667
1514,Mexican,37.7670825,-122.4289572
1515,Mexican,37.5651521247,-122.3215949535
1516,Indian,37.7815439217,-122.3961097011
1517,Grocery,37.69445805,-122.4717385833
1518,Trader Joe's,37.4965081667,-122.2481775167
1519,Mexican,37.7611647371,-122.4348914623
1520,Mexican,37.4644527667,-122.4346447167
1521,Peet's Coffee,37.4865696833,-122.233308
1522,Sushi,37.4897160667,-122.2390927833
1523,Trader Joe's,37.7831241167,-122.4478435833
1524,Dive Bar,37.76424725,-122.38684365
1525,Theatre,37.7649708912,-122.4189028144
1526,Corporate Office,37.7807763208,-122.3952917278
1527,Asian Food,37.4857636667,-122.23449435
1528,College,37.5336492833,-122.33711215
1529,Sushi,37.7657817667,-122.4105390833
1530,Sushi,37.7771898667,-122.3926745667
1531,Mexican,37.4252282162,-122.1458827777
1532,Veterinarian,37.3750571833,-122.1157906
1533,Vietnamese,37.4451652544,-122.1613278377
1534,Dive Bar,37.4272142167,-122.1440163167
1535,Breakfast,37.4534976333,-122.1831393167
1536,Thai,37.7808987191,-122.3964655496
1537,Mexican,36.9740095167,-122.0257875667
1538,Pub,37.44433405,-122.16162565
1539,Racetrack,37.5950736,-122.3701355833
1540,American,37.5637535613,-122.3249061473
1541,South American / Latin,37.7449374833,-122.4204138
1542,French,37.4468269167,-122.1606708333
1543,Grocery,37.5778272776,-122.350479214
1544,Saloon,37.7699847167,-122.4134762167
1545,Pub,37.4475103333,-122.4292459333
1546,Arts,37.7753067017,-122.4206390381
1547,Walgreens,37.7635447833,-122.4800535
1548,Dive Bar,37.7700235498,-122.4221536517
1549,Historic Landmark,37.7804161412,-122.5135016441
1550,Health & Fitness,37.7640208,-122.4585998333
1551,Asian,37.7642111054,-122.4627887446
1552,Wine & Spirits,37.7755343833,-122.4092817167
1553,Asian,37.76865705,-122.4155683
1554,Antique Hotel,34.101153307,-118.3418029547
1555,Bakery,34.0829011167,-118.27353885
1556,City Park,37.759688872,-122.4271774292
1557,Airport,34.1961143486,-118.3539104462
1558,Technology,37.7788731061,-122.3971870287
1559,Sushi,34.0845476667,-118.3761839667
1560,Pub,34.0295713108,-118.4981703758
1561,Wine Bar,34.0187413667,-118.48910475
1562,Seafood,34.0584904641,-118.1331807375
1563,BBQ,34.061383,-118.31421375
1564,Other - Nightlife,34.04908466,-118.25578898
1565,Ultra-lounge,34.0500890667,-118.2570295333
1566,Other - Nightlife,37.7695454667,-122.4511944167
1567,Breakfast,37.7765811016,-122.4247473478
1568,Saloon,37.7758196,-122.4090319833
1569,Asian,37.7798294833,-122.4820322833
1570,South American / Latin,37.7620375,-122.4182724833
1571,Asian,37.7426422637,-122.4848353497
1572,Wine & Spirits,37.78735955,-122.3099057333
1573,Saloon,37.7642266392,-122.4658870697
1574,Asian Food,37.760640061,-122.4215278179
1575,Asian,37.7827103543,-122.466633379
1576,Performing Arts,37.7825003496,-122.4326252381
1577,Cineplex,37.7815184928,-122.4209976196
1578,Asian,37.76305295,-122.4802857833
1579,Bar,37.4449466173,-122.1613758802
1580,Ultra-lounge,37.7794789,-122.4115351
1581,Other - Nightlife,37.7763223333,-122.4205770833
1582,Costco,37.7707016833,-122.4105918833
1583,Casino,36.1182469216,-115.172252655
1584,Casino,36.0416493,-115.1851052
1585,Casino,36.1248420622,-115.1718986034
1586,Bar,36.1239581202,-115.1712226868
1587,Other - Entertainment,36.1243491791,-115.1706513762
1588,Casino,35.9653377896,-115.1689052582
1589,Other - Food,35.2686353,-116.070278
1590,In-N-Out Burger,34.8499542737,-117.0824038982
1591,Pan Pacific,37.7657829868,-122.4663215876
1592,Pub,37.76981215,-122.4479556667
1593,Sushi,37.7644344368,-122.4666756392
1594,Steakhouse,37.7656271167,-122.4664403167
1595,South American / Latin,37.9718326833,-122.5241842167
1596,Other - Nightlife,37.7830223667,-122.4637469833
1597,Mexican,37.78337264,-122.43974244
1598,Garden,37.7675089253,-122.4679684639
1599,Pizza,37.7686793176,-122.4223843217
1600,Wine Bar,37.7602348517,-122.4215359326
1601,Ice Cream,37.7615082532,-122.4257665873
1602,Sushi,37.7643307397,-122.4308616535
1603,American,37.7646731,-122.4328787833
1604,Sushi,37.7816469833,-122.4930364167
1605,Dessert,37.7803357667,-122.4755184667
1606,American,37.776520783,-122.3957698807
1607,Pub,37.8004933213,-122.2742164135
1608,Dancefloor,37.7822731701,-122.4081981182
1609,Mexican,37.7516841833,-122.4183583167
1610,Other - Food,37.7423293833,-122.4265967167
1611,Lake & Pond,37.8040876459,-122.2570610046
1612,Asian,37.6414617833,-122.4250093667
1613,American,37.78246255,-122.4470427
1614,American,37.75604555,-122.4211683167
1615,Playground,37.76389435,-122.3999400833
1616,Modern Art Museum,37.7709861237,-122.4689340591
1617,Ultra-lounge,34.0886990333,-118.3617772
1618,Grocery,37.4048616833,-122.1120051667
1619,Special Event,37.54648075,-122.3021314167
1620,Apartment,37.3326310407,-121.8876886368
1621,Train Station,37.4430577204,-122.1647393703
1622,Coffee Shop,37.7755740792,-122.3934030533
1623,Modern Hotel,37.3304215309,-121.88839674
1624,Conference,37.329964,-121.887464
1625,Tea Room,37.3322989333,-121.8845276333
1626,Convention Center,37.3290053631,-121.8885469437
1627,Train Station,37.4861951333,-122.2322730333
1628,Other - Food,37.335107,-121.893167
1629,Bakery,37.3325116,-121.8889337167
1630,Train Station,37.5374909248,-122.2979700565
1631,Mexican,37.3320789423,-121.8848506082
1632,Cineplex,37.3332519071,-121.8871309822
1633,Train Station,37.5677118828,-122.3244380951
1634,South American / Latin,37.766355477,-122.4219739437
1635,Light Rail,37.7758210167,-122.3944315833
1636,Train Station,37.3299181972,-121.9024085999
1637,Mission,37.5633746995,-122.3267877102
1638,Other - Food,37.3415273667,-121.9114045333
1639,Corporate Office,37.4022997833,-122.14389995
1640,Light Rail,37.3289797694,-121.9035995007
1641,Bookstore,37.7672219667,-122.4290778
1642,Subway,37.6006922333,-122.3868310833
1643,Subway,37.6371149446,-122.4159014225
1644,Subway,37.61566805,-122.3932706
1645,Train Station,37.5205165659,-122.2760939598
1646,Coffee Shop,37.4340102333,-122.1295759
1647,Apartment,37.7740454991,-122.4135088921
1648,Warehouse & Industrial,37.7486019785,-122.3866948485
1649,Victorian,37.7769923868,-122.4096518755
1650,American,37.7580678333,-122.3888325667
1651,Asian,37.7812376,-122.4618595833
1652,Other - Food,37.7647835634,-122.4239973561
1653,Gate,37.6190245387,-122.3840689659
1654,Terminal,33.9408677604,-118.4069108963
1655,Seafood,33.9468799833,-118.4074924333
1656,Italian,37.7576955592,-122.389433384
1657,Walgreens,37.7776835251,-122.4161492259
1658,Health & Fitness,37.7531452833,-122.4209393167
1659,Pizza,37.7624344667,-122.3975443833
1660,Saloon,37.7795577,-122.39790915
1661,Dive Bar,37.7806504,-122.4061246
1662,Other - Shopping,37.781756742,-122.4063756831
1663,Pub,37.7815086,-122.4050282333
1664,Pet Store,37.6677285915,-122.4672281742
1665,Chipotle,37.70153075,-122.48235785
1666,Dancefloor,37.77393566,-122.4137911353
1667,Asian,37.7750080064,-122.4130597441
1668,Other - Nightlife,37.7758545,-122.4151066667
1669,Vegetarian / Vegan,37.7777704304,-122.4162340164
1670,Wine Bar,37.7736858333,-122.4220224333
1671,South American / Latin,37.756988083,-122.4166420424
1672,Starbucks,37.7753736167,-122.4128906333
1673,French,37.7709872167,-122.4132742667
1674,Breakfast,37.7648846167,-122.42260265
1675,American,37.7429385167,-122.4267354333
1676,South American / Latin,37.7770850719,-122.4125246448
1677,Best Buy,37.7686793176,-122.4130046368
1678,Apple Store,37.7275518214,-122.476927042
1679,Bookstore,37.7267999167,-122.4770122333
1680,Mexican,37.7688171344,-122.4133586884
1681,American,37.7650719833,-122.4666248333
1682,Health & Fitness,37.7672205649,-122.4061596394
1683,Grocery,37.7690884,-122.41581685
1684,Warehouse & Industrial,37.7485905167,-122.3866161833
1685,Light Rail,37.7485307833,-122.3873977167
1686,Sculpture,37.7486872389,-122.3874730443
1687,Grocery,37.7577671167,-122.3886369833
1688,Target,37.6739645,-122.4642777333
1689,Target,37.6699663583,-122.470972538
1690,Other - College & Education,37.77420205,-122.41324735
1691,Bar,37.7734023333,-122.4122865167
1692,Corporate Office,37.7737818167,-122.41504235
1693,Corporate Office,37.7746562167,-122.4154170833
1694,Technology,37.7747531667,-122.4153701667
1695,Asian,37.7693898453,-122.451822939
1696,Frat House,37.7568420093,-122.3894941711
1697,Saloon,37.7581000833,-122.3883258
1698,Castle,37.7575932,-122.3894083833
1699,Other - Shopping,37.75782605,-122.3905651833
1700,Soul Food,37.7571615333,-122.3883568667
1701,Men's Apparel,37.7725084392,-122.4126497831
1702,Ultra-lounge,37.7741232112,-122.4172605899
1703,Burger King,37.7755314667,-122.41327295
1704,Gas & Automotive,37.7756172667,-122.4132336833
1705,Coffee Shop,37.7740430667,-122.4111056167
1706,Corporate Office,37.7754156167,-122.4154841667
1707,Corporate Office,37.7755310997,-122.4158718374
1708,Pizza,37.7664966,-122.4222543
1709,Coffee Shop,37.7670339782,-122.421952486
1710,Castle,37.7753443833,-122.4151494833
1711,Sonic,37.7812767448,-122.4039834951
1712,InterContinental Hotel,37.7818793332,-122.4044567667
1713,InterContinental Hotel,37.7817828833,-122.4049845167
1714,Ultra-lounge,37.7816717682,-122.4047724126
1715,Other - Shopping,37.7814960966,-122.4047455957
1716,Trade/Tech School,37.781692299,-122.4047255951
1717,Corporate Office,37.7821544574,-122.4040138721
1718,Fine Dining,37.7815501667,-122.40456485
1719,Corporate Office,37.7796105662,-122.3903560638
1720,American,37.7805151833,-122.3904248667
1721,Corporate Office,37.7798776789,-122.3906564713
1722,Dancefloor,37.7743496667,-122.3871935667
1723,Conference,37.7832313449,-122.4033164978
1724,Sandwich Shop,37.7569421833,-122.4208134796
1725,American,37.7510621059,-122.438185215
1726,City Park,37.8102930667,-122.1896701667
1727,Coffee Shop,37.615257392,-122.3851590165
1728,Diner,37.6147328382,-122.3827385902
1729,Monument,37.6150602167,-122.3834779167
1730,Coffee Shop,37.6147325667,-122.3822774833
1731,Drugstore & Pharmacy,37.61775105,-122.3870639
1732,Asian,37.6147826672,-122.389392476
1733,Dancefloor,37.7654500923,-122.3865714669
1734,Sushi,37.7630438229,-122.3888299444
1735,Wine & Spirits,37.6741363333,-122.4665187167
1736,Conference,37.7831295924,-122.4038743973
1737,Mexican,37.7535778669,-122.4186735371
1738,Dive Bar,37.77193563,-122.4316277651
1739,Sports & Outdoors,37.7670254969,-122.4107837677
1740,Pet Store,37.7660867333,-122.41026245
1741,Dive Bar,37.7727857112,-122.4130795507
1742,Mexican,37.7519909949,-122.4209466577
1743,Record Store,37.7560375333,-122.4209805667
1744,Sports Bar,37.751759368,-122.4280573372
1745,Garden,37.7394995833,-122.39026155
1746,Dive Bar,37.77124025,-122.4131341333
1747,Corporate Office,37.7718129944,-122.4133506417
1748,Italian,37.7760129307,-122.4085280299
1749,Chipotle,37.5968468154,-122.3860003329
1750,Sports & Outdoors,37.7702228833,-122.4158695667
1751,Toys & Games,37.76303875,-122.4220677667
1752,River & Stream,37.7687484,-122.4745249167
1753,Mall,37.7278403364,-122.4770450592
1754,Lab,37.65434925,-122.38361535
1755,Corporate Office,37.651268845,-122.383970199
1756,Peet's Coffee,37.78203535,-122.4209733167
1757,Corporate Office,37.7724448022,-122.4060094357
1758,Pizza,37.7776345,-122.4383003167
1759,Wine Bar,37.7773040292,-122.4384319782
1760,Ultra-lounge,37.77683035,-122.4380633667
1761,Ultra-lounge,37.7774510992,-122.4382883359
1762,Victorian,37.7516962117,-122.4324560165
1763,Subway,37.7791017775,-122.4143135548
1764,Whole Foods,37.7516238,-122.4308108
1765,Farmers Market,37.7514645,-122.4290510833
1766,Coffee Shop,37.7516869453,-122.4296083379
1767,Toys & Games,37.7516708333,-122.4284458
1768,Post Office,37.7608925667,-122.4371480833
1769,Coffee Shop,37.7517633333,-122.4290769167
1770,American,37.7646676783,-122.4229609966
1771,Dive Bar,37.7648846167,-122.42260265
1772,Mexican,37.76800135,-122.4290965
1773,French,37.7512693801,-122.4330909051
1774,Mexican,37.7556642667,-122.4094543167
1775,Asian,37.7467865217,-122.4270808697
1776,Dive Bar,37.7630977833,-122.4241205
1777,Luxury Hotel,38.2570876393,-122.3328387737
1778,American,38.2553387667,-122.3326787667
1779,Vineyard,38.2692290833,-122.3558399167
1780,24 Hour Fitness,37.7517707,-122.4276691667
1781,Dive Bar,37.7625333167,-122.4216387
1782,Breakfast,37.7516343371,-122.428521207
1783,Mexican,37.7514650501,-122.4302002788
1784,City Park,38.61083865,-122.87002085
1785,South American / Latin,37.7508601833,-122.4340828833
1786,Gas & Automotive,37.7834178908,-122.4051189423
1787,French,37.7826035667,-122.4078403333
1788,Italian,37.7539359667,-122.4209198833
1789,South American / Latin,37.7514874415,-122.4307361076
1790,Coffee Shop,37.75152285,-122.4311248833
1791,Bookstore,37.7515319167,-122.4306133
1792,Asian,37.7508127333,-122.4340576333
1793,American,37.7821282667,-122.3927146
1794,American,37.77960855,-122.39513925
1795,Pavilion,37.7721530833,-122.460066
1796,Pub,37.7513614315,-122.4328342151
1797,Pizza,38.5842740536,-121.2841111422
1798,Mexican,38.5940265656,-121.2874907255
1799,Church,38.49955466,-121.335513894
1800,In-N-Out Burger,38.6140621596,-121.2689673901
1801,Costco,38.5879679833,-121.2638219667
1802,Grocery,38.5948337667,-121.2926066667
1803,Starbucks,38.5959729,-121.4163725167
1804,Starbucks,38.5842215667,-121.2842252833
1805,Cineplex,38.56692415,-121.3404936167
1806,Mall,37.4164931198,-121.8979883194
1807,In-N-Out Burger,37.687951,-122.4721
1808,Krispy Kreme,37.6886938628,-122.4715894461
1809,Best Buy,38.5982790777,-121.4199295228
1810,American,38.6032053594,-121.267453655
1811,Other - Food,38.6009768257,-121.4291223086
1812,Apple Store,38.6009532833,-121.42570475
1813,Starbucks,38.5681906167,-121.4667904333
1814,College,38.6529564,-121.34677565
1815,Library,38.6510288715,-121.3474863768
1816,In-N-Out Burger,38.6603286167,-121.3565816333
1817,Target,38.595889,-121.2857729333
1818,Apparel,38.5945944333,-121.4162412167
1819,In-N-Out Burger,37.9891715167,-122.3107787333
1820,Beach,37.5984391182,-122.5021183491
1821,Target,38.6623074333,-121.3484311667
1822,Starbucks,38.6617651167,-121.3547851167
1823,In-N-Out Burger,40.5853431972,-122.3478484154
1824,In-N-Out Burger,39.5356020833,-119.7525515833
1825,Starbucks,38.6270004833,-121.2637523833
1826,Bank & Financial,38.598247922,-121.26529129
1827,Burgers,38.5700622249,-121.4912796021
1828,Other - Food,38.5700827333,-121.4904107167
1829,Dive Bar,38.569684179,-121.481838833
1830,Dive Bar,38.5704283009,-121.4809746143
1831,Starbucks,38.6502026167,-121.16438865
1832,Peet's Coffee,38.5693609667,-121.4666032667
1833,Contemporary Church,38.5609351734,-121.3455176353
1834,Other - College & Education,38.562064086,-121.4224501922
1835,Mexican,38.55427705,-121.4282699667
1836,Airport,38.693281158,-121.5904140472
1837,Ultra-lounge,38.5756769667,-121.4803821167
1838,Seafood,33.7641071481,-118.1946095191
1839,Mall,33.6496364349,-117.7427530289
1840,Beach,34.039436,-118.597136
1841,History Museum,34.0454411727,-118.5647320747
1842,Coffee Bean and Tea Leaf,34.0165848804,-118.4973664544
1843,Starbucks,33.6781221333,-117.8625245167
1844,Dancefloor,37.2870302,-121.9455272333
1845,Coffee Shop,37.3225954167,-122.0180224333
1846,Target,37.3237563333,-122.0364022667
1847,Coffee Shop,37.3924582833,-122.07908565
1848,Bookstore,37.3922845333,-122.07984415
1849,Coffee Shop,37.3231439,-122.0473743833
1850,Whole Foods,37.3235007333,-122.0399758
1851,Library,37.3718457167,-122.0393816
1852,City Park,37.3604255833,-122.05035705
1853,Peet's Coffee,37.3678689333,-122.0332502167
1854,Coffee Shop,37.3445236833,-121.9325738167
1855,Indian,37.3928958833,-122.0797863833
1856,Starbucks,37.3377732333,-122.0424416833
1857,Starbucks,37.3784715167,-122.0464003167
1858,Pizza,37.4446492667,-122.1624421667
1859,Subway,37.7825546,-122.4008232833
1860,Starbucks,37.5019606942,-122.2463377949
1861,Bookstore,37.3923088333,-122.0796795167
1862,Bookstore,37.3680044,-122.03600565
1863,Indian,37.5649180667,-122.3236775833
1864,Mexican,37.4522669167,-122.1836486833
1865,Starbucks,37.4520958333,-122.1840122
1866,Indian,37.3215487137,-121.992380619
1867,Government,37.3499570333,-121.9937234167
1868,Best Buy,34.1884424086,-118.3277803659
1869,Big Blue Wet Thing,34.0387529833,-118.55287995
1870,Other - Entertainment,34.1343048,-118.3501159167
1871,Other - Entertainment,34.1363168833,-118.3529745167
1872,Mall,34.1836188016,-118.3125722408
1873,Scenic Lookout,34.1016596936,-118.3388364315
1874,Cineplex,34.1021349836,-118.3405101299
1875,Theatre,34.1015783752,-118.3399882743
1876,24 Hour Fitness,34.0881652832,-118.3790283203
1877,Grocery,34.0980413519,-118.348390732
1878,Bakery,34.1434693333,-118.3962893333
1879,American,34.10201042,-118.34049046
1880,Middle Eastern,34.0974372333,-118.3356671833
1881,Other - Food,33.9885367902,-118.4742562997
1882,Mexican,34.0972431833,-118.36652515
1883,Costco,34.1282297208,-118.2636957428
1884,Best Buy,34.1273588484,-118.2653731095
1885,Mall,34.0720620848,-118.3578586578
1886,Apple Store,34.0718114333,-118.35800885
1887,Barnes & Noble,34.072026,-118.35826635
1888,Other - Nightlife,34.0630183333,-118.44708875
1889,Food & Foodies,34.09388135,-118.3444784
1890,Starbucks,34.0980931145,-118.3440193632
1891,Other - Entertainment,34.04432415,-118.26584815
1892,Plaza / Square,34.0442666167,-118.2660855667
1893,American,34.0440845833,-118.2641926833
1894,Accessories,34.1021543667,-118.33947005
1895,24 Hour Fitness,34.0975552095,-118.3280754089
1896,Discount Store,34.0833896711,-118.3861466161
1897,Arts,34.0676797268,-118.166059682
1898,Student Center,34.0682683894,-118.1696326705
1899,AT&T,34.183052997,-118.3114886284
1900,Historic Landmark,34.0672273886,-118.4010529518
1901,Steakhouse,34.0951030851,-118.338675499
1902,McDonald's,34.0834673,-118.2914529
1903,Starbucks,34.0705785867,-118.4025950375
1904,Mall,34.1021696667,-118.3392036333
1905,AMC Theatre,33.8087399561,-117.9250144958
1906,LEGO Store,33.8089695063,-117.9244297743
1907,Toys & Games,33.8093149449,-117.9230296612
1908,Other - Food,33.8086315167,-117.9223786167
1909,American,33.8092729523,-117.9253839942
1910,Seafood,34.04455445,-118.26506315
1911,Cineplex,34.0457612066,-118.2673287392
1912,Italian,34.070193443,-118.4007259729
1913,In-N-Out Burger,34.0982869833,-118.3416652333
1914,Asian,34.1830862797,-118.3119848371
1915,Burgers,34.0983903371,-118.3290946484
1916,Farmers Market,34.0719924833,-118.3603844833
1917,In-N-Out Burger,33.8248639833,-117.95865175
1918,Tram,36.0975987167,-115.1742579667
1919,Casino,36.0955886975,-115.1758038998
1920,Casino,36.0990996765,-115.1751065254
1921,Light Rail,36.09579885,-115.17315089
1922,Mall,36.1094843208,-115.1717376709
1923,Starbucks,36.0944588036,-115.1748576141
1924,Salon & Barbershop,36.0947112661,-115.1761295265
1925,Other - Shopping,36.0943406833,-115.1755462167
1926,Contemporary Church,36.0955763002,-115.1752067864
1927,Casino,36.0972501637,-115.1737006754
1928,Casino,36.0995157822,-115.1713728905
1929,Fountain,36.10119045,-115.1725540333
1930,Sculpture,36.1012798722,-115.1735347509
1931,Tower,36.112439966,-115.1722633839
1932,Other - Food,36.10869479,-115.17048758
1933,University,34.066063,-118.168709
1934,Toys & Games,34.089656627,-118.3442813158
1935,Target,34.090183074,-118.3444932103
1936,Cineplex,34.1820931333,-118.3109736333
1937,Burgers,34.0268294667,-118.3919282333
1938,Mall,34.0400398643,-118.4285525488
1939,Mall,34.0408330583,-118.426041956
1940,Nordstrom,34.0404160785,-118.4278116546
1941,Barnes & Noble,34.0395759667,-118.4297669333
1942,Bakery,34.06222265,-118.4455445667
1943,Beach,33.9862022667,-118.4745727333
1944,Beach,33.98489135,-118.4719212833
1945,Beach,33.9854549667,-118.4725466667
1946,Bakery,34.0980281167,-118.35080495
1947,Middle Eastern,34.1017862336,-118.3221428642
1948,Mexican,34.15075735,-118.3410214
1949,Other - Entertainment,34.15466905,-118.3320126167
1950,Other - Entertainment,34.1555540333,-118.3317492333
1951,Starbucks,34.0973908483,-118.3225017786
1952,Burgers,34.095554138,-118.3720349551
1953,In-N-Out Burger,34.06773905,-117.97358965
1954,Casino,36.08905363,-115.17631685
1955,Tram,36.1003111427,-115.1730847461
1956,Lions,36.1007461548,-115.1710510254
1957,Casino,36.1124833031,-115.1711153984
1958,Sports Bar,36.1096750109,-115.1719629765
1959,Other - Entertainment,34.1013398709,-118.3399146795
1960,American,34.0905772333,-118.3523633167
1961,Burgers,34.09815975,-118.3631170833
1962,Bakery,34.0204520167,-118.49778775
1963,Mall,34.0141431376,-118.4944045544
1964,Sandwich Shop,34.16879886,-118.37603718
1965,Corporate Office,34.097661,-118.329916
1966,Mall,34.0151232,-118.4956101167
1967,Pub,34.0162309,-118.49561255
1968,Breakfast,34.0978131,-118.34165625
1969,Sandwich Shop,34.09084475,-118.3449112833
1970,Music,34.0983749833,-118.3518457833
1971,Mexican,34.0941746353,-118.3263802528
1972,Other - Art & Culture,34.0880341,-118.3388292333
1973,Italian,34.090527373,-118.3445441723
1974,Costco,34.0151189,-117.7425304
1975,Administration,34.0603362587,-117.8193138437
1976,Hall,34.0585447333,-117.8225146333
1977,Campus Commons,34.0571772907,-117.8187354797
1978,Library,34.0575838344,-117.8215134144
1979,Fire Station,33.8103691,-117.91926705
1980,Arcade,33.8114510833,-117.9189599833
1981,Coffee Shop,34.00074915,-117.8125426333
1982,Bus Station,33.81394865,-117.9246920333
1983,Historic Landmark,33.8109246,-117.9189707
1984,Disneyland Resort,33.8114566329,-117.9172763228
1985,Disneyland Resort,33.8081783353,-117.9200255871
1986,Campus Commons,33.9845403667,-117.8676638333
1987,Chipotle,34.0279744667,-117.8337931167
1988,Other - Food,33.8054680667,-117.9208087833
1989,Disneyland Resort,33.8060086,-117.919564
1990,Disneyland Resort,33.8059965833,-117.9195935333
1991,Monument,33.8103071167,-117.9188001167
1992,Sonic,33.85867255,-117.9195498667
1993,Hot Dogs & Sausages,34.08386685,-118.3441572833
1994,Dancefloor,34.1018551403,-118.3393245935
1995,Cineplex,34.1017840688,-118.3409929276
1996,Museum,34.1018462564,-118.3414810896
1997,Starbucks,33.9747125167,-117.8376759667
1998,Gas & Automotive,34.0141493082,-117.7434128523
1999,Target,34.00569825,-117.8215077333
2000,In-N-Out Burger,34.00051745,-117.8433362
2001,In-N-Out Burger,33.12481615,-117.3247621667
2002,Other - Services,33.8144090167,-117.9248914833
2003,Disneyland Resort,33.8117134333,-117.9196440333
2004,Dessert,33.8118269333,-117.9195886167
2005,Luxury Hotel,33.8114815333,-117.9207477167
2006,Asian,33.9880555898,-117.906485796
2007,Disneyland Resort,33.8099345022,-117.9189527035
2008,Disneyland Resort,33.8103089088,-117.9185128212
2009,Disneyland Resort,33.8117745667,-117.9172479667
2010,Disneyland Resort,33.8146657216,-117.9178288579
2011,Plaza / Square,33.8149073492,-117.9185339453
2012,Theatre,33.8077607167,-117.9174758667
2013,Pizza,33.1597418,-117.3475845333
2014,Live Music,33.8097343862,-117.9226773757
2015,Disneyland Resort,33.8101395346,-117.9184189439
2016,Craftsman,33.8122299452,-117.9212594032
2017,Bridge,33.8125820562,-117.9214015603
2018,Historic Landmark,33.8120115464,-117.921192348
2019,Seafood,33.8122859333,-117.9217174833
2020,River & Stream,33.8116075333,-117.92142395
2021,Other - Shopping,33.8119501167,-117.9174358
2022,Disneyland Resort,33.8058441333,-117.9214524
2023,Antique Hotel,32.6806713393,-117.1780836582
2024,Mexican,32.7525025606,-117.1947669983
2025,Disneyland Resort,33.8076095563,-117.9175262469
2026,Other - Architecture,33.8082901,-117.9187971
2027,Disneyland Resort,33.8067971333,-117.9177341167
2028,Other - Entertainment,33.8065276333,-117.9176591167
2029,Toys & Games,33.8046258,-117.9213188833
2030,Asian,33.8581578667,-118.082113
2031,Disneyland Resort,33.805680467,-117.92292375
2032,Disneyland Resort,33.8057180568,-117.9217547425
2033,Toys & Games,33.80885075,-117.9218766667
2034,Disneyland Resort,33.81055951,-117.91930913
2035,Bridge,33.8115391,-117.92072395
2036,Disneyland Resort,33.8128338816,-117.9167452455
2037,City Hall,33.81024245,-117.91931705
2038,Ice Cream,33.8051510667,-117.92047345
2039,Disneyland Resort,33.8074907906,-117.9209429026
2040,Live Music,33.80760195,-117.9180488
2041,Airport,34.0588637794,-117.590918541
2042,Terminal,34.0604636835,-117.5872278214
2043,Garden,36.1157551836,-115.1735669374
2044,Mexican,36.102665,-115.173488
2045,Casino,36.1022117465,-115.174612999
2046,High School,34.1003656167,-118.33965065
2047,Fountain,34.1364897167,-118.3559053833
2048,Theme Park,34.1374148833,-118.3557817167
2049,Other - Entertainment,34.1388801833,-118.3526954
2050,Theme Park,34.1397010925,-118.3536529541
2051,Subway,34.0557616572,-118.2346057892
2052,Contemporary Church,34.0579749308,-118.2453668118
2053,Apple Store,33.0714107667,-117.2655744833
2054,Fountain,33.07120365,-117.2656959
2055,In-N-Out Burger,34.0274373214,-117.8347313404
2056,Mall,34.0729241247,-117.5518655777
2057,Nike,34.0734460167,-117.5517728167
2058,AMC Theatre,34.0747192727,-117.5520694256
2059,Disneyland Resort,33.8086597248,-117.9270100594
2060,Other - Travel & Lodging,33.81336865,-117.924624983
2061,Playground,33.80700385,-117.9216593833
2062,Other - Entertainment,33.8075553167,-117.9210034333
2063,Plaza / Square,33.806930894,-117.916486914
2064,Scenic Lookout,33.811807533,-117.921697617
2065,Plaza / Square,33.8113385183,-117.9214417934
2066,Disneyland Resort,33.8112187333,-117.91874885
2067,Plaza / Square,33.8121786884,-117.9199907184
2068,Disneyland Resort,33.8124973714,-117.9221230745
2069,Monument,33.8119184333,-117.9204948333
2070,Sports Bar,33.8703738372,-117.9254114679
2071,Toys & Games,33.8111595,-117.9216783667
2072,AT&T,33.7763144833,-117.8667491167
2073,City Park,33.8150274667,-117.9184269833
2074,Train Station,33.8126844667,-117.9158945667
2075,Disneyland Resort,33.8124973714,-117.9163509607
2076,Other - Shopping,33.8090957667,-117.92317385
2077,Plaza / Square,33.8120984603,-117.9181855917
2078,Disneyland Resort,33.8124564333,-117.9183766
2079,Disneyland Resort,33.811429233,-117.920913017
2080,Other - Architecture,33.8498352343,-117.8759515285
2081,Plaza / Square,33.8124150038,-117.9228204489
2082,Burgers,34.0118842533,-118.419546783
2083,Burgers,34.0124445334,-118.4164890647
2084,Subway,34.0122591167,-118.4169514
2085,Salon & Barbershop,34.00452215,-118.4311475167
2086,Gas & Automotive,34.0124400867,-118.4172803164
2087,Mexican,34.0085477333,-118.4138702667
2088,Sandwich Shop,34.0081956507,-118.4137880802
2089,Grocery,34.0134316845,-118.4171515703
2090,Mall,33.9776102333,-118.3918325833
2091,Cineplex,33.9783852413,-118.3925771713
2092,Cineplex,33.978119052,-118.393177158
2093,Cineplex,33.978612925,-118.391532405
2094,Burgers,33.9774340286,-118.3931200519
2095,American,33.9806539333,-118.39475735
2096,Warehouse & Industrial,33.9806894996,-118.3960586786
2097,Modern Hotel,33.9823190764,-118.3955916983
2098,Asian,33.985244452,-118.3950018883
2099,Asian,33.9858090833,-118.3931565167
2100,Brewery / Microbrewery,33.9853852,-118.396097
2101,Big Blue Wet Thing,33.9795854319,-118.3853395976
2102,Mall,33.9855842333,-118.3939980167
2103,Mall,33.9860863833,-118.39296345
2104,Target,33.98484766,-118.39423447
2105,Target,33.985558522,-118.3944243861
2106,Craftsman,33.925252135,-118.346137265
2107,Chipotle,33.9012701167,-118.3731565
2108,Costco,33.9008453729,-118.3726625358
2109,Starbucks,33.9015575,-118.37401925
2110,Health & Fitness,33.9013866333,-118.37442135
2111,In-N-Out Burger,33.8924271333,-118.3617959
2112,Post Office,33.8665940333,-118.3260862333
2113,Gas & Automotive,33.8658900886,-118.3261120319
2114,Gas & Automotive,33.8658085193,-118.3260423049
2115,Pan Pacific,33.8618497833,-118.3094943667
2116,City Park,33.8268355833,-118.3271311833
2117,Mall,34.0170244619,-118.407125473
2118,Pizza,34.0183580333,-118.406936
2119,McDonald's,34.0191342391,-118.4068758665
2120,Burgers,34.0188030083,-118.407356143
2121,Grocery,34.0182427702,-118.4069216251
2122,Frozen Yogurt,34.0178811667,-118.40690985
2123,Drugstore & Pharmacy,34.0180277667,-118.4075515333
2124,Trade/Tech School,34.0193272,-118.4052945833
2125,Asian,34.0260012942,-118.3923465014
2126,Sandwich Shop,34.0286629667,-118.3862821167
2127,Tea Room,34.02610665,-118.3894379833
2128,Other - Nightlife,34.0337102333,-118.3769802
2129,Italian,34.1371901,-118.3521693
2130,American,34.1365530667,-118.3520693833
2131,Hot Dogs & Sausages,34.1363463,-118.3523054167
2132,Other - Architecture,34.136223,-118.3532114667
2133,Other - Entertainment,34.1368492667,-118.3541995333
2134,Candy Store,34.1365138942,-118.3534108813
2135,Bar,34.1364653081,-118.3535381342
2136,Performing Arts,34.1378451618,-118.3538112044
2137,Other - Entertainment,34.1384057667,-118.35441805
2138,Theme Park,34.1378334333,-118.3551163167
2139,Saloon,34.136952,-118.355976
2140,Corporate Office,34.13821795,-118.35588255
2141,Apartment,34.0163308187,-118.4190773964
2142,Burgers,34.0136583167,-118.4166451333
2143,Dessert,34.0136451211,-118.4164622426
2144,Indian,34.0010839,-118.4161612667
2145,Coffee Shop,33.9993583667,-118.4187961667
2146,Asian,34.00472865,-118.4335640167
2147,South American / Latin,33.99934495,-118.41831845
2148,Sports Bar,34.00765405,-118.4122769333
2149,Grocery,34.0052687667,-118.4331429167
2150,Gas & Automotive,34.002221064,-118.4152364731
2151,Grocery,33.99907645,-118.4291252
2152,Theme Park,33.8453233,-117.997905
2153,Theme Park,33.84505445,-117.9985109833
2154,Theme Park,33.8446611,-117.9999773
2155,Other - Entertainment,33.8443989333,-118.0003474833
2156,Hot Dogs & Sausages,33.843588,-117.9984315833
2157,Theme Park,33.8429132333,-117.9990880333
2158,Other - Entertainment,33.8452163,-118.0006539167
2159,Other - Entertainment,33.8461021,-118.0006408833
2160,Other - Entertainment,33.8431537333,-118.0009330833
2161,Theme Park,33.84614176,-118.00144103
2162,Resort,33.8405633667,-117.9981582667
2163,McDonald's,33.8481244393,-117.9985821247
2164,Theme Park,33.844212649,-118.0000305176
2165,Theme Park,33.8450955167,-118.0013667167
2166,Corporate Office,34.0647388345,-118.3756899834
2167,Grocery,34.0195835792,-118.4229453029
2168,Asian Food,34.0265403,-118.4309663333
2169,Burgers,34.0355057,-118.43798895
2170,Post Office,34.0343992637,-118.4363722801
2171,Best Buy,34.0354605667,-118.4396761167
2172,South American / Latin,34.0384172333,-118.43163345
2173,Cineplex,34.0399574722,-118.428832289
2174,Target,34.1677964333,-118.5846127833
2175,Other - Art & Culture,34.0652543267,-118.3770740032
2176,Sandwich Shop,34.0645985081,-118.3762479047
2177,Sports Bar,34.0974178,-118.3428365667
2178,Diner,34.1009015667,-118.3384341167
2179,Asian,34.1019928411,-118.3397108316
2180,American,34.1026049484,-118.3390139079
2181,Diner,34.1021543667,-118.33947005
2182,Dive Bar,34.1021660772,-118.3384394646
2183,Starbucks,34.1023486167,-118.3395632667
2184,Sculpture,34.1028323668,-118.3391556144
2185,Pizza,34.10314675,-118.3390669333
2186,Modern Hotel,34.10319485,-118.3387908333
2187,Bowling,34.1023259872,-118.3388203382
2188,Subway,34.1017041134,-118.3390402794
2189,Luxury Hotel,34.1025650833,-118.3398111
2190,Dessert,34.1022242833,-118.3398007833
2191,Dessert,34.1018898167,-118.3396496667
2192,Starbucks,34.10526995,-118.3368282333
2193,Condo,34.1051940689,-118.3354805389
2194,Scenic Lookout,34.1162792667,-118.3425774167
2195,Subway,34.0263165079,-118.4279965047
2196,Burger King,34.0188474715,-118.4214189649
2197,Grocery,34.0114973911,-118.4109663963
2198,Corporate Office,34.0123726356,-118.4100879965
2199,Starbucks,33.9023999,-118.3833594833
2200,24 Hour Fitness,33.9015464167,-118.3876279
2201,Cineplex,33.90286435,-118.3887498667
2202,Grocery,33.9019241467,-118.3821106372
2203,Trader Joe's,33.9008225,-118.3814067833
2204,Fine Dining,33.9019450234,-118.3810743958
2205,Italian,33.9013918333,-118.3809880833
2206,Vegetarian / Vegan,33.9067,-118.390195
2207,Barnes & Noble,33.9006875667,-118.3808426
2208,Burgers,33.9064001333,-118.3902920833
2209,Whole Foods,33.9065354333,-118.3926200833
2210,Cineplex,33.9012460333,-118.3934161833
2211,Starbucks,33.9053206167,-118.3940614333
2212,Best Buy,33.9056233,-118.3943326667
2213,Nike,34.0671385129,-118.4018468857
2214,Antique Hotel,34.0802466674,-118.3900237083
2215,Historic Landmark,34.0811020167,-118.3900576833
2216,American,34.077524,-118.3892316167
2217,Performing Arts,34.08151995,-118.389368
2218,Corporate Office,34.0805152167,-118.3883815833
2219,Burgers,34.08046865,-118.38823753
2220,Indian,34.08221175,-118.38830385
2221,BBQ,34.1388992833,-118.354851
2222,Theme Park,34.1405320833,-118.35600915
2223,Apparel,34.0838610508,-118.3630996943
2224,Modern Hotel,34.0904835728,-118.375006006
2225,Breakfast,34.0903210663,-118.3745662586
2226,American,34.0907371,-118.37448835
2227,American,37.4169735331,-122.1522967275
2228,Corporate Office,37.4159477566,-122.1519720554
2229,Sandwich Shop,37.43956445,-122.1584394833
2230,Historic Landmark,37.4368647002,-122.1596431732
2231,Peet's Coffee,37.4377475,-122.1593621
2232,American,37.4378984,-122.15976575
2233,Tennis Court,37.4343105,-122.1557447
2234,Soccer Field,37.4316983333,-122.1551026333
2235,Technology,37.4287810339,-122.1504083713
2236,Home,37.4255686833,-122.1507218167
2237,Library,37.42871505,-122.16503763
2238,Other - College & Education,37.4254203833,-122.1699848
2239,Hall,37.428893,-122.1707552
2240,Bookstore,37.4247548,-122.1691849167
2241,Golf Course,37.4214081167,-122.1839579667
2242,Golf Course,37.4232074333,-122.1819518
2243,Luxury Hotel,37.4194984,-122.1903337833
2244,Corporate Office,37.4254576379,-122.1930147662
2245,Other - Parks,37.4295830667,-122.1689343333
2246,Starbucks,37.0550137229,-120.8738325111
2247,Target,37.0544429107,-120.8746476138
2248,Library,36.8121159167,-119.7488859833
2249,College,36.7684593333,-119.7967904167
2250,Stadium,36.8102647333,-119.7553349
2251,Technology,36.8081862998,-119.7761175923
2252,Gap,36.8064436715,-119.77602269
2253,Women's Apparel,36.806474567,-119.77519085
2254,Stadium,36.8143697386,-119.7581005096
2255,Stadium,36.81082835,-119.7387287667
2256,Chick-fil-A,36.8528055833,-119.7904471333
2257,Mexican,36.8514116167,-119.7926871667
2258,Discount Store,36.8508063645,-119.7927094213
2259,Corporate Office,36.81537865,-119.7811245833
2260,Women's Apparel,36.806474567,-119.77519085
2261,Victoria's Secret,36.8066042088,-119.775518215
2262,Women's Apparel,36.8059930088,-119.7773755667
2263,Costco,36.7926147333,-119.7149192167
2264,Hospital,36.74281805,-119.77925431
2265,Church,33.8276303167,-118.0112947667
2266,Other - College & Education,33.8269520117,-118.0251604981
2267,Coffee Shop,33.1401514333,-117.16272725
2268,Pizza,33.1404625167,-117.1629058167
2269,Starbucks,33.1314666319,-117.1650964022
2270,University,33.1286013721,-117.1633524394
2271,Best Buy,33.1364641331,-117.1747496724
2272,Brewery / Microbrewery,33.1416009167,-117.1492794167
2273,Women's Apparel,33.130731,-117.11964
2274,City Park,33.0463702333,-117.0741316333
2275,Diner,32.8941507,-117.1185985667
2276,Fire Station,32.8606245167,-117.1068889
2277,Traditional Art Museum,32.7313264585,-117.1523022652
2278,Courthouse,32.7157309,-117.16548782
2279,Breakfast,32.7108907667,-117.1647906167
2280,Wine Bar,32.714837,-117.159859
2281,Special Event,32.7067472859,-117.1622371674
2282,Starbucks,32.707509817,-117.16165425
2283,Bookstore,32.7075778349,-117.1636533737
2284,Convention Center,32.70886965,-117.1627982167
2285,Convention Center,32.7073431154,-117.1631598473
2286,Sushi,32.7074063092,-117.1600484848
2287,Chipotle,33.1132045167,-117.1009134333
2288,Starbucks,33.11289955,-117.1007641667
2289,American,32.7137344897,-117.1609711647
2290,Toys & Games,32.706799,-117.160401
2291,Ice Skating,33.1190457833,-117.0980194667
2292,Bookstore,33.1183425333,-117.0938275167
2293,Target,33.1133452159,-117.0995163918
2294,City Park,33.0796778667,-117.0669614833
2295,Apple Store,33.0708203579,-117.0664179325
2296,Other - Food,32.7483978271,-117.1579971313
2297,Dive Bar,32.7483922,-117.1509646667
2298,Nature Preserve,32.7376626167,-117.1496055667
2299,Bears,32.7374919333,-117.1491107167
2300,Giraffes,32.736751883,-117.15059095
2301,Train Station,32.73474015,-117.1482369333
2302,Primates,32.7348933333,-117.1503462333
2303,Aviary,32.7348640167,-117.1503550667
2304,Primates,32.73504195,-117.1505207
2305,Primates,32.7350518833,-117.1505979
2306,Lake & Pond,32.7348408167,-117.1510090833
2307,Nature Preserve,32.7357749667,-117.1517934833
2308,Other - Parks,32.7351137,-117.1542456167
2309,Bears,32.7345767167,-117.15486235
2310,Other - Shopping,32.7346007833,-117.1520481833
2311,Pavilion,32.734845,-117.1461832833
2312,Aviary,32.73537265,-117.1513650333
2313,Primates,32.7346149333,-117.1512857333
2314,Aviary,32.7342508833,-117.1509712333
2315,Scenic Lookout,32.7345016333,-117.1513326167
2316,Gallery,32.7332938333,-117.14739895
2317,Primates,32.73419405,-117.1516068333
2318,History Museum,32.7323464833,-117.14675165
2319,Tigers,32.7339362333,-117.1514624
2320,Elephants,32.7369739167,-117.1534687333
2321,Traditional Art Museum,32.7321387283,-117.150478363
2322,Traditional Art Museum,32.7318651,-117.14993305
2323,Coffee Shop,32.7375140167,-117.1601823833
2324,Fountain,32.7314437868,-117.1504354477
2325,Italian,32.7313318,-117.1500760833
2326,Modern Art Museum,32.731308408,-117.1511140466
2327,Antique Hotel,32.7440332333,-117.1471465167
2328,Antique Hotel,32.7384205,-117.1593807667
2329,Garden,32.72936155,-117.1497937833
2330,Dog Park,32.7310737333,-117.1571325667
2331,Vineyard,32.7482764167,-117.1524357
2332,In-N-Out Burger,33.1372078833,-117.17722715
2333,Starbucks,33.1420981667,-117.1913958167
2334,Costco,33.1880128333,-117.27746485
2335,Other - College & Education,33.9586325,-118.1296237
2336,Stadium,32.7830893379,-117.1196758747
2337,Sculpture,32.7087922667,-117.1565851333
2338,Historic Landmark,32.7074509167,-117.1601356667
2339,Light Rail,32.70690405,-117.1599133333
2340,Diner,32.707674544,-117.159977266
2341,Toys & Games,32.70733207,-117.16202837
2342,Gallery,32.7075896333,-117.15951645
2343,Arcade,32.708762427,-117.159175305
2344,Modern Hotel,32.707776,-117.165986
2345,Dancefloor,32.7073972815,-117.159383297
2346,Coffee Shop,32.7124797221,-117.1584606171
2347,Coffee Shop,32.7117598,-117.15646505
2348,Sports Bar,32.708001667,-117.157828167
2349,Warehouse & Industrial,33.3691639136,-117.5546979904
2350,Beach,33.3770753426,-117.5702118874
2351,Pan Pacific,33.41674255,-117.6019211667
2352,Best Buy,33.5910491833,-117.6732123667
2353,Toys & Games,33.5915297,-117.6737675
2354,Starbucks,37.7971580667,-121.19209745
2355,In-N-Out Burger,38.7581961,-121.2592233833
2356,Pizza,38.7551531333,-121.2574017
2357,Technology,38.7482653809,-121.2650205797
2358,Cineplex,38.7576142333,-121.2562680667
2359,Other - Entertainment,38.5930173373,-121.4348995686
2360,Breakfast,38.5788897833,-121.4565324833
2361,Law School,38.5488716667,-121.4731911833
2362,Children's Apparel,36.806611,-119.775309
2363,Best Buy,36.8397455167,-119.72596435
2364,University,36.812755,-119.746985
2365,In-N-Out Burger,36.8526601,-119.7901766333
2366,Stadium,36.7323081333,-119.7912539333
2367,Gallery,36.7377088833,-119.79582885
2368,Other - Services,36.8244606256,-119.7710770369
2369,Target,36.8221354667,-119.7876262167
2370,Health & Fitness,36.8536235167,-119.7544438
2371,Luxury Hotel,36.8078845398,-119.7545814514
2372,Burgers,36.8080155,-119.7367951
2373,Shoes,36.8063297284,-119.7735500336
2374,Shoes,36.8062352361,-119.7734642029
2375,Shoes,36.8064671715,-119.7741508484
2376,Shoes,36.8064843519,-119.7741937637
2377,Technology,36.8064585813,-119.7737431526
2378,City Park,36.8615056833,-119.7873052167
2379,Best Buy,36.8462018,-119.786997
2380,Other - College & Education,36.7532747984,-119.7927117348
2381,Coffee Shop,36.7410233948,-119.8012378108
2382,Zoo,36.7522973,-119.8229826
2383,Starbucks,38.4227083833,-121.3736504167
2384,Nordstrom,38.6023273331,-121.4260399395
2385,Pizza,38.3700418035,-121.9596236224
2386,Other - Parks,38.4289619667,-121.4182212667
2387,Grocery,38.4095719167,-121.3522241667
2388,In-N-Out Burger,38.4241094129,-121.3914585114
2389,Costco,38.4683957,-121.41422695
2390,Dessert,38.5753253047,-121.4835274193
2391,Target,38.4254047167,-121.4143062167
2392,Other - Food,33.8078484929,-117.9221391678
2393,Italian,33.8091695167,-117.9223752
2394,Pizza,33.80573335,-117.9231636167
2395,History Museum,38.5844235167,-121.5039984667
2396,Italian,38.4244939167,-121.38766345
2397,City Park,38.5686360667,-121.5039005167
2398,American,38.5614975667,-121.4931390167
2399,Gym,38.4247296833,-121.3866162167
2400,Frozen Yogurt,38.4242427333,-121.4170145833
2401,Brewery / Microbrewery,38.42301305,-121.3993382333
2402,Chipotle,38.42314385,-121.4157546
2403,Gas & Automotive,37.4786970833,-122.2175379667
2404,Target,37.4744849198,-122.2182626415
2405,Grocery,37.4844534491,-122.2303462029
2406,Arena,37.70669375,-122.42066095
2407,Pet Store,37.3927150088,-122.0797871053
2408,Target,37.4011814667,-122.1063014
2409,The Home Depot,37.3754381833,-122.0189374667
2410,Sushi,37.3917161167,-122.0778812333
2411,Pet Store,37.5027728931,-122.2437363826
2412,Burgers,37.5634980151,-122.2705042362
2413,Grocery,37.5566558191,-122.2757667303
2414,Mall,37.6366316382,-122.4172878545
2415,Barnes & Noble,37.6353331457,-122.4193898276
2416,Whole Foods,37.5440456518,-122.291790247
2417,Grocery,38.625445962,-121.2634366751
2418,Costco,37.4785978667,-122.2169224667
2419,Sushi,37.5669269667,-122.3239805167
2420,Target,37.5589979685,-122.2827689959
2421,The Home Depot,37.5629418,-122.2817483888
2422,Library,37.4843753605,-122.2271921086
2423,Library,37.4618295763,-122.4306213856
2424,Convention Center,37.5454118,-122.3046075
2425,Men's Apparel,37.5376588667,-122.29969805
2426,Apparel,37.4924429696,-122.2241127491
2427,Coffee Shop,37.48137115,-122.2254109333
2428,Pizza,37.89629965,-122.0599038333
2429,Other - Architecture,37.7652189736,-121.8970763683
2430,Asian,37.70350285,-121.884396
2431,Apple Store,37.6939370738,-121.9289313451
2432,H&M,37.6958226412,-121.9298149018
2433,American,37.6937866211,-121.9288864136
2434,Asian,37.7049961333,-121.8762720167
2435,Cineplex,37.7032941333,-121.8851665333
2436,Mediterranean,33.8091228667,-117.9229029667
2437,Ultra-lounge,33.8090812,-117.9229035167
2438,Asian,34.1272993274,-118.0544579029
2439,Seafood,32.9619200167,-117.26812125
2440,Burgers,37.8992236333,-122.0631326333
2441,Asian,37.5484294333,-122.3114098167
2442,Asian,37.3216299333,-121.9715732667
2443,Burgers,37.9030211888,-122.0652592346
2444,Luxury Hotel,32.8710721067,-117.2264707088
2445,American,36.2538945574,-120.2372181416
2446,High School,37.6708614833,-121.9196048833
2447,Bakery,37.4424601167,-122.1734347167
2448,Italian,37.7055200833,-121.8816893667
2449,Sushi,37.7628161167,-121.96171965
2450,Asian,37.5615079,-122.318635
2451,Mall,37.4431003116,-122.1713590622
2452,Starbucks,37.4435507833,-122.1718853333
2453,Department Store,37.4439139333,-122.1701871
2454,BBQ,37.8800530811,-122.2970527411
2455,Food & Foodies,37.7751382667,-121.92314
2456,Government,37.6801564733,-121.9057130814
2457,Trader Joe's,37.6997898167,-121.870468
2458,Library,32.8811549374,-117.2376286983
2459,Apartment,32.8690216852,-117.2210190237
2460,Hall,32.8802327334,-117.2335386541
2461,Bus Station,32.8672580829,-117.2194084525
2462,Bus Station,32.87772205,-117.2384767833
2463,Other - College & Education,32.8797745854,-117.2360086441
2464,Hall,32.8778481836,-117.2372102737
2465,Campus Commons,32.8795691526,-117.2364592552
2466,Diner,32.86939555,-117.2119387667
2467,Grocery,32.8665484266,-117.2318458557
2468,H&M,37.4142620747,-121.8955186546
2469,Duplex,32.8611142986,-117.216053009
2470,Asian,32.8794677876,-117.2357055545
2471,Hall,32.8799343,-117.2401499667
2472,Warehouse & Industrial,32.8770326667,-117.2333918833
2473,Mexican,32.8658557167,-117.232627
2474,Dormitory,32.8679091594,-117.2178554535
2475,BBQ,32.754761979,-117.215924263
2476,Brewery / Microbrewery,32.8689364538,-117.2330474854
2477,American,32.8674766108,-117.2315132618
2478,Church,32.9112842167,-117.1493883
2479,Condo,32.8599697549,-117.2200655937
2480,Mall,32.8716361833,-117.2089004667
2481,Apple Store,32.8714325493,-117.2103452682
2482,Condo,32.8619073596,-117.2178983688
2483,Condo,32.8608755333,-117.2193313833
2484,Administration,32.8773796418,-117.2371673584
2485,Dessert,32.8791386333,-117.2363444667
2486,Brewery / Microbrewery,32.8714975667,-117.2343722667
2487,Grocery,32.86217655,-117.2235488333
2488,Other - College & Education,32.8624751148,-117.2205913067
2489,Other - College & Education,32.8795140923,-117.2439720719
2490,Other - Architecture,32.87867565,-117.2396810167
2491,Other - Architecture,32.8787906333,-117.2393152
2492,Pizza,32.7497541358,-117.1632349491
2493,Hospital,32.7511347044,-117.1600055695
2494,Mexican,32.8690265668,-117.2321355343
2495,Bank & Financial,32.8683831,-117.2312193333
2496,Sculpture,32.8819725966,-117.2341096401
2497,Apartment,32.8796409299,-117.2146701188
2498,Trader Joe's,32.8656073667,-117.2324436667
2499,Pub,32.9122431833,-117.14821795
2500,Hospital,32.8844525581,-117.2255802155
2501,Pizza,32.8727765784,-117.2183882463
2502,Mexican,32.8725618,-117.2140334
2503,Pizza,32.8694121667,-117.2149908833
2504,Gas & Automotive,32.8713717247,-117.2333693504
2505,Aquarium,32.8601770356,-117.2209882736
2506,Campus Commons,32.8802133811,-117.2360569239
2507,Apartment,32.8695513877,-117.2246563565
2508,Health & Fitness,32.8309456822,-117.1652841568
2509,Walmart,32.8309546973,-117.1655201912
2510,American,32.7480830167,-117.1312476833
2511,American,32.7475629667,-117.13049645
2512,American,32.7478231084,-117.1300023794
2513,American,32.7472095021,-117.1302947402
2514,Sports Bar,32.7476462167,-117.1299077
2515,Dessert,32.74826155,-117.1298341833
2516,Starbucks,32.7485300333,-117.1310189833
2517,Pub,32.7509789429,-117.1300134484
2518,Pub,32.7516466696,-117.1300771531
2519,Pizza,32.7512032667,-117.1303574833
2520,Asian,34.1269684999,-118.0535405874
2521,Starbucks,33.94549816,-118.4009722403
2522,Terminal,33.9460834666,-118.4040570259
2523,Modern,34.1087400833,-118.0401349
2524,Mall,34.1350212273,-118.0505847931
2525,AMC Theatre,34.1352876403,-118.0488359928
2526,Other - Nightlife,34.0726246333,-117.5478601167
2527,Asian,32.8253938833,-117.1539923
2528,City Park,32.8780761333,-117.2372154
2529,Campus Commons,32.8789924966,-117.2375535965
2530,Burgers,32.7224413333,-117.16819945
2531,Coffee Shop,32.7220562,-117.1682026167
2532,Asian,32.9123954333,-117.14314595
2533,Asian,32.9064972333,-117.1716713833
2534,Discount Store,34.0932905996,-118.0283653736
2536,Bus Station,32.8615198421,-117.2234451771
2537,Bus Station,32.8650795326,-117.225022316
2538,Food & Foodies,32.8334428466,-117.1607673168
2539,Church,32.8809026554,-117.234442234
2540,American,32.8685063833,-117.2329944167
2541,Asian,32.8248106333,-117.1558035667
2542,Asian,32.8238053877,-117.1546089649
2543,Arcade,32.7730224833,-117.1318787333
2544,Costco,32.8217858063,-117.2244858742
2545,In-N-Out Burger,32.8089233167,-117.2188175667
2546,Beach,32.6843195407,-117.1872138977
2547,Dessert,32.7203612333,-117.16589235
2548,Mall,32.8687201823,-117.2320175171
2549,Mexican,32.8323430211,-117.1605312824
2550,In-N-Out Burger,32.9176426707,-117.121912837
2551,Costco,32.7821873317,-117.1286344528
2552,Technology,32.8603872667,-117.22007625
2553,Starbucks,33.12494245,-117.3200649667
2554,Seafood,32.9622717167,-117.2681064
2555,Hospital,32.8850327419,-117.2225343946
2556,Starbucks,32.8697005167,-117.2152143
2557,American,32.8701619824,-117.2148299217
2558,Vegetarian / Vegan,32.8680533418,-117.232414484
2559,In-N-Out Burger,32.8194103167,-117.14872015
2560,Grocery,32.8189366759,-117.1502530575
2561,Asian,32.8194378181,-117.1492838968
2562,Asian,32.8202617333,-117.15149275
2563,Asian,32.8145399667,-117.1538375667
2564,Coffee Bean and Tea Leaf,34.061319,-118.308448
2565,Subway,34.0619257917,-118.308827877
2566,Live Music,34.0614769405,-118.308827877
2567,Modern Hotel,32.7270104091,-117.1975886727
2568,Ultra-lounge,32.73651015,-117.1748601667
2569,Rental Car,32.7344884833,-117.1766387667
2570,Asian,37.7832822211,-122.4069750309
2571,Other - Entertainment,37.7828594,-122.40990285
2572,Modern Art Museum,37.7815926889,-122.4109098315
2573,Bank & Financial,37.78113915,-122.4119668667
2574,Asian,37.7809937785,-122.4135181113
2575,Sculpture,37.7795254333,-122.4164630833
2576,Asian Art Museum,37.780102392,-122.4165666103
2577,Sculpture,37.7789156833,-122.41861025
2578,Courthouse,37.7798479997,-122.4188411236
2579,Other - College & Education,37.77946805,-122.43697494
2580,Coffee Shop,37.7799398167,-122.4387800667
2581,Breakfast,37.7781753167,-122.4385768667
2582,High School,37.7816286833,-122.4362825333
2583,History Museum,37.6152018243,-122.3880391862
2584,Other - Airport,37.6144195596,-122.3901003005
2585,Coffee Shop,37.6145413182,-122.3897066913
2586,Mediterranean,37.6142490606,-122.3896858389
2587,Burgers,37.6145984863,-122.390424224
2588,Modern Art Museum,37.6147109736,-122.3905371922
2589,Pizza,37.6122200489,-122.3906564713
2590,Italian,37.6116732569,-122.3899483681
2591,Other - Food,37.6140213774,-122.3873828708
2592,Asian,37.6200103201,-122.3881673813
2593,Technology,37.6156992413,-122.3907426935
2594,Music,37.6156992413,-122.3907426935
2595,Bookstore,37.6159824713,-122.390505672
2596,Other - Shopping,37.6159824713,-122.390505672
2597,Asian,37.6160161653,-122.3904706006
2598,Asian,37.6160716137,-122.3904141162
2599,American,37.6160716137,-122.3904141162
2600,Bakery,37.61635029,-122.38852679
2601,Asian,37.61624491,-122.38797897
2602,Burger King,37.61678987,-122.3888626
2603,Whole Foods,32.8686390803,-117.2308051586
2604,American,32.8972925333,-117.1928968667
2605,Other - Medical,32.9022896833,-117.1824071333
2606,Corporate Office,32.8938759435,-117.1951396861
2607,Brewery / Microbrewery,32.8966478333,-117.2017909333
2608,Health & Fitness,32.8760830333,-117.21546485
2609,Grocery,33.6642733098,-117.8253114223
2610,Asian,33.6594613438,-117.8607563971
2611,Corporate Office,33.6589600281,-117.8605020046
2612,Sports Bar,33.6650034667,-117.8643662667
2613,Other - Food,33.6671662485,-117.863716133
2614,Luxury Hotel,33.6684109933,-117.8641709506
2615,McDonald's,33.677899856,-117.861452561
2616,Asian,33.6676033,-117.8656686
2617,Ultra-lounge,33.8281213833,-116.5469919667
2618,Resort,33.8452929667,-116.5445145
2619,American,33.8213578333,-116.5447385333
2620,Asian Food,33.8176455333,-116.5450525667
2621,Bar,33.8213473833,-116.5444953833
2622,Terminal,33.9415442181,-118.404378891
2623,Bar,33.7676757667,-118.1709368667
2624,Grocery,33.7716780611,-118.1572447262
2625,Toys & Games,33.7277572443,-117.7855932713
2626,Burgers,33.7688703667,-118.18241305
2627,Bar,33.7675707333,-118.1704418833
2628,Chick-fil-A,33.7255264617,-117.7886939049
2629,Peet's Coffee,33.6853058346,-117.8113845784
2630,Other - Entertainment,34.138602417,-118.352577333
2631,Canal / Waterway,34.1404048167,-118.3576478833
2632,Best Buy,33.7214216702,-117.7951097488
2633,Dive Bar,34.0527660904,-118.2473623753
2634,Lake & Pond,34.07020205,-118.2601593833
2635,Dancefloor,34.0839152333,-118.3851489333
2636,Dancefloor,34.0847522798,-118.3843591747
2637,Lowe's,33.7263027806,-117.7877497673
2638,Mexican,37.7608441833,-122.4359442167
2639,Pub,37.7708446087,-122.4253514708
2640,Diner,34.0563732,-118.2767440167
2641,American,37.7674440833,-122.4294269833
2642,Diner,37.7668654833,-122.4290227833
2643,Starbucks,37.7692882333,-122.4273210167
2644,Starbucks,37.7764575167,-122.4180327167
2645,Coffee Shop,37.7565550667,-122.4211692667
2646,Coffee Shop,37.7610120833,-122.4334310667
2647,American,37.7756685841,-122.4092436156
2648,Coffee Shop,37.7554646816,-122.4196887016
2649,Pizza,37.869831197,-122.2674129903
2650,Pub,38.5717090667,-121.4972159333
2651,Saloon,37.7489722,-122.4203533833
2652,Pub,37.7720024,-122.4312092833
2653,American,37.8504905582,-122.2525033523
2654,French,37.75671195,-122.41872295
2655,Pub,37.7824215609,-122.3925822973
2656,Home,37.7714016804,-122.4373805523
2657,Dive Bar,37.7595107484,-122.421233654
2658,Asian,37.8272301833,-122.2570721833
2659,Hot Dogs & Sausages,37.7520167667,-122.4185514333
2660,Live Music,33.681034,-116.2366105833
2661,Conference,37.7719274835,-122.4039709568
2662,Coffee Shop,37.763099645,-122.4109768867
2663,Pavilion,37.7665671,-122.46714155
2664,Other - Food,37.7630942667,-122.4084580667
2665,Lake & Pond,37.8846765993,-122.1395373344
2666,American,37.8710049391,-122.2685730457
2667,Traditional Art Museum,37.43297865,-122.1705028333
2668,Fine Dining,37.6820634271,-121.7680829975
2669,Modern Hotel,37.4033264008,-121.9774674343
2670,Convention Center,37.4044981833,-121.9768404833
2671,Corporate Office,37.4178905947,-122.0255327225
2672,Best Buy,37.5029361167,-122.2438645333
2673,Corporate Office,37.5519046823,-122.2898331915
2674,Other - Parks,37.588413017,-122.321581717
2675,Breakfast,37.5850903,-122.33148095
2676,Breakfast,37.5802930333,-122.3466302167
2677,Asian,37.5791834577,-122.3462033561
2678,Bakery,37.5790625833,-122.3466172167
2679,Brewery / Microbrewery,37.5798762167,-122.3466724333
2680,Breakfast,37.5793390833,-122.3448227667
2681,Apple Store,37.5783752167,-122.3472459667
2682,Science Museum,37.3313343479,-121.8902635574
2683,Toys & Games,37.3270445167,-121.89203115
2684,Science Museum,37.3267360264,-121.8920016289
2685,Modern Art Museum,37.3334329317,-121.890027523
2686,Modern,37.327237816,-121.898301642
2687,Steakhouse,37.3319498499,-121.8894216626
2688,College,37.319663105,-122.0447158813
2689,Monument,37.3243687,-122.0454268333
2690,Scenic Lookout,37.331689,-122.030731
2691,Brewery / Microbrewery,37.3773555,-122.0300114667
2692,Lab,37.40255455,-122.056477433
2693,Other - Shopping,37.4089916833,-122.0639932167
2694,Corporate Office,37.4092659237,-122.0648362579
2695,Starbucks,37.71207845,-122.21158182
2696,Terminal,34.1963983168,-118.3516359329
2697,Modern Hotel,34.1938780657,-118.348031044
2698,Other - Nightlife,34.1846542358,-118.3493423462
2699,Bridge,37.74904545,-122.2359519
2700,Corporate Office,37.7805748705,-122.3968270739
2701,Corporate Office,37.7718008667,-122.4137041667
2702,Seafood,37.76204145,-122.4193895167
2703,Italian,37.7651452333,-122.4183573833
2704,American,37.760537074,-122.4104833603
2705,French,37.7639211667,-122.4217424833
2706,Asian,37.7616577299,-122.4194029051
2707,Bike Shop,37.7606209,-122.4216849833
2708,Antiques,37.7596465333,-122.4215313
2709,Bookstore,37.75908325,-122.4214511667
2710,Asian,37.7572544785,-122.4189054966
2711,American,37.7594428916,-122.4215018749
2712,Coffee Shop,37.7590554833,-122.41157525
2713,Movie Rental,37.7562777167,-122.421134
2714,Breakfast,37.7553443517,-122.421183878
2715,Other - Shopping,37.7595786,-122.4215290167
2716,Dive Bar,37.7554648333,-122.42070195
2717,Other - Shopping,37.7594765667,-122.42114205
2718,Bike Shop,37.75593445,-122.4210179
2719,Bookstore,37.75836745,-122.4213599333
2720,Coffee Shop,37.7525140167,-122.41354955
2721,Coffee Shop,37.7614565667,-122.42415555
2722,Bakery,37.76676215,-122.4288889
2723,Ice Cream,37.7526823521,-122.4120497704
2724,Coffee Shop,37.7574158333,-122.41049625
2725,Mexican,37.753574021,-122.4185818191
2726,High School,37.76144325,-122.4269923667
2727,Frat House,37.7637590667,-122.4209415333
2728,Vegetarian / Vegan,37.7570875119,-122.4211875381
2729,Sushi,37.7558972905,-122.4209654331
2730,Grocery,37.7555135333,-122.4211461
2731,Stadium,37.7668728347,-122.4559950829
2732,Corporate Office,37.7625430328,-122.4664878845
2733,Science Museum,37.769873014,-122.4668392539
2734,Diner,37.7637434833,-122.4663549167
2735,City Park,37.77002445,-122.4672852667
2736,Other - Zoo,37.770213593,-122.465848226
2737,Garden,37.77016455,-122.4695010333
2738,Monument,37.7693079333,-122.46827985
2739,Performing Arts,37.7699397667,-122.4683839
2740,Department Store,33.85804587,-118.09259176
2741,BBQ,33.8582695167,-118.0921943667
2742,Nordstrom,33.6487388518,-117.7427047491
2743,Coffee Shop,33.6491295919,-117.742549181
2744,Apparel,33.649332776,-117.7415621281
2745,Target,33.6478323281,-117.7407467365
2746,Cineplex,33.6762113693,-117.6681017876
2747,Costco,33.7284710825,-117.7962899208
2748,Target,33.6819533667,-117.91812915
2749,Wine Bar,34.0443964833,-118.2658526667
2750,Ultra-lounge,34.0445989333,-118.2652803333
2751,Live Music,34.0442160333,-118.2651527
2752,Bowling,34.0440088833,-118.2653002333
2753,Starbucks,34.0455533772,-118.2659662379
2754,Asian,33.6798079819,-117.889761477
2755,Mexican,33.6313313167,-117.7177017
2756,Mall,33.5580615902,-117.6684236526
2757,Bowling,33.7844628667,-117.89263645
2758,Skatepark,33.7842676,-117.8923428333
2759,American,33.7835581667,-117.8932381833
2760,Apple Store,33.8623079833,-118.0942689
2761,Starbucks,33.8463824333,-118.0814022333
2762,H&M,33.6924594675,-117.8930747509
2763,Bridge,33.6921559597,-117.891626358
2764,American,33.6931622277,-117.8921884291
2765,Starbucks,33.5504874333,-117.6712965333
2766,Asian,33.86520945,-118.0904474333
2767,Other - Shopping,33.6889021108,-117.8929942846
2768,College,33.6705684542,-117.9120540619
2769,Mall,33.8377285667,-117.9381138833
2770,Asian,33.6527468,-117.7455131
2771,American,33.69041835,-117.8815467
2772,Asian Food,33.7732024628,-117.8674326286
2773,Ultra-lounge,33.6798394833,-117.88675255
2774,American,33.6525568644,-117.6453137398
2775,Lake & Pond,33.6376174333,-117.6405504833
2776,Starbucks,33.7007327667,-117.8847023667
2777,Lab,37.7673923411,-122.3908771622
2778,Hall,37.7680941238,-122.3931884766
2779,In-N-Out Burger,37.0237772797,-121.5642142296
2780,Other - Shopping,37.0226794,-121.5637322833
2781,Apartment,37.7728377474,-122.3907369982
2782,Starbucks,37.76751245,-122.3935669333
2783,Gym,37.7677503825,-122.3939002925
2784,Seattle's Best,37.7833920461,-122.4066318944
2785,Arcade,37.7822739333,-122.3927251
2786,Warehouse & Industrial,37.7822998006,-122.3924743943
2787,Pub,37.7824478,-122.39273595
2788,Technology,37.7821957771,-122.3923605847
2789,Technology,37.7821927337,-122.3923494528
2790,Modern,37.7823597833,-122.3929612333
2791,Salon & Barbershop,37.7824684833,-122.39293235
2792,Tobacco & Cigars,37.7824125833,-122.3930002167
2793,Department Store,37.78248935,-122.3929546667
2794,Corporate Office,37.781980757,-122.3922771035
2795,Gallery,37.78187221,-122.39254683
2796,Corporate Office,37.7822986086,-122.3930811882
2797,Corporate Office,37.7818576746,-122.3923516273
2798,Warehouse & Industrial,37.782564357,-122.3929839374
2799,Other - Entertainment,37.7827387167,-122.3926699833
2800,Corporate Office,37.78169268,-122.39272665
2801,Thai,37.7818995082,-122.3920643317
2802,Science Museum,37.7831515,-122.40165145
2803,Playground,37.7830587667,-122.4009644167
2804,Bike Shop,37.781579898,-122.400544147
2805,Peet's Coffee,37.7810798756,-122.400352597
2806,Plaza / Square,37.7819772667,-122.4004520167
2807,African,37.7820917167,-122.4008966667
2808,Asian,37.7831526167,-122.40278515
2809,Ice Skating,37.7827612667,-122.4007778167
2810,Bowling,37.7825105951,-122.4011278152
2811,Apartment,37.7832308206,-122.4029166674
2812,Corporate Office,37.7650724333,-122.41906535
2813,Mexican,37.7639801167,-122.4218766333
2814,South American / Latin,37.79404145,-122.2754345833
2815,Mexican,37.7631133655,-122.4218226578
2816,Dive Bar,37.7648612333,-122.4231970167
2817,Corporate Office,34.0983778833,-117.8136733833
2818,Vegetarian / Vegan,38.6432596833,-121.26838285
2819,Live Music,37.7757073667,-122.4376495
2820,Italian,37.8396316894,-122.2887171772
2821,Mexican,37.8680540333,-122.2581402667
2822,BBQ,37.7719417976,-122.4316174612
2823,City Park,37.7708159333,-122.4411726167
2824,Mexican,37.7618010638,-122.4216667825
2825,Diner,37.8308987667,-122.2858713833
2826,Grocery,37.77420915,-122.4445401
2827,Mexican,37.7756400833,-122.4459736833
2828,Bowling,37.6845008667,-122.46907075
2829,Diner,37.7703331833,-122.4458891333
2830,Other - Parks,37.8695286833,-122.3195763333
2831,Diner,37.6501497667,-122.4077913167
2832,Costco,37.6424923922,-122.4030546806
2833,American,37.7700370333,-122.4490116333
2834,Music,37.7693329333,-122.4527760667
2835,Ultra-lounge,37.7695511333,-122.4470652333
2836,Pub,37.7703246205,-122.4452126026
2837,Sushi,37.7769396057,-122.4382022383
2838,Coffee Shop,37.7816647651,-122.394207716
2839,City Park,37.7724023991,-122.4463927746
2840,In-N-Out Burger,37.7404618167,-122.1985244667
2841,Mexican,37.7820866214,-122.3937785625
2842,Grocery,37.7759149229,-122.4459343517
2843,Corporate Office,37.781998,-122.392427
2844,Beach,37.7571442079,-122.5099182129
2845,Asian,37.7794492667,-122.3948575833
2846,Fine Dining,37.8976030357,-122.060356529
2847,Coffee Shop,37.7645525167,-122.4216640167
2848,Coffee Shop,37.7830436375,-122.4626483924
2849,Vegetarian / Vegan,37.774475085,-122.4376703663
2850,French,37.7751487966,-122.4439992631
2851,Other - Art & Culture,37.7607572,-122.4195954833
2852,Sports Bar,37.779384842,-122.3902984319
2853,Train Station,37.8403262167,-122.2920822333
2854,Historic Landmark,36.0161119694,-114.7371339798
2855,Other - Food,36.1078200962,-115.1765012741
2856,American,36.1018036,-115.16500335
2857,Dancefloor,36.10046654,-115.16986352
2858,Ultra-lounge,36.101134984,-115.1694376416
2859,Asian,36.1010559124,-115.169580756
2860,Sushi,36.1019130701,-115.1682158112
2861,Luxury Hotel,36.1058957926,-115.1739907265
2862,Theatre,36.1010321139,-115.1695221883
2863,Bar,36.1011602877,-115.169454468
2864,Terminal,36.1004145667,-115.1612838833
2865,Other - Food,36.1011879346,-115.1695354247
2866,Starbucks,36.1018736725,-115.170686245
2867,Light Rail,36.1022950667,-115.16791575
2868,Theatre,36.10082155,-115.17033523
2869,Tram,36.10045826,-115.17068421
2870,Fine Dining,36.1018426879,-115.1695976498
2871,American,36.1018426879,-115.1695976498
2872,Dancefloor,36.1017003006,-115.1722741127
2873,Seafood,36.1015269283,-115.1706004143
2874,McDonald's,36.103531,-115.167118
2875,Italian,36.1028955917,-115.1691690095
2876,Gallery,36.1033399113,-115.1681821064
2877,Hot Dogs & Sausages,36.1032306716,-115.1686043103
2878,Wings,36.0999492232,-115.1685619354
2879,Casino,36.1243047653,-115.1680898666
2880,Pub,36.1691737101,-115.1409888268
2881,Dive Bar,36.1690731554,-115.1399891939
2882,Mediterranean,36.1717984486,-115.1462374863
2883,Dessert,36.1157595171,-115.1732826233
2884,Garden,36.1119805915,-115.1766085625
2885,Ultra-lounge,36.1059998102,-115.1743984222
2886,Arena,36.1041827,-115.1691415667
2887,Mexican,36.1037054604,-115.1689926814
2888,Steakhouse,36.10473984,-115.167966
2889,Pool / Waterpark,36.1049000167,-115.16611555
2890,Walmart,36.0984864333,-115.1081248167
2891,Dive Bar,36.0992060167,-115.1095622833
2892,Other - Travel & Lodging,35.50431621,-115.43537408
2893,Historic Landmark,35.2664176199,-116.0728740692
2894,Cemetery,34.9021438,-116.8897861
2895,Historic Landmark,34.8913696441,-116.9990193844
2896,Corporate Office,34.0550181667,-118.2370515833
2897,Hotels & Motels,32.7603856,-117.1655597167
2898,Hotel,32.7596908808,-117.1668183804
2899,Motel,32.7624726333,-117.1681238833
2900,Resort,32.7632281,-117.1658785
2901,Light Rail,32.7655887855,-117.169328928
2902,AMC Theatre,32.7675172667,-117.1660713
2903,H&M,32.7673520167,-117.1684343167
2904,Furniture,32.7672817536,-117.1690214592
2905,American,32.7676296333,-117.1654567667
2906,Sandwich Shop,32.76779544,-117.16576373
2907,Starbucks,32.7679014667,-117.1662136667
2908,Other - Nightlife,36.8515523867,-119.8071634769
2909,Chipotle,36.8109505833,-119.8079589167
2910,Mexican,36.84880255,-119.7892800833
2911,American,36.7330244268,-119.7874344022
2912,Burgers,36.8087737333,-119.8063505667
2913,Mexican,37.414697241,-122.0921641588
2914,In-N-Out Burger,36.79618295,-119.7898522167
2915,Train Station,37.4061544039,-122.1058058739
2916,Casino,35.6105923423,-115.3864860535
2917,Asian Food,37.4007027,-122.1135477167
2918,Other - Parks,37.5091964006,-122.2116136551
2919,Pub,37.4440511333,-122.1635202833
2920,Sports Bar,37.4448959833,-122.1611940167
2921,Nature Preserve,37.4101569833,-122.1616283667
2922,Starbucks,37.4159266667,-122.0774966
2923,Technology,37.5151499,-121.9418379833
2924,Grocery,37.8981177833,-122.0568079167
2925,Brewery / Microbrewery,37.9779665772,-122.0334586501
2926,Sports Bar,37.9010997145,-122.0607416396
2927,Ultra-lounge,37.8977093167,-122.06169315
2928,Steakhouse,37.8969667,-122.063285
2929,Diner,37.9276377179,-122.0403170586
2930,Gate,37.6184466608,-122.3862147331
2931,Brewery / Microbrewery,37.8991433293,-122.0619960129
2932,Asian,37.8972754828,-122.0589852333
2933,Grocery,37.9283179167,-122.0394050833
2934,Seafood,37.3198422826,-121.947619915
2935,Vineyard,38.4544428167,-122.4308386833
2936,Vineyard,38.5582029667,-122.5421261667
2937,Playground,37.7700047833,-122.2734429833
2938,Health & Fitness,36.8116623,-119.7904015
2939,Grocery,36.80753245,-119.82757015
2940,Pub,36.7589840667,-119.8004201667
2941,Target,36.7801962,-119.77023045
2942,Gas & Automotive,38.5659133667,-121.4797703667
2943,Grocery,38.5720591,-121.46528495
2944,Grocery,38.5508671667,-121.53603645
2945,Brewery / Microbrewery,38.5731259167,-121.4808797
2946,Pub,38.57074,-121.4575275333
2947,Walmart,38.587918366,-121.5515232659
2948,Gas & Automotive,38.5758215833,-121.4835009667
2949,REI,38.5976242167,-121.44953585
2950,Costco,38.5971513293,-121.4530420303
2951,Dog Park,38.5847214333,-121.4651296667
2952,Grocery,38.5679648333,-121.4857265
2953,Department Store,38.5801055053,-121.5016727722
2954,Brewery / Microbrewery,38.5809138305,-121.5020323478
2955,The Home Depot,38.5493809667,-121.4118028167
2956,Sandwich Shop,38.5750954167,-121.47411665
2957,IKEA,38.5873949,-121.5533912667
2958,Gas & Automotive,38.5981222667,-121.45176285
2959,Pub,38.6740928333,-121.62583705
2960,Bakery,38.6104965073,-121.3859635192
2961,City Park,38.5749377167,-121.4606669833
2962,American,38.56996595,-121.4914135167
2963,Coffee Shop,38.5779541,-121.4780342667
2964,Other - Food,38.5748411813,-121.4974738444
2965,Dive Bar,38.5706376667,-121.48285055
2966,Dive Bar,38.5707396222,-121.4978971107
2967,Cineplex,38.5783158393,-121.4904534817
2968,Dive Bar,38.5741270452,-121.4751955735
2969,City Park,38.580957802,-121.4939188957
2970,Target,38.5498950333,-121.5362231
2971,Asian,38.5712483833,-121.4808242167
2972,Sushi,38.5696854833,-121.4657096
2973,Antique Hotel,33.9828465333,-117.3727024167
2974,Tigers,38.5813352173,-121.4685881138
2975,Mexican,38.5767590342,-121.4996835538
2976,Chick-fil-A,38.5986744667,-121.4175017833
2977,City Park,38.5730198,-121.4981234
2978,Other - Nightlife,38.5730812,-121.4872365667
2979,Farmers Market,38.5732144833,-121.4979518167
2980,Hotel,37.7720122901,-122.4223065376
2981,Coffee Shop,38.576355333,-121.500409967
2982,Bridge,38.5805552235,-121.508295536
2983,Stadium,38.5801274813,-121.5140891075
2984,Library,38.5820403144,-121.4954225688
2985,Burgers,38.59495895,-121.4841094333
2986,Pub,38.5770023667,-121.4822838167
2987,Dive Bar,38.5678926,-121.467771
2988,Burgers,38.5666481051,-121.4710879326
2989,American,38.5981182667,-121.42544095
2990,Burgers,38.5621356833,-121.4918215833
2991,Dessert,38.5534682492,-121.4756691456
2992,Dive Bar,38.5703893679,-121.4709377289
2993,Pub,38.57606425,-121.4865409167
2994,Theatre,38.5808923167,-121.485747
2995,Trader Joe's,38.5602330833,-121.4447756667
2996,McDonald's,34.05655625,-118.4261502667
2997,Sandwich Shop,34.1509906622,-118.4487038201
2998,Diner,34.1521017167,-118.4567382333
2999,University,33.9697726341,-118.4166526794
3000,American,34.1538744424,-118.4668843653
3001,Diner,34.0596992887,-118.2370090485
3002,Fountain,34.15433125,-118.46657705
3003,Beach,34.0390185833,-118.8746983667
3004,Seafood,34.0337149,-118.7353632833
3005,Sandwich Shop,34.0759462,-118.34859125
3006,Dessert,34.0406410333,-118.4636881
3007,American,34.1600969333,-118.5065601167
3008,Modern Art Museum,34.0633700986,-118.357976675
3009,Starbucks,34.1606987833,-118.51038215
3010,Dessert,34.06306855,-118.4470092833
3011,Luxury Hotel,34.1010466989,-118.3258974552
3012,Breakfast,34.0982715096,-118.3256627619
3013,Burgers,34.1503579333,-118.4459384
3014,Diner,34.0625258784,-118.446555164
3015,Performing Arts,34.0555483265,-118.2498192787
3016,Mall,34.1547157596,-118.4671425819
3017,Corporate Office,37.578597,-122.3235819667
3018,Seafood,37.5870263089,-122.3447236691
3019,Asian,37.5985413763,-122.3875517657
3020,Motel,37.7808227833,-122.4706221
3021,Library,37.7815128167,-122.4676265667
3022,Mexican,37.7808385833,-122.4203055
3023,Sandwich Shop,37.7809756,-122.4208258667
3024,Sculpture,37.7797762,-122.4150769333
3025,Other - Architecture,37.7820008,-122.4180991833
3026,History Museum,37.5791319239,-122.3440504074
3027,Train Station,37.5797101072,-122.3452627659
3028,In-N-Out Burger,37.3880894333,-121.9818632833
3029,Theme Park,37.0051304667,-121.6294612167
3030,Coffee Shop,37.7606148667,-122.5052427167
3031,Asian,37.7600447667,-122.50599385
3032,American,37.7603501667,-122.5049837667
3033,Asian,37.7638605667,-122.47735875
3034,Pizza,37.7635628858,-122.477322519
3035,Asian,37.7635450162,-122.476135234
3036,City Park,37.7662244,-122.476473
3037,Bridge,37.7681311167,-122.47642785
3038,Burgers,37.7440138269,-122.4534691664
3039,Starbucks,37.7448928114,-122.4528677977
3040,Sushi,37.7022554,-122.4709829
3041,Burgers,37.7017847035,-122.4823803226
3042,Furniture,37.7000359053,-122.4824094772
3043,Other - Entertainment,37.7744553167,-122.3892789
3044,Diner,37.76472395,-122.43245375
3045,Coffee Shop,38.5750148667,-121.4843868167
3046,Asian,37.7639257833,-122.4689984167
3047,Other - Food,37.7640384167,-122.4679288333
3048,Hot Dogs & Sausages,37.76364695,-122.4756973833
3049,Corporate Office,37.77838825,-122.39355325
3050,Pool / Waterpark,37.7779718299,-122.3930999637
3051,McDonald's,37.778830422,-122.3926842213
3052,Grocery,37.7771513882,-122.3940896988
3053,Historic Landmark,37.7791371,-122.5095810333
3054,Other - Architecture,37.770406,-122.50933885
3055,Beach,37.7696108,-122.5107486
3056,Library,37.76625725,-122.4175104333
3057,Mexican,37.7619424322,-122.4161067153
3058,Coffee Shop,37.7613111167,-122.4259584667
3059,Bakery,37.7639971333,-122.4691958
3060,Grocery,37.7615074333,-122.4247361167
3061,Light Rail,37.7670728687,-122.4294543467
3062,Golf Course,37.5576254164,-122.3823094368
3063,Sports & Outdoors,37.3322209833,-121.9005808667
3064,Pizza,37.7353901235,-122.4249681936
3065,Pizza,37.7339904736,-122.4341255581
3066,Food & Foodies,37.74505165,-122.45222755
3067,Light Rail,37.7480208675,-122.459127903
3068,Sushi,37.7645327635,-122.4664583431
3069,Asian,37.764415248,-122.4664308326
3070,Sushi,37.7643962699,-122.4662572145
3071,Starbucks,37.7643547167,-122.4659606333
3072,Dive Bar,37.7639760954,-122.4665167543
3073,Sandwich Shop,37.7643043,-122.4659517333
3074,Bar,37.7643101167,-122.4670732167
3075,Pub,37.7659013018,-122.4666231806
3076,Mexican,37.7651470833,-122.4662586833
3077,City Park,37.7678089333,-122.46431665
3078,Pet Store,37.7809247167,-122.4712359833
3079,Dive Bar,37.7807985636,-122.4698211471
3080,National Park,37.78093625,-122.5116961667
3081,Asian,37.7797607333,-122.4866854
3082,Dive Bar,37.7802820667,-122.48570715
3083,Mexican,37.7804180314,-122.4779685103
3084,Starbucks,37.78020995,-122.4780324667
3085,Bakery,37.7807547333,-122.4734981833
3086,Grocery,37.7807081,-122.47406505
3087,Tacos,37.7639107167,-122.4775910333
3088,Asian,37.7411279,-122.4746958
3089,Asian,37.78092555,-122.4712359333
3090,Asian,37.7807854396,-122.4690945398
3091,Dessert,37.7814341167,-122.4650337
3092,Coffee Shop,37.7815232167,-122.4567551667
3093,Other - Architecture,37.78087735,-122.45706795
3094,Pan Pacific,37.7821035804,-122.4478653073
3095,French,37.7829702333,-122.4192669833
3096,Asian,37.7733392218,-122.418427726
3097,Health & Fitness,37.7730474167,-122.4195855833
3098,Gas & Automotive,37.77217395,-122.4187013167
3099,Hardware Store,37.7707454667,-122.4190791667
3100,Corporate Office,37.7678311333,-122.4199089167
3101,Other - Entertainment,37.7652375333,-122.4196905833
3102,Dancefloor,37.76382929,-122.41953259
3103,Grocery,37.7568720667,-122.4208996333
3104,Coffee Shop,37.7573690689,-122.4189922737
3105,Ultra-lounge,37.7563887667,-122.41935355
3106,Mediterranean,37.7553544083,-122.419667244
3107,Dive Bar,37.7522954333,-122.4190285667
3108,Library,37.7518793667,-122.4194999833
3109,Theatre,37.7524475333,-122.41888635
3110,Coffee Shop,37.7517322644,-122.4206864834
3111,Health & Fitness,37.7539945139,-122.4210108971
3112,Other - Shopping,37.7588977039,-122.4211896662
3113,Arts,37.7744573333,-122.4207142667
3114,Cineplex,37.73991735,-122.4665997833
3115,Pavilion,37.7685348833,-122.4736954833
3116,Asian,37.7817054667,-122.4543972
3117,Wine Bar,37.7817180333,-122.4539367333
3118,Apartment,37.691218973,-122.4680779426
3119,BBQ,37.7760583167,-122.4381185167
3120,Breakfast,37.7768733789,-122.4383596104
3121,Seafood,37.7756994481,-122.4379300824
3122,Coffee Shop,37.77510235,-122.43783785
3123,Sandwich Shop,37.7743985826,-122.4376802582
3124,Apartment,37.7774577464,-122.4183579302
3125,Mexican,37.78150575,-122.4562487333
3126,African,37.7822070836,-122.4500094612
3127,Steakhouse,37.6998498167,-121.9320393833
3128,Mexican,37.6999237,-121.9048960833
3129,Wings,37.7050357008,-121.8669337034
3130,Casino,33.9981333167,-118.1450862167
3131,American,33.8582819,-117.9976818167
3132,Other - Entertainment,33.8520248333,-117.9967918333
3133,Other - Street Fare,33.8116579638,-117.921249126
3134,American,33.80914215,-117.9249871333
3135,Other - Street Fare,33.8114898667,-117.9187228333
3136,Candy Store,33.81132268,-117.91881871
3137,Other - Shopping,33.81171637,-117.91961401
3138,Dessert,33.81171637,-117.91961401
3139,American,33.8109908593,-117.9191350937
3140,Bakery,33.8110114,-117.919045
3141,Mission,34.0959623667,-118.3146581167
3142,American,34.10527178,-118.3234009031
3143,Health & Fitness,34.1318885,-118.35204529
3144,Mexican,34.15987725,-118.3311984833
3145,Other - Food,37.1090485008,-121.0170060396
3146,Starbucks,38.2831025167,-122.2754483833
3147,In-N-Out Burger,38.2815014833,-122.2760026
3148,Hot Dogs & Sausages,37.7821720028,-122.4106044787
3149,Nordstrom,37.7264183667,-122.4759591333
3150,Italian,37.7272717911,-122.476336956
3151,Sushi,37.7276199627,-122.4756382031
3152,Church,37.80971645,-122.1988677833
3153,Mexican,37.7278253,-122.4760874
3154,Department Store,37.7294947434,-122.4763711865
3155,Flower Shop,37.7486873569,-122.4760509831
3156,Theatre,37.7794851167,-122.42033985
3157,Plaza / Square,37.7793368,-122.4208269333
3158,Courthouse,37.7802809657,-122.4193462353
3159,Indian,37.7817831167,-122.4205890167
3160,Gas & Automotive,37.7502398167,-122.4759224667
3161,Sushi,37.7828157167,-122.4206729
3162,Diner,37.7784543905,-122.4153690222
3163,Walgreens,37.7757521642,-122.4190449715
3164,Coffee Shop,37.7730646167,-122.42164835
3165,Ultra-lounge,37.77234735,-122.42306915
3166,Other - Nightlife,37.7713677575,-122.4237763882
3167,Sculpture,37.7688119333,-122.4268720167
3168,Seafood,37.767845944,-122.4284134311
3169,Sushi,37.7649121667,-122.43221215
3170,Subway,37.7755444968,-122.4197644964
3171,Courthouse,37.77546054,-122.41945493
3172,Steakhouse,37.7729723989,-122.4218593436
3173,Pizza,37.7733382,-122.4223983667
3174,University,37.723885886,-122.4792981148
3175,American,37.7827332,-122.4447870333
3176,Coffee Shop,37.7824051,-122.4210211
3177,Starbucks,37.7785390833,-122.4152473
3178,Frozen Yogurt,37.7405672,-122.4663991333
3179,Starbucks,37.7397474667,-122.4675111667
3180,Coffee Shop,37.7817065333,-122.4524580167
3181,Condo,37.7824597184,-122.4205040932
3182,Paper Goods,37.7722195776,-122.4224505397
3183,Pet Store,37.7690993833,-122.4265309167
3184,Motel,37.7667198667,-122.43010865
3185,Other - Food,37.7728819,-122.4221283667
3186,American,37.7698751342,-122.4248063564
3187,Tattoo Parlor,37.7814553333,-122.45615025
3188,Starbucks,37.7638508833,-122.4771847833
3189,Asian,37.7633954428,-122.4777638912
3190,Crowne Plaza,37.329624304,-121.8912248971
3191,Corporate Office,37.3311381358,-121.8939757347
3192,Antique Hotel,37.3308185203,-121.8882092199
3193,Sculpture,37.7798916833,-122.4159791
3194,Bookstore,37.7711239361,-122.4240928888
3195,Grocery,37.7687074667,-122.4286856333
3196,Mexican,37.7688508667,-122.4291332
3197,Light Rail,37.7694789167,-122.42877785
3198,Live Music,37.7724632667,-122.4672613167
3199,Other - Parks,37.7714825667,-122.4777259
3200,Burgers,37.7807197333,-122.4695336333
3201,Corporate Office,37.7796431,-122.41131965
3202,Asian,37.7784091,-122.4119202
3203,Mission,37.4489414666,-122.1575698256
3204,Bakery,37.4486761127,-122.1588230749
3205,Mediterranean,37.4483027667,-122.1590907
3206,Bookstore,37.4478885333,-122.15970335
3207,Starbucks,37.44687985,-122.1603479833
3208,American,37.4469223022,-122.160369873
3209,Vegetarian / Vegan,37.4444461789,-122.1630353048
3210,Sushi,37.4439857333,-122.1634244333
3211,Corporate Office,37.4440767085,-122.1630764008
3212,Sushi,37.4443782833,-122.1627123667
3213,BBQ,37.7810097172,-122.459846735
3214,Racetrack,37.7816877833,-122.4529568333
3215,Diner,37.7629801333,-122.4351195
3216,Dive Bar,37.7814695333,-122.49293835
3217,Ice Cream,37.8709491523,-122.2684657574
3218,Grocery,37.8799938034,-122.2694420815
3219,Garden,37.7717273167,-122.4710699667
3220,Other - Architecture,37.76627175,-122.4757614667
3221,Wine & Spirits,37.7812546833,-122.4560184
3222,Ultra-lounge,37.7678015251,-122.4294519424
3223,Dive Bar,37.78198735,-122.4492614833
3224,Pub,37.7812198833,-122.46085125
3225,Victorian,37.73558945,-122.4264152167
3226,Target,37.8836256,-122.3067572
3227,Victorian,37.7733065833,-122.4727539
3228,Corporate Office,37.7830659971,-122.3931616545
3229,Best Buy,37.7819793167,-122.4462026167
3230,Subway,37.78189225,-122.44544355
3231,Hostel,37.3530126667,-122.01080005
3232,Starbucks,37.3526267076,-122.0077845454
3233,Gas & Automotive,37.3532753167,-122.0135626167
3234,Best Buy,37.3564884333,-122.0199036167
3235,24 Hour Fitness,37.35184675,-122.0311473667
3236,Grocery,37.3568363,-122.0176375333
3237,Other - Travel & Lodging,37.3526333667,-122.0097678333
3238,Condo,37.4016476667,-122.0146122
3239,Sports & Outdoors,37.3833898167,-121.9973099667
3240,Karaoke,37.3520744833,-122.0114940405
3241,Corporate Office,37.3370217,-122.0027183167
3242,Corporate Office,37.3213524761,-122.0512443781
3243,Mexican,37.3224339096,-122.0178213716
3244,Corporate Office,37.3326642,-122.02868465
3245,Other - Food,37.3324012667,-122.0294594667
3246,Bakery,37.3230993667,-122.0380210833
3247,Starbucks,37.3372404833,-122.0145637
3248,Asian,37.3628874167,-122.0254687333
3249,Italian,37.3226557667,-122.05359335
3250,Target,37.3743445667,-122.0331801667
3251,Peet's Coffee,37.3228907331,-122.0383436199
3252,Mediterranean,37.3227525667,-122.0158154667
3253,Sushi,37.2804558072,-121.9996762206
3254,Mexican,37.4490818667,-122.1608119333
3255,American,37.3953722,-122.0283009167
3256,Starbucks,37.3882951986,-122.0302855968
3257,Starbucks,37.3221458167,-122.0328271833
3258,Sandwich Shop,37.32204075,-122.0169687
3259,Pizza,37.3223660003,-122.0326853285
3260,Coffee Shop,37.772269789,-122.4304568944
3261,Asian,37.3223080631,-122.0176041126
3262,Ice Skating,37.8076079092,-122.2702250804
3263,Sushi,37.3521652222,-122.0060195923
3264,Coffee Shop,37.3697598726,-121.9293099127
3265,Starbucks,37.3676673939,-122.0364654064
3266,Breakfast,37.3082967833,-121.9016663833
3267,Burgers,38.6101814833,-122.8706655
3268,Mexican,37.39530945,-122.0995331167
3269,In-N-Out Burger,37.3609586182,-122.0249480009
3270,Sandwich Shop,37.3194561333,-122.0330762
3271,Pub,37.3348307833,-122.0150084
3272,Mexican,37.3765738,-122.03001015
3273,High School,33.08716935,-116.9489842
3274,Costco,33.1368568333,-117.1251068667
3275,Bakery,33.0694434167,-117.0648367167
3276,French,34.0297880667,-118.3841988333
3277,Hospital,34.0388401667,-118.3749850167
3278,Mall,33.07112725,-117.0658089
3279,Bakery,34.16803695,-118.3465745167
3280,Starbucks,33.1910441167,-117.3600149167
3281,Train Station,34.055806101,-118.2357430458
3282,Cineplex,32.9155306567,-117.1187853813
3283,Starbucks,34.1557056927,-118.3469849825
3284,American,34.15249145,-118.3460170833
3285,African,34.18684795,-118.4855678167
3286,Starbucks,34.1558388666,-118.4670460224
3287,Mexican,34.1543916983,-118.4667831659
3288,Campus Commons,38.4559697833,-122.7217384333
3289,Steakhouse,38.4389999167,-122.7231266667
3290,Coffee Shop,38.4382276333,-122.7216723833
3291,Costco,38.4197001659,-122.7118778229
3292,Technology,38.2324643457,-122.6413410902
3293,Racetrack,38.1577429967,-122.4519395828
3294,Grocery,38.4540277778,-122.7170138889
3295,Modern Hotel,37.5938741968,-122.3652613163
3296,Pizza,37.6938410996,-121.928718469
3297,Asian,37.6939096167,-121.9289650833
3298,Women's Apparel,37.6937368714,-121.9283723831
3299,Corporate Office,37.6905003718,-121.929996992
3300,In-N-Out Burger,37.70013815,-121.9074402333
3301,Wine & Spirits,37.6993737679,-121.906979084
3302,Historic Landmark,37.6647552167,-121.8744540833
3303,Historic Landmark,37.6630455833,-121.8746549
3304,Historic Landmark,37.6630118833,-121.8746967833
3305,Historic Landmark,37.6630390333,-121.8748761333
3306,Historic Landmark,37.6609461667,-121.8754397
3307,Historic Landmark,37.6609224833,-121.87556405
3308,Coffee Shop,37.6593986333,-121.8765898667
3309,Pizza,37.6586141,-121.8766786667
3310,Historic Landmark,37.6617433667,-121.8752057167
3311,Starbucks,37.7113226361,-122.2127317562
3312,Frozen Yogurt,33.9460719,-118.4016246333
3313,Rental Car,33.9450014962,-118.4047343906
3314,American,33.99624845,-118.4770544833
3315,Sandwich Shop,33.9890809596,-118.4624765493
3316,Bar,33.9995661167,-118.4806486333
3317,Apple Store,34.0172391833,-118.4982601167
3318,Dive Bar,34.0981686333,-118.3554647833
3319,Corporate Office,34.0162241039,-118.4991037846
3320,AMC Theatre,34.0164595086,-118.4982874129
3321,Pizza,34.0176004,-118.4994797833
3322,Asian,34.0177627667,-118.4990207833
3323,Plaza / Square,34.0172669333,-118.4982732333
3324,Mediterranean,34.0176406167,-118.4982612167
3325,Barnes & Noble,34.0181593,-118.4990219
3326,Bookstore,34.0176914212,-118.500187397
3327,Farmers Market,34.0169177479,-118.4977734089
3328,Mexican,34.0182205245,-118.4983575857
3329,Pub,33.9902528385,-118.4639775753
3330,American,33.9899340333,-118.4637132333
3331,Coffee Shop,33.9908393866,-118.4657722599
3332,Pizza,33.9905591333,-118.4657375667
3333,Bakery,33.9875347,-118.4589902167
3334,Subway,33.9975347,-118.46092705
3335,American,33.99059165,-118.4662775833
3336,Burgers,33.9458929667,-118.3794097167
3337,Bar,34.0911345167,-118.36259365
3338,Coffee Bean and Tea Leaf,34.074257159,-118.3771705627
3339,Other - Food,34.0738430167,-118.3764182833
3340,Italian,34.0699149,-118.4054102
3341,Whole Foods,34.0012649132,-118.4696531296
3342,Theatre,34.07182961,-118.35947537
3343,Grocery,34.0717244667,-118.3601483333
3344,Beach,33.5418954388,-117.7851104736
3345,Soul Food,33.8090564233,-117.9234722257
3346,Mexican,37.97782865,-122.03165875
3347,Peet's Coffee,37.9772936667,-122.034669
3348,Antique Hotel,37.7781818833,-122.4153355667
3349,Courthouse,37.9067417,-122.060325
3350,Gallery,37.7682193167,-122.4035444833
3351,Peet's Coffee,37.6546121032,-122.4078437763
3352,Peet's Coffee,37.9453820126,-122.0620751381
3353,Trader Joe's,37.9794376833,-122.0564041
3354,Starbucks,37.9273710667,-122.06094355
3355,Pizza,37.8798858331,-122.2694715858
3356,Peet's Coffee,37.8802711382,-122.268294096
3357,BBQ,33.698654362,-117.8262555599
3358,Soul Food,33.6767760868,-117.886621356
3359,Breakfast,37.7666218333,-122.3994067
3360,Paper Goods,37.8688723833,-122.29912625
3361,Coffee Shop,37.8698945,-122.3007273667
3362,American,37.9719946509,-122.0442652702
3363,In-N-Out Burger,38.90145295,-121.0747778833
3364,Casino,39.5230658333,-119.7805390167
3365,Asian Food,37.74003545,-122.1986442333
3366,American,34.0477904521,-118.3467683979
3367,Modern Hotel,34.0576105002,-118.415504694
3368,Diner,34.0932104667,-118.3785267167
3369,Mexican,34.0591324333,-118.42040725
3370,Grocery,34.0162054167,-118.49633755
3371,Vegetarian / Vegan,33.5447513,-117.7826221167
3372,Vegetarian / Vegan,33.5362633,-117.7779216
3373,Coffee Shop,33.5316643,-117.7742208167
3374,Technology,33.5579543027,-117.6695501804
3375,Diner,33.5590312132,-117.6695125776
3376,Breakfast,33.5352577678,-117.7778792381
3377,Sushi,33.5382385254,-117.7800292969
3378,Brewery / Microbrewery,33.5424318167,-117.7833760167
3379,South American / Latin,33.6775987651,-117.8866818396
3380,American,33.5583108452,-117.6707345222
3381,Other - Nightlife,33.5439744966,-117.7890264988
3382,Other - Nightlife,32.7483503167,-117.1541086
3383,Coffee Shop,37.7756380833,-122.43794705
3384,Mexican,33.5388524667,-117.7806085333
3385,Dancefloor,34.101584504,-118.3335744693
3386,Bar,34.0855003532,-118.383202861
3387,Regional / State Park,34.105373103,-118.3489644527
3388,Dive Bar,34.0996146833,-118.3298056833
3389,Frozen Yogurt,34.08581205,-118.3830738667
3390,Other - Travel & Lodging,34.1043412685,-118.3451503515
3391,Pub,34.1015855019,-118.3358054004
3392,Ultra-lounge,34.0851738167,-118.3839155
3393,Apartment,33.5742923354,-117.7274849099
3394,Cineplex,33.5773076167,-117.72612305
3395,Italian,33.6110168,-117.7225116667
3396,College,33.9053612833,-118.0139005
3397,Fine Dining,33.5408871895,-117.7822244167
3398,Light Rail,33.8094263764,-117.9245638847
3399,Contemporary Church,33.6733252252,-117.8759032488
3400,AMC Theatre,34.057836,-118.4187197167
3401,Frozen Yogurt,33.5931928667,-117.6994271
3402,Disneyland Resort,33.81516075,-117.9180779167
3403,Mexican,33.8124282864,-117.9200175405
3404,Other - Food,38.6581348333,-121.5119594
3405,In-N-Out Burger,38.59161185,-121.5503196
3406,Mexican,38.3650710748,-121.965225935
3407,Brewery / Microbrewery,38.5804594667,-121.4855864333
3408,Grocery,38.65750085,-121.5108087333
3409,Dive Bar,38.5795831,-121.4864467
3410,Mexican,38.65956135,-121.5115631833
3411,Pet Store,38.6338827723,-121.5035199189
3412,Best Buy,38.6366540053,-121.4954966667
3413,In-N-Out Burger,38.6368169167,-121.5041957
3414,In-N-Out Burger,38.6552452833,-121.52575855
3415,Technology,38.6417271432,-121.475359615
3416,Theatre,38.5787241333,-121.4862538167
3417,Mexican,38.5945118333,-121.5054109833
3418,Mexican,38.604594556,-121.5188607046
3419,Asian,37.7819137573,-122.4098510742
3420,Tram,37.6151790166,-122.3856085539
3421,Corporate Office,37.7791020333,-122.3935485
3422,Burgers,37.7775584302,-122.3927593231
3423,Sandwich Shop,37.7773718696,-122.3923194408
3424,Mexican,37.7786896876,-122.3930150518
3425,Historic Landmark,37.7799522833,-122.3942427167
3426,French,37.7811360667,-122.3944507833
3427,Soul Food,37.7788813013,-122.3938429356
3428,Subway,37.8082412466,-122.2685408592
3429,Subway,37.7651426407,-122.4195706844
3430,Dancefloor,37.7591629028,-122.4189224243
3431,Subway,37.7524781167,-122.4182510333
3432,Italian,37.7782792283,-122.3935854435
3433,Pizza,37.7785253353,-122.3923249279
3434,Food & Foodies,34.1496650167,-118.4388418833
3435,Historic Landmark,38.5820388833,-121.5044366167
3436,Live Music,38.6777199333,-121.2015473667
3437,Asian,37.7700399,-122.4457333333
3438,Trader Joe's,34.1579163533,-118.4408462048
3439,City Park,34.16315255,-118.4432886167
3440,Post Office,34.1645725667,-118.4577248167
3441,Target,34.19162738,-118.6025269
3442,Zoo,34.1485539423,-118.2854390144
3443,Golf Course,34.1711924166,-118.4962069988
3444,Mall,34.1440402167,-118.25862315
3445,Barnes & Noble,34.1431961059,-118.256073334
3446,Urban Outfitters,34.1428089987,-118.2578111394
3447,Urban Outfitters,34.0147649,-118.4953191833
3448,Seafood,34.009552,-118.4972047667
3449,Cineplex,37.44508635,-122.1633680833
3450,Vegetarian / Vegan,37.4456548026,-122.1623755128
3451,Cineplex,37.4523219167,-122.1812912333
3452,Hardware Store,37.4523000833,-122.1840221
3453,Train Station,37.4543776112,-122.1828067303
3454,Mexican,37.4724419,-122.2154674833
3455,Other - Food,37.4842293,-122.2324143667
3456,Coffee Shop,37.4823612199,-122.2304695845
3457,Asian,37.4451354833,-122.1629112333
3458,Asian,37.4522499833,-122.1824713833
3459,Historic Landmark,37.452637449,-122.181075234
3460,American,37.4934144667,-122.2445588
3461,American,37.5377619414,-122.299599876
3462,Pizza,37.44517635,-122.1632154333
3463,Diner,37.4438202333,-122.1615314333
3464,Ultra-lounge,37.4451149167,-122.1634876
3465,Burgers,37.49033215,-122.2263508667
3466,Department Store,37.4446937,-122.1720412167
3467,Drugstore & Pharmacy,37.4467968667,-122.1606367
3468,Bookstore,37.4535007167,-122.1823832
3469,Costco,37.4206873333,-122.0952539
3470,Frozen Yogurt,37.4847629667,-122.2330546333
3471,Cineplex,37.4860821,-122.2279862
3472,Hot Dogs & Sausages,37.77640555,-122.426436
3473,Mexican,37.4901967,-122.2239396167
3474,Bakery,37.4848789097,-122.2312978614
3475,Doughnuts,37.4164882333,-122.1299792333
3476,South American / Latin,37.7598279778,-122.4191093445
3477,Bookstore,37.4262116,-122.1447807167
3478,Tobacco & Cigars,37.44425625,-122.1621737167
3479,Victorian,37.7613991667,-122.2416780833
3480,Coffee Shop,37.3938209861,-122.0789247751
3481,Bowling,37.75479015,-122.2498969167
3482,Cineplex,37.7644193167,-122.2434353667
3483,Breakfast,37.7656531333,-122.2416973
3484,Bookstore,37.7636950167,-122.2432645167
3485,Peet's Coffee,37.7643505833,-122.2430120333
3486,Asian,37.7680647667,-122.2395418333
3487,Post Office,37.75668705,-122.2537166333
3488,Mexican,37.7650239004,-122.2418367863
3489,Library,37.766779541,-122.2424912453
3490,American,37.7124516066,-122.2140859458
3491,Terminal,37.7124711057,-122.2141563892
3492,Mexican,37.8398445833,-122.29956885
3493,Corporate Office,37.7817309333,-122.3961121667
3494,Corporate Office,37.7809503598,-122.3960959911
3495,Corporate Office,37.7811914454,-122.3956339048
3496,Diner,37.7810757763,-122.3954868549
3497,Health & Fitness,37.7817655167,-122.30116105
3498,Sports Bar,37.4160750159,-122.0784029035
3499,Corporate Office,37.4198087833,-122.08374995
3500,Corporate Office,37.7813357833,-122.3944219333
3501,Playground,37.7813658605,-122.3942184448
3502,Italian,37.763612,-122.243274
3503,Gate,37.7114543415,-122.2117808999
3504,Peet's Coffee,37.71034324,-122.21212446
3505,Holiday Inn,34.1782391868,-118.3081876728
3506,Coffee Shop,37.7814657086,-122.3987731615
3507,Other - Architecture,37.7816592333,-122.3964909833
3508,Asian,37.7814718333,-122.3963868667
3509,Sculpture,37.7784353667,-122.3877088167
3510,Sculpture,37.77712225,-122.39061355
3511,City Park,37.7767443439,-122.3878777027
3512,Stadium,37.7502562111,-122.2028911114
3513,Best Buy,37.8276414005,-122.2868657112
3514,Trader Joe's,37.8368777769,-122.294241786
3515,Grocery,37.7677294354,-122.2394549847
3516,Dessert,37.4531368,-122.1840761
3517,French,37.4527699167,-122.1834121667
3518,Dive Bar,37.7628135333,-122.2445510667
3519,In-N-Out Burger,37.4209045039,-122.0928226076
3520,Subway,37.6912679667,-122.0759480333
3521,Gas & Automotive,37.7684189333,-122.2329079667
3522,Walgreens,37.7793810333,-122.2759224333
3523,Asian,37.77658065,-122.2770816167
3524,Church,36.2925405667,-119.1429439167
3525,Bank & Financial,36.2956207833,-119.1418487667
3526,Bakery,36.2959635833,-119.1403542667
3527,Cineplex,36.8495036167,-119.7883059667
3528,Sandwich Shop,36.8487636833,-119.7898388
3529,Other - Food,36.2983004333,-119.1553091
3530,Starbucks,38.6921054481,-121.5933076401
3531,Church,36.292071725,-119.143287595
3532,Starbucks,34.0156972575,-118.4960014348
3533,Starbucks,34.0154388167,-118.4965706
3534,24 Hour Fitness,34.0198219667,-118.45106785
3535,Corporate Office,34.0155082217,-118.4975641966
3536,American,34.016296117,-118.4959869719
3537,Diner,34.02797085,-118.51843925
3538,Starbucks,34.02709155,-118.3928554667
3539,Breakfast,34.0271694,-118.3929853833
3540,Historic Landmark,34.0238094163,-118.3941650391
3541,Grocery,34.0278493667,-118.3937374833
3542,Subway,34.0164247225,-118.4963291839
3543,Men's Apparel,33.6925755143,-117.8871953487
3544,Italian,33.6936913409,-117.8870666027
3545,Theatre,33.6930932596,-117.8827428818
3546,Bowling,34.0086517334,-118.4887619019
3547,Bookstore,34.098239304,-118.3269703388
3548,Best Buy,33.985954566,-118.3944681894
3549,Best Buy,34.0163402972,-118.4074461754
3550,French,34.02187975,-118.3963176167
3551,Burgers,34.0988414667,-118.3291410833
3552,Luxury Hotel,34.0153881663,-118.4989535809
3553,Arts,33.8524973526,-118.3901736443
3554,Starbucks,33.8088288481,-118.1252707633
3555,Mall,33.8498952167,-118.1389664667
3556,Bar,34.0158079532,-118.4944761762
3557,American,34.0230762167,-118.39492445
3558,Starbucks,34.0267361833,-117.6113787167
3559,Women's Apparel,33.8086724,-117.9222035833
3560,Ice Cream,33.80871905,-117.9224975833
3561,Other - Nightlife,33.8081153,-117.9269328333
3562,University,34.0210794933,-118.2862758636
3563,Starbucks,34.0223005,-118.3961976667
3564,City Park,34.013049276,-118.4025120735
3565,Coffee Bean and Tea Leaf,34.0195499867,-118.4221887589
3566,Pub,32.7110534181,-117.1600699425
3567,Italian,32.7112032749,-117.1600995274
3568,Starbucks,32.7135539487,-117.1600699425
3569,Urban Outfitters,32.7124165319,-117.1600055695
3570,Asian,32.7103492849,-117.160037756
3571,Wine Bar,32.7124616678,-117.158203125
3572,Antique Hotel,32.7158287388,-117.1642649174
3573,Other - Nightlife,32.7163522934,-117.160037756
3574,Wine Bar,32.7126602653,-117.1564328671
3575,Pub,32.7124616678,-117.1575593948
3576,Chocolate,32.7131748114,-117.160037756
3577,American,32.71617675,-117.1734169167
3578,Ferry,32.71613645,-117.1737098167
3579,Meet Up,32.7154920386,-117.1730684722
3580,Ferry,32.6999984167,-117.1697236667
3581,Burgers,32.6797563833,-117.1786954167
3582,Ferry,32.6999569167,-117.16962335
3583,Pub,34.0146500444,-118.4970545769
3584,Pizza,34.01308955,-118.4959474
3585,American,34.0181350667,-118.4896302167
3586,Mediterranean,35.2668556106,-116.0740327835
3587,Burgers,36.1565533945,-115.3343224525
3588,Nike,36.1623172833,-115.1583367833
3589,Other - Nightlife,36.1588576829,-115.164382925
3590,Asian Food,36.1433807,-115.1428067167
3591,Other - Entertainment,36.1467187794,-115.1553341444
3592,Casino,36.147743089,-115.1555049419
3593,Dive Bar,36.1055318667,-115.1503693167
3594,University,36.1066065769,-115.1444005966
3595,Arcade,36.1014489107,-115.1305550337
3596,Mexican,36.1099969405,-115.1528747259
3597,Live Music,36.0928404884,-115.1754176617
3598,Candy Store,36.0692465989,-115.17802561
3599,Starbucks,35.61197205,-115.3878352833
3600,Apple Store,34.11089355,-117.5337344167
3601,Mall,34.1108274327,-117.5326931477
3602,Starbucks,34.10752225,-117.5369185
3603,Frozen Yogurt,33.9947173333,-118.3946176833
3604,Target,33.9989790022,-118.3934998512
3605,Pub,32.7116246744,-117.1600370728
3606,Performing Arts,32.7295665152,-117.1504354477
3607,Sports & Outdoors,34.01503223,-118.495498
3608,Bank & Financial,34.0179292167,-118.4963784
3609,Corporate Office,34.0192743168,-118.4943830967
3610,Grocery,33.5510493333,-117.13860925
3611,Craftsman,35.2730272167,-119.0143258667
3612,Pizza,35.3136867333,-119.0905820333
3613,Barnes & Noble,35.3668115167,-119.0463340167
3614,College,35.4079403239,-118.9718055725
3615,Luxury Hotel,35.3755766167,-119.0215560167
3616,American,35.3832175667,-119.1187424333
3617,In-N-Out Burger,35.2961125833,-119.02834865
3618,Student Center,35.268726,-118.912046
3619,Costco,35.2972288711,-119.057765007
3620,American,34.3899750667,-118.571105
3621,Victorian,35.272983,-119.02638
3622,Craftsman,35.272983,-119.02638
3623,Hospital,35.3835449714,-119.018870873
3624,Skatepark,33.98684025,-118.4754311
3625,Starbucks,34.0804320574,-118.1522995234
3626,AT&T,34.155201215,-118.25611017
3627,Craftsman,34.077751017,-118.154212883
3628,Disneyland Resort,33.8128985092,-117.9166191816
3629,Other - Architecture,34.06170615,-118.1629733333
3630,Mexican,34.1500254,-118.2477086
3631,Disneyland Resort,33.81529275,-117.91905415
3632,Disneyland Resort,33.8154175,-117.9191185667
3633,Starbucks,34.1044001833,-118.1530327833
3634,Starbucks,33.8751947833,-118.1420588333
3635,Starbucks,33.7728994333,-118.1891871833
3636,Other - Entertainment,33.8531872167,-117.9975396333
3637,Campus Commons,33.8328194667,-118.1356862833
3638,Other - Architecture,33.687219345,-117.898825407
3639,Best Buy,33.6883888038,-117.893332243
3640,Gas & Automotive,33.8504010366,-118.1360989809
3641,Costco,33.8501419333,-118.1373553333
3642,Other - Architecture,33.876507533,-118.192975467
3643,Rental Car,33.94286,-118.398005
3644,Modern Hotel,33.9459944641,-118.395087719
3645,Mall,34.2160138667,-119.0576001
3646,Historic Landmark,34.0085313891,-118.4983634949
3647,Beach,34.0007160167,-118.4860023833
3648,Mall,36.118931594,-115.1760721207
3649,Sculpture,36.1198975548,-115.1757616076
3650,Apple Store,36.1184304226,-115.1771987378
3651,Casino,36.11739075,-115.174618
3652,American,36.1183380523,-115.1769408922
3653,Casino,36.1172416235,-115.1727939726
3654,Fountain,36.1190875945,-115.1730036736
3655,Nike,36.1192262613,-115.1764583588
3656,Men's Apparel,36.12638745,-115.1695357833
3657,Casino,36.118189,-115.173716
3658,Casino,36.1177204131,-115.1722848415
3659,Casino,36.1161755345,-115.1714158058
3660,Ultra-lounge,36.129195714,-115.166856221
3661,Pool / Waterpark,36.1297363043,-115.1655524969
3662,Other - Entertainment,36.12655091,-115.16711604
3663,Casino,36.1249238167,-115.1649388167
3664,Casino,36.1169555612,-115.1870584488
3665,Ultra-lounge,36.13034713,-115.16558915
3666,Casino,36.12368941,-115.1705231
3667,Casino,36.1218608846,-115.1701068878
3668,Dancefloor,36.1228661781,-115.1698708534
3669,Mall,36.1225195266,-115.1700639725
3670,American,36.1242354364,-115.1692700386
3671,Mall,36.1244607551,-115.1680898666
3672,Special Event,36.1181862541,-115.1869297028
3673,Casino,36.1289669933,-115.1654934883
3674,Conference,32.7075916529,-117.1635997295
3675,Exhibit,32.7075916529,-117.1635997295
3676,Conference,32.7082031965,-117.1632403135
3677,Mall,37.2518686667,-121.8602561667
3678,Starbucks,37.2520912915,-121.8615531921
3679,Department Store,37.2529452805,-121.8629693985
3680,Cineplex,37.2522480326,-121.8611347043
3681,Apple Store,37.2514764135,-121.8636989594
3682,Asian,37.251066492,-121.8641710281
3683,Pan Pacific,37.3226600667,-122.01903855
3684,Grocery,37.2195585333,-121.8612628333
3685,Other - Food,37.3901296167,-122.04217765
3686,Bridge,37.38582765,-122.0647664833
3687,Other - Entertainment,37.2403857667,-121.9056565
3688,Contemporary Church,37.224346095,-121.9059220566
3689,Post Office,37.3924720752,-122.0369964838
3690,Coffee Shop,37.25266065,-121.9088735333
3691,Pub,37.37067282,-121.93147045
3692,Corporate Office,37.3929217167,-122.0396239167
3693,Corporate Office,37.3872316833,-122.0378117333
3694,Corporate Office,37.3924678132,-122.0407998562
3695,Coffee Shop,37.3974029,-122.0615311333
3696,Mexican,37.3811975833,-122.0756165333
3697,Peet's Coffee,37.37794265,-122.0761956667
3698,American,37.2356861167,-121.8735796667
3699,The Home Depot,37.2490081833,-121.8624037167
3700,Corporate Office,37.3911892021,-122.0406228304
3701,Mexican,37.2937127,-121.9311529167
3702,Starbucks,37.0229945667,-121.5639012333
3703,Ice Skating,37.3193968456,-121.8652340246
3704,Frozen Yogurt,34.16129815,-118.4484518
3705,Other - Food,33.6787955167,-117.6670334833
3706,Plaza / Square,33.8114789187,-117.9201489687
3707,Scenic Lookout,33.8130605833,-117.9207437833
3708,Disneyland Resort,33.8152941833,-117.9191194833
3709,Apartment,37.3209570051,-121.9501369159
3710,Asian,37.4498435833,-122.1190223833
3711,Wine Bar,37.3198508148,-121.9477057457
3712,Italian,37.3206699065,-121.9498085976
3713,Gate,37.3668789167,-121.9275883833
3714,Cineplex,37.3191834833,-121.9482939333
3715,Grocery,37.3372133,-122.0143348
3716,Playground,37.3208633167,-121.9490158833
3717,Starbucks,35.1360109167,-120.6250601167
3718,Modern Hotel,32.71860843,-117.16663056
3719,Seafood,32.7088033,-117.1675802667
3720,Mexican,34.1604023667,-118.8242339667
3721,Steakhouse,35.2788118435,-120.6647998095
3722,Mexican,37.3209258708,-121.9490039349
3723,Asian Food,37.3198934761,-121.9485425949
3724,Indian,37.3186992286,-121.9493497559
3725,French,37.3196887019,-121.9485211372
3726,Ultra-lounge,32.709410432,-117.167236805
3727,Gate,37.3677781017,-121.9265523986
3728,Brewery / Microbrewery,37.3875499667,-121.9924822167
3729,Other - Shopping,34.0675273667,-118.4008493167
3730,In-N-Out Burger,35.4970778833,-120.6842217167
3731,Vietnamese,37.39478295,-122.0784453333
3732,Starbucks,34.0311019,-118.8430850167
3733,French,37.4258159667,-122.1451699667
3734,American,35.2784800333,-120.6642891167
3735,South American / Latin,37.4254983167,-122.1455788167
3736,French,37.32137644,-121.94780027
3737,Terminal,33.9428255,-118.3990310833
3738,American,34.1847397833,-118.8875914667
3739,Bed & Breakfast,35.2905005667,-120.6497852
3740,Terminal,37.365734054,-121.926028994
3741,Other - Airport,37.3707027109,-121.9303765803
3742,Corporate Office,37.781460309,-122.3927110825
3743,Ultra-lounge,37.7792840938,-122.3979949951
3744,Mexican,37.7630854167,-122.41936995
3745,Pizza,37.776542941,-122.424916327
3746,Cineplex,37.7648846167,-122.42260265
3747,Sandwich Shop,37.7832652624,-122.4060738087
3748,Skyscraper,37.7834461167,-122.3939263833
3749,Corporate Office,37.7814778333,-122.3924510833
3750,Live Music,37.7697309587,-122.4203646183
3751,Corporate Office,37.78143015,-122.39408975
3752,Corporate Office,37.7810586,-122.3955969167
3753,Corporate Office,37.7809825989,-122.3953166709
3754,Corporate Office,37.77949465,-122.3936319667
3755,Corporate Office,37.780697925,-122.3934962638
3756,Corporate Office,37.7813234625,-122.396696806
3757,Corporate Office,37.3879178012,-122.0826668779
3758,Pizza,37.3870018333,-122.0829653167
3759,Starbucks,37.3875814167,-122.0829430333
3760,Mediterranean,37.3875755167,-122.0828630167
3761,Health & Fitness,37.3875903233,-122.0828043256
3762,Vietnamese,37.3864736667,-122.0832748833
3763,Corporate Office,37.3868161876,-122.067707777
3764,Corporate Office,37.4434282631,-122.1616870165
3765,Corporate Office,37.3862237225,-122.0839780569
3766,Corporate Office,37.3847734421,-122.0814178884
3767,Corporate Office,37.7787569667,-122.3979405833
3768,Racetrack,32.97534735,-117.2648947667
3769,Breakfast,32.7089410019,-117.1591150761
3770,Seafood,32.707144506,-117.1593940258
3771,Health & Fitness,37.7608088167,-122.4126717667
3772,Corporate Office,37.7834190283,-122.3928193625
3773,Corporate Office,37.8045142303,-122.2762094732
3774,Dive Bar,33.7681350708,-118.1731567383
3775,Historic Landmark,34.1339866491,-118.3217588067
3776,French,33.81131885,-117.9216503167
3777,Other - Travel & Lodging,33.94320565,-118.40130746
3778,Modern,33.108465475,-117.105127573
3779,Other - Services,33.14077931,-117.22246491
3780,Mexican,33.0691829667,-117.0618608333
3781,Breakfast,33.1355300667,-117.1866486833
3782,Modern,33.8738072833,-117.2104523333
3783,Brewery / Microbrewery,33.8628419017,-117.8780254338
3784,Pub,33.91352355,-117.45798935
3785,Wine & Spirits,33.9530027167,-117.3886504833
3786,Burgers,34.1544302833,-118.13268795
3787,Theatre,34.1014109427,-118.3232527971
3788,Coffee Shop,33.8589571833,-118.0491377167
3789,Modern Hotel,37.6437049116,-122.4039043915
3790,Italian,37.7659535333,-122.40668535
3791,Hot Dogs & Sausages,37.7719919741,-122.4313929638
3792,Brewery / Microbrewery,37.8735033333,-122.2685652
3793,Bar,37.77669471,-122.39419692
3794,Brewery / Microbrewery,37.8001219824,-122.2875552629
3795,Other - Food,37.7825967,-122.3884880833
3796,In-N-Out Burger,35.9861566833,-119.9591694833
3797,Brewery / Microbrewery,33.1165310167,-117.12021445
3798,Brewery / Microbrewery,34.1015829887,-118.3227759596
3799,Live Music,34.0578354167,-117.7516382833
3800,Bookstore,33.9556004333,-117.3909629667
3801,Library,33.9743548633,-117.3245215416
3802,Pub,33.1354848699,-117.1846926212
3803,Pub,33.4753570865,-117.1220576763
3804,Brewery / Microbrewery,32.7188346,-117.1649661
3805,Technology,33.8629096833,-118.0784744167
3806,In-N-Out Burger,33.8308043833,-118.0849612667
3807,Pub,33.7862811684,-117.8531849384
3808,Asian,33.8686593,-118.0831919167
3809,Health & Fitness,33.8849693,-118.1034171667
3810,Pub,33.6504769667,-117.7446287167
3811,Brewery / Microbrewery,33.7408408167,-118.10525445
3812,Brewery / Microbrewery,33.8355927667,-118.3159736833
3813,Mexican,33.8706293464,-118.060734272
3814,Asian,33.8592600167,-118.0899274333
3815,Seafood,32.7113422916,-117.1599733829
3816,Pub,32.7259070126,-117.1701703039
3817,American,32.72619585,-117.1715786167
3818,Pizza,32.7634076024,-117.1204491982
3819,Luxury Hotel,32.7159821948,-117.1669685841
3820,Chipotle,33.5685035167,-117.7086551833
3821,Breakfast,33.5675669613,-117.7081335501
3822,Coffee Shop,33.8732095667,-118.0642404
3823,Whole Foods,33.6962978553,-117.8255903721
3824,Grocery,33.8469838902,-118.0827176571
3825,Peet's Coffee,37.7648997141,-122.4321615074
3826,Whole Foods,33.7546737561,-118.1090676785
3827,Castle,33.8629377167,-118.0780743333
3828,Pub,34.1451332,-118.1488479
3829,Asian,33.86561615,-118.0949324
3830,Apartment,33.6926258833,-117.8801532833
3831,In-N-Out Burger,33.7003453333,-117.8851496
3832,Luxury Hotel,34.0083691985,-118.4928179338
3833,Italian,33.8689367845,-118.059232235
3834,Pizza,33.7885651833,-117.9167112333
3835,Live Music,32.7193946989,-117.1683475747
3836,Technology,33.8521976333,-117.8466585833
3837,Theatre,37.8094788048,-122.2681760788
3838,Subway,37.7057939667,-122.4692198833
3839,Mall,36.0665083937,-115.0409650515
3840,Vegetarian / Vegan,36.0557556,-115.0465750667
3841,American,36.0977852833,-115.2968529667
3842,Grocery,36.02590295,-115.0636397333
3843,Ultra-lounge,36.0683797959,-115.1775741577
3844,Seafood,36.1266425667,-115.2062988167
3845,Gym,36.0250455021,-115.1208427548
3846,Old Navy,36.0576167623,-115.047980547
3847,Target,36.0647627667,-115.0476840833
3848,Walmart,36.0222471027,-115.1241981983
3849,Other - Nightlife,36.12412631,-115.17094147
3850,H&M,36.0671916848,-115.1782822609
3851,Bookstore,36.0687787197,-115.1745057106
3852,Terminal,36.0896846976,-115.153144598
3853,Sushi,36.0675125633,-115.1780462265
3854,Sushi,36.1276467706,-115.1682440301
3855,Casino,36.12416881,-115.17071175
3856,Italian,36.1258478797,-115.1701303724
3857,Ultra-lounge,36.0918737638,-115.1730384341
3858,Pizza,36.0681369718,-115.174934864
3859,Golf Course,36.1725601476,-115.2867534757
3860,Walmart,36.0606662,-115.0331353333
3861,Asian,36.025084,-115.1188959833
3862,Italian,36.022591022,-115.0829408142
3863,Frozen Yogurt,36.0254533225,-115.1189893484
3864,Mall,36.0218736565,-115.0841117331
3865,Asian,36.1265332833,-115.1926707
3866,Saloon,36.0683313667,-115.1781139667
3867,Cineplex,36.0209454877,-115.0888895988
3868,Ultra-lounge,36.0680952667,-115.1781270667
3869,Asian,36.0472673,-115.2431551
3870,Performing Arts,36.1250500471,-115.1723814011
3871,Bookstore,36.1608786333,-115.33532735
3872,Health & Fitness,36.1123879615,-115.3013634682
3873,Starbucks,36.1593092667,-115.3196351833
3874,Other - Nightlife,36.0687353585,-115.1769304276
3875,Asian,36.1263656616,-115.2009811401
3876,Chipotle,36.06395075,-115.2519528833
3877,Casino,36.111076355,-115.0627746582
3878,Pet Store,36.0584940333,-115.0481474833
3879,Grocery,36.0642463833,-115.0576901833
3880,Walgreens,36.1233391893,-115.1706418706
3881,Nike,36.055274892,-115.1689910889
3882,Mall,36.0532538887,-115.169044733
3883,Burgers,36.0269537,-115.0845268
3884,Theatre,36.12409555,-115.16989409
3885,Grocery,36.0054349333,-115.0807474833
3886,Gallery,36.1768427856,-115.1351094246
3887,Sushi,37.7647172833,-122.4035716167
3888,Other - Food,37.7590033667,-122.4126632
3889,Fine Dining,38.9566640065,-119.9421000481
3890,In-N-Out Burger,38.72031355,-120.8327544167
3891,Grocery,37.7600113667,-122.3968554
3892,Dog Park,37.7707401809,-122.3992824554
3893,American,37.7626637735,-122.3944365191
3894,In-N-Out Burger,38.3666029167,-121.9609937333
3895,Grocery,38.9541631167,-119.9428474167
3896,Casino,38.9599653472,-119.9416907538
3897,Coffee Shop,37.7608144167,-122.3882102833
3898,Pub,37.7784229687,-122.3966596635
3899,Middle Eastern,37.7805131667,-122.3945425167
3900,REI,37.7723769573,-122.404614687
3901,In-N-Out Burger,38.6466813667,-121.1142494
3902,French,37.762634505,-122.3965384769
3903,Sandwich Shop,37.7803618667,-122.39482205
3904,Sandwich Shop,37.7521988269,-122.4202921987
3905,Pizza,37.7498066441,-122.4204068505
3906,Brewery / Microbrewery,37.8015826575,-122.2742754221
3907,Saloon,37.7626919667,-122.3960423333
3908,Coffee Shop,37.7786438646,-122.393682003
3909,Coffee Shop,37.7625560167,-122.3960515167
3910,Sports Bar,37.7648913833,-122.3978233333
3911,American,37.7596451833,-122.3874514333
3912,Mexican,37.7796177333,-122.3980131667
3913,Live Music,37.7650415833,-122.39973305
3914,Mexican,37.7606855167,-122.38806955
3915,Ultra-lounge,37.7669661283,-122.4065351486
3916,Bakery,37.779750527,-122.391657234
3917,Saloon,37.63379785,-122.4918951667
3918,American,38.5020053333,-122.4653077
3919,African,37.7590350734,-122.4211586779
3920,Technology,33.13976285,-117.2748769333
3921,Bakery,33.1028503667,-117.26847355
3922,Pub,33.0384068833,-117.2929151
3923,Coffee Shop,33.10440815,-117.2682136833
3924,The Home Depot,33.0649875833,-117.26160705
3925,Other - Food,33.1621171333,-117.3438503333
3926,Health & Fitness,33.1241011667,-117.2684423667
3927,Brewery / Microbrewery,33.1270895333,-117.3239514167
3928,Mexican,33.15857275,-117.34995745
3929,Coffee Shop,33.0583497333,-117.2996660167
3930,Target,33.0632604167,-117.2652186333
3931,Wine & Spirits,33.0490326687,-117.2612166257
3932,Pub,33.1599239667,-117.3481307667
3933,Mexican,33.1308853167,-117.26040045
3934,REI,33.0685857,-117.2654103
3935,Mall,33.1768771129,-117.331356822
3936,Starbucks,33.1305495251,-117.260304859
3937,Other - Food,33.1900748667,-117.3742457
3938,Other - Nightlife,32.7484952848,-117.1517000875
3939,Gas & Automotive,33.12086565,-117.3143965167
3940,Other - Food,32.8306086167,-117.1537706833
3941,Trader Joe's,33.1269454667,-117.2545907333
3942,Ski & Snowboard Area,38.9295024164,-119.9149131775
3943,Pub,32.72183555,-117.13000955
3944,Burgers,33.0719986833,-117.2655736333
3945,Vineyard,33.5471650667,-117.0448312167
3946,Terminal,36.0809449235,-115.1468467712
3947,Pool / Waterpark,36.0901073833,-115.1752642333
3948,Theatre,36.0911238927,-115.1747202873
3949,American,36.08918911,-115.17633682
3950,Mexican,36.0900345833,-115.1764958333
3951,Fine Dining,36.0915920589,-115.174741745
3952,Steakhouse,36.08953475,-115.17638653
3953,Fine Dining,36.08953475,-115.17638653
3954,French,36.0916134333,-115.1762960333
3955,Ultra-lounge,36.0921018367,-115.1759648323
3956,Ultra-lounge,36.0921555886,-115.1750314236
3957,American,36.08924472,-115.17635083
3958,Asian,36.08923196,-115.17634743
3959,Starbucks,36.0918434803,-115.1743340492
3960,American,36.08918911,-115.17633682
3961,American,36.08905363,-115.17631685
3962,Subway,36.0905287167,-115.1722638167
3963,Arena,36.0906210444,-115.1790010929
3964,Theatre,36.0939347575,-115.1773813317
3965,In-N-Out Burger,36.1012424,-115.1822437333
3966,Performing Arts,36.0953546267,-115.1767158508
3967,Burgers,36.09346413,-115.17612391
3968,Seafood,36.09346413,-115.17612391
3969,Urban Outfitters,36.09402161,-115.17596358
3970,Breakfast,36.09420633,-115.17584979
3971,Pool / Waterpark,36.09675515,-115.177159383
3972,Mexican,36.0953979732,-115.1759648323
3973,Mexican,36.0944270057,-115.1756322384
3974,South American / Latin,36.0909158179,-115.179322958
3975,Starbucks,36.0957187366,-115.1755142212
3976,Other - Nightlife,36.0936991333,-115.1749685333
3977,Asian,34.0980712167,-118.3531595667
3978,Mexican,34.097682,-118.3522529167
3979,Italian,34.0982034833,-118.3539755833
3980,Seafood,34.1079282,-117.5363127167
3981,Sandwich Shop,34.10755765,-117.5354103833
3982,Best Buy,34.1071961,-117.5379489667
3983,Diner,34.1072741634,-117.5345277786
3984,REI,34.1075870333,-117.5388213667
3985,Mall,34.0488903633,-118.2609128952
3986,Mall,34.046963611,-118.25857921
3987,Food & Foodies,34.048795,-118.25699195
3988,Modern Hotel,34.049607848,-118.256379579
3989,Ultra-lounge,34.051130484,-118.2450342178
3990,Pub,36.0174136642,-115.1181256771
3991,Brewery / Microbrewery,36.0155664167,-115.1181074667
3992,Wine Bar,36.0678681298,-115.1756858826
3993,Bar,36.1713982667,-115.2454131167
3994,Coffee Bean and Tea Leaf,36.0683364345,-115.1776599884
3995,BBQ,36.0206380667,-115.0864315
3996,Other - Food,36.1190515,-115.1548225833
3997,Coffee Shop,36.0162939833,-115.11966595
3998,American,36.02208845,-115.0876668667
3999,Coffee Bean and Tea Leaf,36.0219253893,-115.0857260292
4000,Asian,36.0288992,-115.1171545667
4001,Pub,36.0684621825,-115.1778209209
4002,Coffee Shop,35.9972702667,-115.124693
4003,Hospital,36.1329877259,-115.1357746124
4004,Bar,36.0211716,-115.0863794833
4005,Mediterranean,36.0213328667,-115.0858739667
4006,Theatre,33.8115516167,-117.9198996667
4007,Live Music,33.8122873,-117.9169240167
4008,Candy Store,33.8090407848,-117.9226487875
4009,Other - Architecture,33.9285125602,-118.2803320885
4010,Castle,37.765060483,-122.255889583
4011,Sandwich Shop,37.4444103998,-122.1631415289
4012,Bakery,37.7634488667,-122.4662541167
4013,Mediterranean,37.7563627,-122.25008995
4014,American,37.5177486667,-122.5127583167
4015,Vineyard,38.489439029,-122.4482703209
4016,Other - Food,37.8704327857,-122.2996042808
4017,Burgers,37.7644043058,-122.2433520136
4018,Starbucks,37.75701705,-122.2529167333
4019,Beach,37.7558756,-122.2550918167
4020,Pizza,37.8342256147,-122.2920048237
4021,American,37.7747598367,-122.4225614061
4022,Asian,37.7635918,-122.2432994167
4023,Grocery,37.8700504167,-122.30105635
4024,Cineplex,38.7501093667,-121.2474130667
4025,Pan Pacific,37.8336748342,-122.2930347919
4026,Walmart,33.8296170167,-118.09154685
4027,Toys & Games,33.8297525833,-118.0863605
4028,Wings,33.8591923333,-118.0902318
4029,Sports Bar,33.8309347833,-118.0882543
4030,Regional / State Park,32.9208151667,-117.2527688
4031,Five Guys Burgers and Fries,33.8597075833,-118.0897823667
4032,Fine Dining,34.1430976064,-118.1314104795
4033,Thrift Store,34.1594648333,-118.1672385833
4034,Trader Joe's,34.1524893,-118.07849395
4035,Gate,37.6136224215,-122.3850543792
4036,Steakhouse,34.1459597013,-118.1425176757
4037,In-N-Out Burger,34.1497695833,-118.1071736667
4038,Mexican,34.1502532959,-118.0823287964
4039,Mediterranean,34.145773,-118.1235715667
4040,Asian,34.1453979333,-118.1504283167
4041,Whole Foods,34.1505378,-118.0719343333
4042,Mexican,34.0974976833,-118.2751337333
4043,Whole Foods,34.1379489031,-118.147248751
4044,Other - Nightlife,32.7091952667,-117.1604331333
4045,American,32.7484529833,-117.16228045
4046,American,32.7614409667,-117.1467179833
4047,Farmers Market,34.1608599333,-118.0935651
4048,Other - Airport,33.9504564667,-118.3928676833
4049,American,34.15072605,-118.07713245
4050,Sonic,34.1390875667,-117.9825827833
4051,Cineplex,34.1451887255,-118.1436252594
4052,Modern Hotel,33.9464661765,-118.3850455284
4053,Modern Hotel,33.9867692035,-117.372223419
4054,Coffee Bean and Tea Leaf,33.98287315,-117.3743592
4055,Trader Joe's,34.10732605,-117.7219763667
4056,Costco,34.0830180667,-117.69055945
4057,Grocery,34.1209794667,-117.7062876667
4058,Garden,34.112021,-117.7143686167
4059,Plaza / Square,34.0956465333,-117.7183549167
4060,Starbucks,34.1073279167,-117.6656471
4061,Bakery,34.1289212333,-117.8496791833
4062,Grocery,34.1076314167,-117.7299505833
4063,Target,34.0897737,-117.6906991167
4064,Starbucks,34.0810886333,-117.7191854333
4065,Burgers,34.0926686593,-117.6704835892
4066,Mall,34.0873375556,-117.6931965351
4067,Gas & Automotive,34.0777873993,-117.5484055281
4068,City Park,34.03394875,-118.7040147167
4069,Garden,34.10835671,-117.71452653
4070,Starbucks,34.107452631,-117.7042257786
4071,Other - Architecture,32.9404776167,-116.8543223167
4072,Gas & Automotive,35.2642918167,-116.0760057667
4073,Other - Zoo,36.1273725078,-115.1684224606
4074,Sushi,36.1248247301,-115.1691305637
4075,Big Blue Wet Thing,36.1265616667,-115.16688625
4076,Burgers,36.1276506167,-115.16824455
4077,Ultra-lounge,36.1253273595,-115.1656866074
4078,Other - Entertainment,36.1243567619,-115.1687979698
4079,American,36.12412852,-115.17054337
4080,Pool / Waterpark,36.1240892122,-115.171577785
4081,Mexican,36.1243451945,-115.1678464291
4082,Convention Center,36.1222400854,-115.1652428996
4083,Steakhouse,36.12170767,-115.17616945
4084,Convention Center,36.1310467083,-115.1509237289
4085,Other - Shopping,36.14397605,-115.1579472
4086,Casino,36.1431471333,-115.15733305
4087,Casino,36.1017191333,-115.20109445
4088,Asian,36.1049943008,-115.207464695
4089,Luxury Hotel,36.1140694238,-115.1985919476
4090,Casino,36.1150314814,-115.1719307899
4091,Other - Nightlife,36.1140365601,-115.1724090576
4092,Asian,36.1250106333,-115.20594665
4093,Modern Hotel,36.0583279832,-115.144765377
4094,Modern,36.0707733083,-115.1017534733
4095,Historic Landmark,36.0820877667,-115.1727563
4096,Other - Shopping,36.1037445068,-115.172996521
4097,Mexican,36.104153477,-115.1734958589
4098,American,36.1033262,-115.17284744
4099,Women's Apparel,36.1028917203,-115.1728954087
4100,Candy Store,36.1032519653,-115.1724994183
4101,Arcade,36.10222955,-115.1726934333
4102,Diner,36.1042498116,-115.1727399767
4103,Accessories,36.107724749,-115.1750314236
4104,Dancefloor,36.1139827514,-115.1758253574
4105,Dancefloor,36.1100737252,-115.1716303825
4106,Hot Dogs & Sausages,36.10898159,-115.1724886894
4107,Asian Food,36.10964034,-115.1716089249
4108,Mexican,36.1109751587,-115.1725852489
4109,French,36.1126046468,-115.1725155115
4110,Casino,36.1139047461,-115.1710295677
4111,Ultra-lounge,36.1137660699,-115.1744627953
4112,Diner,36.1149209753,-115.1719039679
4113,Ultra-lounge,36.1150574828,-115.1717698574
4114,Asian,36.117163567,-115.1755785942
4115,Italian,36.1191395946,-115.1715445518
4116,Burgers,36.1163880886,-115.1723716538
4117,Mexican,36.1171028987,-115.1741945744
4118,Steakhouse,36.1178290804,-115.1729658247
4119,Performing Arts,36.120222922,-115.1749885082
4120,Women's Apparel,36.1190490226,-115.1726437067
4121,Casino,36.1194949276,-115.1716196537
4122,Other - Entertainment,36.1185681978,-115.1731519221
4123,Coffee Shop,36.1232994903,-115.1688194275
4124,American,36.118289465,-115.1728758182
4125,Men's Apparel,36.1189835942,-115.1743984222
4126,Other - Shopping,36.1190436173,-115.1726675109
4127,Drugstore & Pharmacy,36.1196887212,-115.1725922386
4128,Sports Bar,36.12132745,-115.17253464
4129,Chipotle,36.12023484,-115.17173963
4130,Diner,36.1208252456,-115.1719307899
4131,Other - Nightlife,36.1079188791,-115.1727085718
4132,American,36.10142248,-115.17205113
4133,Casino,33.456579693,-117.1060073376
4134,Modern Hotel,36.6005910667,-121.8949915
4135,Coffee Shop,36.5998932003,-121.8948847624
4136,Corporate Office,36.6012747833,-121.894508
4137,Luxury Hotel,36.6013977,-121.8941956667
4138,Pub,36.6000941659,-121.8947052956
4139,Beach,36.6014033744,-121.8882036209
4140,Pub,36.6010768833,-121.8901065667
4141,Mall,36.1140434221,-115.1743555069
4142,Asian Food,36.1260244833,-115.1979482667
4143,Trade/Tech School,36.0396476292,-115.028834939
4144,Starbucks,36.05677485,-115.24223825
4145,Dancefloor,36.1072046709,-115.1781535149
4146,Breakfast,36.0711982359,-115.2433633804
4147,Coffee Shop,36.0700314667,-115.22453015
4148,Bakery,36.0956516667,-115.2967965333
4149,Other - Shopping,36.118918594,-115.173202157
4150,Casino,36.1100464941,-115.1704069254
4151,Tea Room,36.1263480048,-115.19785916
4152,Sandwich Shop,36.1142205833,-115.3085805667
4153,Wings,36.0549191333,-115.2815140167
4154,Theatre,36.1104786085,-115.1695998311
4155,Sports Bar,36.1100544184,-115.1696615977
4156,Other - Nightlife,36.1093385274,-115.1703137182
4157,H&M,36.110840741,-115.1696262484
4158,Mexican,36.1105591138,-115.1689267159
4159,Walmart,36.1243485233,-115.2447162851
4160,Asian,36.0453690167,-115.2437206167
4161,Grocery,36.0998988863,-115.2254419368
4162,Dancefloor,36.1107769,-115.1571502
4163,Luxury Hotel,36.1361851012,-115.151706934
4164,Gas & Automotive,36.11530125,-115.27110898
4165,Grocery,36.0421270663,-115.2432966637
4166,Fine Dining,36.11836832,-115.17536056
4167,In-N-Out Burger,36.0408408667,-115.1913230667
4168,Casino,36.1143381077,-115.1949763298
4169,Gas & Automotive,36.09937575,-115.2245364333
4170,Theatre,36.1147606114,-115.1951246571
4171,Ultra-lounge,36.1144247798,-115.1941823959
4172,Ultra-lounge,36.1148761833,-115.1938542167
4173,Walmart,36.06197565,-115.25021708
4174,Corporate Office,36.0748477333,-115.2408922833
4175,Burgers,36.10391056,-115.17855667
4176,Brewery / Microbrewery,36.1593930167,-115.3322274667
4177,Ultra-lounge,36.1072208,-115.1762799
4178,Fountain,36.1072913508,-115.1757502556
4179,Costco,36.1618865,-115.3331326333
4180,Italian,36.1597084333,-115.3314578
4181,Pool / Waterpark,36.1066244917,-115.1676831292
4182,Technology,37.6871614883,-121.8964399738
4183,Peet's Coffee,37.7079812667,-121.8725433333
4184,BBQ,37.7079570667,-121.8738461167
4185,Other - Travel & Lodging,37.7704773333,-122.4207097167
4186,Modern,37.7704315496,-122.4217835231
4187,Pizza,37.77035295,-122.4222669333
4188,Sushi,37.7710984939,-122.4239051342
4189,Diner,37.7713380749,-122.4238085747
4190,Bar,37.7721649417,-122.4227571487
4191,Coffee Shop,37.774333109,-122.4240019491
4192,Sushi,37.7040936,-121.8852639333
4193,Mexican,37.7034581333,-121.88519195
4194,Burgers,37.7045631333,-121.8853068333
4195,Asian,37.7039676,-121.8850523333
4196,Other - Food,37.70393405,-121.88465465
4197,Barnes & Noble,37.7050798333,-121.8844158167
4198,Starbucks,37.7039770167,-121.8846260333
4199,Best Buy,37.7040595667,-121.8838870833
4200,Historic Landmark,37.6879709883,-121.8959639779
4201,Starbucks,37.7050931833,-121.8844413667
4202,Other - Art & Culture,37.6881965167,-121.89648545
4203,Burgers,37.6967606333,-121.8872407333
4204,Sandwich Shop,37.6922488833,-121.90227815
4205,American,37.6928089,-121.9030788667
4206,Historic Landmark,37.6881589167,-121.8966114333
4207,Mexican,37.7120223667,-121.9269730833
4208,Zoo,37.6881789333,-121.89653475
4209,Italian,37.704433,-121.88739525
4210,Playground,37.7801963167,-121.245134
4211,Other - Architecture,37.7349886333,-121.62652225
4212,Bank & Financial,37.6907133333,-121.9030970833
4213,Sports & Outdoors,37.6880584833,-121.8966146667
4214,Castle,37.7791137167,-121.2515659333
4215,Grocery,37.706302533,-121.8739677615
4216,Peet's Coffee,37.6765800667,-121.8967652167
4217,Sports & Outdoors,37.6884129667,-121.8962505333
4218,Train Station,37.79860925,-121.2637389333
4219,Seafood,38.5811087684,-121.506986618
4220,Other - Food,37.3301267624,-121.8945229053
4221,Other - Architecture,33.81737975,-117.9187661
4222,Grocery,37.6996468,-121.9066351333
4223,Subway,37.7016190689,-121.899407208
4224,Gas & Automotive,37.7047640738,-121.8875706196
4225,Mexican,37.7003295333,-121.901723
4226,Starbucks,37.7024782833,-121.93372805
4227,Other - Shopping,37.7052333775,-121.8852691546
4228,American,37.7019412167,-121.8823980333
4229,Steakhouse,37.70313018,-121.88337546
4230,Bookstore,37.7005240157,-121.8849152327
4231,Gate,37.7107433,-122.2121874333
4232,Starbucks,37.7276527134,-122.475858769
4233,Gate,37.6180325108,-122.3864568419
4234,Beach,37.7143293667,-122.5025108167
4235,Scenic Lookout,37.7549350167,-122.4465537
4236,Historic Landmark,37.7355066333,-122.5030088833
4237,Beach,37.7350025333,-122.5072093333
4238,Big Blue Wet Thing,37.7699389333,-122.5112482833
4239,Beach,37.7724182,-122.5103711
4240,Other - Architecture,37.7783989833,-122.51425265
4241,Beach,37.7744946986,-122.5112384289
4242,Light Rail,37.7352488167,-122.4714859167
4243,Pizza,37.73664885,-122.4704274667
4244,Pizza,37.7401447167,-122.46671165
4245,Other - College & Education,37.7795673667,-122.4141221667
4246,Light Rail,37.7409750637,-122.4657583237
4247,Breakfast,37.7405189333,-122.46592425
4248,Bookstore,37.74013285,-122.4668284833
4249,Condo,37.7509557833,-122.4209526167
4250,Coffee Shop,37.7572326003,-122.4212050469
4251,Coffee Shop,37.759211314,-122.4214405765
4252,Thrift Store,37.7628430333,-122.4216305333
4253,Other - Food,37.7634972225,-122.4218559265
4254,Furniture,37.7641757499,-122.4217057228
4255,Dive Bar,37.755973633,-122.4187338352
4256,Lake & Pond,37.768560583,-122.4768304825
4257,Gallery,37.7700023476,-122.4469506741
4258,Coffee Shop,37.7700403161,-122.4467090212
4259,Duplex,37.7675598123,-122.4357926846
4260,Mexican,37.7720801353,-122.4370479584
4261,Saloon,37.7733344833,-122.42141225
4262,Other - Shopping,37.7673564667,-122.4289272
4263,Apartment,37.7756928026,-122.3942506313
4264,American,37.779944,-122.3900411
4265,Sculpture,37.7797805333,-122.3893295333
4266,Historic Landmark,37.7807934,-122.3883074167
4267,Courthouse,37.7760461902,-122.4047271256
4268,Gym,37.7686321833,-122.40608715
4269,Discount Store,37.7302643,-122.4292527167
4270,Government,37.6890929012,-122.472871542
4271,Corporate Office,37.6294087333,-122.4251138167
4272,Rental Car,37.6291812,-122.40319997
4273,Bookstore,37.6145906158,-122.3855110489
4274,Gate,37.6178815539,-122.3852186987
4275,Seafood,37.6183758325,-122.3868614164
4276,City Park,33.734047739,-117.7847671509
4277,American,33.8033962221,-117.9105885712
4278,Asian,33.8033967,-117.9106743
4279,Warehouse & Industrial,33.7137179,-117.8437714
4280,Grocery,33.724089807,-117.7720963955
4281,Diner,33.7589916667,-117.82860865
4282,Grocery,33.7425719833,-117.8158133167
4283,Grocery,33.7292919891,-117.7898311615
4284,Shoes,33.7249375254,-117.7882111073
4285,Krispy Kreme,33.7834369,-117.8902588833
4286,Modern,33.77746295,-117.8188464667
4287,FedEx Office,33.7451698167,-117.8161757333
4288,Gas & Automotive,33.7304073387,-117.7877926826
4289,Bank & Financial,33.72291135,-117.7709844
4290,Drugstore & Pharmacy,33.7228048284,-117.770690918
4291,Other - Food,33.8777631667,-117.9627319
4292,Seafood,33.7296310569,-117.7868163586
4293,Gas & Automotive,33.7224568101,-117.7717530727
4294,Racetrack,34.13998185,-118.0442104167
4295,Costco,33.7001271459,-117.8228008747
4296,Drugstore & Pharmacy,33.7306393296,-117.7886939049
4297,Costco,33.8623474167,-117.92227775
4298,Bakery,33.6956067667,-117.8904913167
4299,Stadium,33.8078217488,-117.8766059875
4300,Luxury Hotel,34.0523142343,-118.2502122954
4301,Trader Joe's,33.7495355584,-117.8097438812
4302,Pizza,33.8033974167,-117.9105949333
4303,Regional / State Park,33.79676683,-117.7541899681
4304,Coffee Shop,33.7417473904,-117.8196412325
4305,Other - Parks,33.6765138833,-117.7652055167
4306,Chipotle,33.7234205497,-117.7715089917
4307,Mexican,33.7852735499,-117.8914010525
4308,Brewery / Microbrewery,33.6980116848,-117.8286480904
4309,Dog Park,33.7860995,-117.8283399167
4310,Mexican,33.74071265,-117.8199950167
4311,Diner,33.5418188833,-117.7835287667
4312,American,33.7286227724,-117.7878141403
4313,Sandwich Shop,33.78275385,-117.8680214667
4314,American,34.1583924333,-118.1322311167
4315,Gas & Automotive,33.7255609167,-117.7955278167
4316,Mexican,33.7229453739,-117.7939510345
4317,Sushi,33.7403466941,-117.8238737583
4318,Apple Store,33.6917185496,-117.8928923607
4319,Other - Travel & Lodging,33.8265395,-118.1145071833
4320,Target,33.8249540505,-117.8345918655
4321,High School,33.7178075065,-117.7821278572
4322,American,33.8329106,-117.9282079167
4323,Corporate Office,33.6830673218,-117.8450088501
4324,Other - College & Education,33.7942974833,-117.7671908167
4325,Frozen Yogurt,33.7275810146,-117.7864891291
4326,American,33.8723720333,-117.9250458
4327,Mexican,33.6712734358,-117.8457168662
4328,Hospital,33.8041844816,-118.066431284
4329,Fountain,33.7878131167,-117.8531228167
4330,Modern Hotel,33.8113784667,-118.13739365
4331,Mall,33.6976367875,-117.8278970718
4332,AMC Theatre,33.6967977258,-117.8288519382
4333,Mall,33.6785103939,-117.886621356
4334,Mall,33.7230903809,-117.7924919128
4335,Farmers Market,33.7251070681,-117.7907109261
4336,Sushi,33.6981991328,-117.8275537491
4337,Mall,33.7644195,-118.1937832333
4338,American,33.763815012,-118.1943838474
4339,Five Guys Burgers and Fries,33.810033321,-117.836724768
4340,High School,33.77006477,-117.80125981
4341,Mall,33.7471715272,-118.012368679
4342,Other - Art & Culture,33.6664253188,-117.9012823105
4343,Other - Shopping,33.6647069333,-117.89770775
4344,Bookstore,33.9122127667,-117.88091975
4345,Starbucks,33.87496115,-117.8901739167
4346,Chipotle,33.8744775727,-117.8900760412
4347,Vegetarian / Vegan,33.6498013955,-117.8380175697
4348,Peet's Coffee,33.6497347474,-117.8380603372
4349,Mall,33.8051544,-117.9155133
4350,Campus Commons,33.6463904333,-117.8360859667
4351,Pizza,34.0625189667,-118.4470421
4352,Luxury Hotel,34.0601614817,-118.4373807907
4353,Sushi,34.0709608838,-118.4040448252
4354,Disneyland Resort,33.8121804,-117.91699985
4355,Starbucks,33.8740131125,-117.9242723004
4356,Performing Arts,36.1062425175,-115.1772844791
4357,Sandwich Shop,36.1242284167,-115.3256692
4358,Cineplex,36.1548641796,-115.3353309631
4359,Asian,36.1612942333,-115.3314506667
4360,Historic Landmark,33.8119789333,-117.9173748
4361,Pub,36.1017375333,-115.2044350667
4362,Italian,36.0865366459,-115.3076398373
4363,Target,36.1141734306,-115.3114807606
4364,Bus Station,33.80007655,-117.9118526
4365,Coffee Bean and Tea Leaf,34.09535515,-117.7194608833
4366,Library,34.0959764,-117.71576905
4367,Arts,34.0923425,-117.694607
4368,McDonald's,34.0879666333,-117.6890381167
4369,Chick-fil-A,34.0020595,-117.7275273333
4370,City Park,34.1533251,-117.6095257
4371,Chick-fil-A,34.1336809333,-117.63656665
4372,Grocery,34.0350712603,-117.6890918685
4373,Grocery,34.0950091123,-117.7193732991
4374,Gas & Automotive,34.08422715,-117.69039825
4375,Grocery,34.1108629646,-117.7614748478
4376,Chick-fil-A,34.06837405,-117.55649645
4377,McDonald's,34.0284984833,-117.6501196
4378,Light Rail,34.0939033667,-117.7164422167
4379,Grocery,34.0333375,-117.66976065
4380,In-N-Out Burger,34.0685574833,-117.5570771167
4381,Chick-fil-A,34.1070028667,-117.5393548167
4382,Fine Dining,34.1118578529,-117.5353646278
4383,Other - Food,34.0963660333,-117.7115975333
4384,Modern Hotel,34.1428178987,-118.1412112713
4385,Convention Center,34.1442654409,-118.1430538429
4386,In-N-Out Burger,34.0325366833,-117.6675640833
4387,Mall,34.84649398,-117.0856332779
4388,Trader Joe's,33.7907277,-118.3307553667
4389,Whole Foods,33.7920262167,-118.3311586333
4390,Asian,33.8021877479,-118.3280183234
4391,Pizza,33.7941528333,-118.3293184167
4392,Cineplex,33.7716148,-118.3729711167
4393,Mexican,33.7930268667,-118.3310801167
4394,Asian,33.99360565,-117.90323015
4395,Pizza,33.9778645667,-118.4376989333
4396,In-N-Out Burger,33.80268975,-118.32829015
4397,Costco,33.8047772151,-118.3353538463
4398,Church,33.76265745,-118.3698030833
4399,Asian,33.8576956167,-118.0804187667
4400,Best Buy,33.85055649,-118.1342343
4401,Asian,34.0389796,-118.4428303667
4402,Plaza / Square,34.06535785,-118.2371902
4403,Grocery,33.832146455,-118.2794415951
4404,Target,33.8527488532,-118.1402564049
4405,Bookstore,33.76431245,-118.1919537167
4406,Plaza / Square,34.0484192192,-118.2529306412
4407,Gallery,34.0470909,-118.2503059833
4408,AMC Theatre,33.8726291,-118.3534236
4409,Trader Joe's,34.0336031167,-118.4493138667
4410,Peet's Coffee,33.79215555,-118.3309041667
4411,Performing Arts,33.8031126833,-117.88612225
4412,Gas & Automotive,33.7859378833,-118.1377128167
4413,Mall,34.14581025,-118.1424897
4414,Starbucks,34.1456770899,-118.1416511536
4415,In-N-Out Burger,33.83189545,-117.8356095167
4416,Mexican,34.14691775,-118.1479294333
4417,Shoes,34.1455261412,-118.1427240372
4418,Other - Architecture,33.8833670246,-118.4146463871
4419,Beach,33.8402914833,-118.3915096
4420,Historic Landmark,34.0094696708,-118.4973201156
4421,Gas & Automotive,33.805667967,-118.33281335
4422,Starbucks,34.0767224,-118.3836584833
4423,Bank & Financial,34.02202606,-118.3966041667
4424,Convention Center,34.0426141541,-118.2696247101
4425,AMC Theatre,33.7924556,-118.3287206
4426,Asian,33.8371461667,-118.3548527667
4427,Burgers,33.789108717,-118.3163643
4428,Stadium,33.6378911997,-117.7504241467
4429,Burgers,33.83715343,-118.35545164
4430,Best Buy,33.8052007924,-118.3497691154
4431,Costco,32.9885630373,-117.0770284459
4432,Mall,34.2520361,-117.1889108667
4433,Nordstrom,32.7684203167,-117.16929285
4434,Toys & Games,36.1185620183,-115.177520607
4435,American,36.1186607825,-115.1781269785
4436,American,36.080979607,-115.1465034485
4437,Other - Food,38.5766029333,-121.4796280833
4438,Target,32.9805611532,-117.0602703094
4439,In-N-Out Burger,32.9813919067,-117.0777206421
4440,Nordstrom,33.0706202811,-117.0662414378
4441,Best Buy,32.97962805,-117.0838304667
4442,Sushi,33.0236602,-117.0813888
4443,Bakery,32.9851834167,-117.0765236167
4444,Barnes & Noble,32.9164132956,-117.1194183826
4445,Burgers,32.9148551618,-117.1187317371
4446,Starbucks,32.9154743656,-117.1207326651
4447,Mexican,32.9167110667,-117.1198331167
4448,Best Buy,32.9177636333,-117.1196226833
4449,High School,32.911522645,-117.1405756474
4450,Corporate Office,32.89149647,-117.13251191
4451,High School,32.8609610928,-117.2050130367
4452,Bookstore,32.9801641333,-117.0836710167
4453,Modern Hotel,32.7074695029,-117.1597480774
4454,American,32.7091757173,-117.1608424187
4455,Modern Hotel,32.7094555694,-117.1591258049
4456,Ultra-lounge,32.7095025667,-117.1589461333
4457,Mexican,32.7108638443,-117.160037756
4458,Burgers,32.7111166093,-117.160230875
4459,Pizza,32.711509789,-117.1595923334
4460,Ultra-lounge,32.7092930747,-117.1584391594
4461,Dive Bar,32.71051515,-117.1589913167
4462,Sports Bar,32.7115851,-117.1601436833
4463,Grocery,32.7121096074,-117.1518945694
4464,Sports Bar,32.7116411333,-117.1560452333
4465,Sports Bar,32.7103538,-117.1555032167
4466,Pizza,32.7095007068,-117.1558105946
4467,Condo,32.7089319743,-117.1551024914
4468,Ultra-lounge,32.74854035,-117.1272910667
4469,Big Blue Wet Thing,32.7261541167,-117.17407695
4470,Starbucks,33.0163446871,-117.110957764
4471,Gas & Automotive,33.0149254,-117.11117745
4472,Modern Hotel,32.7085799001,-117.1587610245
4473,Luxury Hotel,32.70700025,-117.1589318667
4474,Subway,32.7082458796,-117.15898633
4475,Mexican,32.7083782167,-117.16024815
4476,Bar,32.70827345,-117.1601556167
4477,Historic Landmark,32.7113895167,-117.1564117
4478,BBQ,32.70626875,-117.1574724667
4479,Karaoke,32.7121656833,-117.1611294833
4480,Brewery / Microbrewery,32.7125751833,-117.1607351167
4481,Dive Bar,32.7125506,-117.1611782667
4482,Other - Parks,32.7088791132,-117.1564596891
4483,Grocery,32.7095139167,-117.1563584
4484,Light Rail,32.708995167,-117.1635782719
4485,American,33.0725479126,-117.0665817261
4486,Brewery / Microbrewery,33.0701658667,-117.0686924167
4487,Sports Bar,32.71060353,-117.15954482
4488,The Home Depot,33.2508129248,-117.266346674
4489,Mexican,33.016340356,-117.1109525988
4490,Mexican,32.9582377667,-117.2651537667
4491,Racetrack,32.97357555,-117.2598732833
4492,Racetrack,32.9768627667,-117.2569097
4493,Science Museum,37.81828405,-122.1806282333
4494,Pizza,37.8106815167,-122.2448322667
4495,Planetarium,37.8785803,-122.24708055
4496,University,37.8729563477,-122.2519111633
4497,Wine Bar,37.7523251496,-122.4208962831
4498,Library,37.7635396306,-122.4592351913
4499,Garden,37.7689527167,-122.4673182167
4500,Library,37.7749466,-122.4523381167
4501,University,37.7782120861,-122.4504519374
4502,Library,37.78,-122.42
4503,College,37.7805094177,-122.4132728577
4504,Historic Landmark,37.377421442,-122.0663774014
4505,Condo,37.3718229,-122.063781367
4506,Toys & Games,37.36556335,-122.0312430667
4507,Four Seasons,37.4599560092,-122.1420478821
4508,Italian,37.4599049113,-122.1418762207
4509,Corporate Office,37.4448380124,-122.1610271931
4510,Theatre,37.4451446613,-122.1626150608
4511,Corporate Office,37.4215375406,-122.2057342529
4512,Lab,37.4203562667,-122.2046399
4513,Sculpture,37.5384700167,-122.3635768833
4514,Other - Architecture,37.5314503676,-122.3589205742
4515,Corporate Office,37.6278281232,-122.4270486832
4516,Diner,39.5234218667,-122.2120674167
4517,Brewery / Microbrewery,38.3620687,-121.9658649
4518,American,38.3606713711,-121.9676613808
4519,Starbucks,38.364520669,-121.9631391764
4520,Starbucks,38.34986867,-121.9770383835
4521,Sonic,38.3489178878,-121.9868552685
4522,Modern Hotel,38.3697834174,-121.9550884151
4523,Hospital,38.38662266,-121.93353569
4524,Trader Joe's,37.9956331868,-122.2858661875
4525,Peet's Coffee,37.9955621,-122.2863993
4526,Mall,37.9781854765,-122.3274645654
4527,Mall,37.8986385392,-122.3077440262
4528,Trade/Tech School,37.8473414483,-122.2958564758
4529,Apparel,37.8373502,-122.2930176
4530,Starbucks,37.8367032667,-122.2948357833
4531,Mall,37.8359271762,-122.295485589
4532,Corporate Office,37.7468003333,-122.20328085
4533,College,37.7964659833,-122.2629358833
4534,Luxury Hotel,37.7935213832,-122.2670787617
4535,American,37.8396677833,-122.2952446167
4536,Dog Park,37.9037241833,-122.3198903667
4537,Starbucks,38.0209489667,-122.26125265
4538,Bridge,38.06910905,-122.2264479
4539,Theme Park,38.1380064254,-122.2310730821
4540,Contemporary Church,38.3527966641,-121.9782292843
4541,Library,38.2179204,-122.1445877167
4542,Other - Food,38.3645663423,-121.9598722458
4543,Mall,38.3700643667,-121.9608795833
4544,Bakery,38.3680993962,-121.9625973701
4545,Costco,38.351324268,-121.9804608822
4546,Historic Landmark,38.5826975167,-121.50656595
4547,Burgers,38.5822320791,-121.5045250637
4548,Other - Shopping,38.58266615,-121.50665664
4549,Luxury Hotel,38.5798339313,-121.5067720413
4550,Cineplex,38.581670696,-121.5011823177
4551,Starbucks,38.5812177995,-121.5017724037
4552,24 Hour Fitness,38.5808487706,-121.497759819
4553,Starbucks,38.57158885,-121.4881367833
4554,City Park,38.5711293667,-121.4888868667
4555,Other - Parks,38.5759839167,-121.4906507167
4556,Monument,38.5754864667,-121.4903596167
4557,Italian,38.5727320891,-121.4876198107
4558,Castle,38.611084033,-121.500709433
4559,Women's Apparel,38.36679235,-121.95320855
4560,Other - Shopping,38.3662645468,-121.9545830729
4561,Accessories,38.3663829667,-121.95375575
4562,Men's Apparel,38.3662094833,-121.9554013333
4563,Accessories,38.3682635,-121.9536793833
4564,Nike,38.36866915,-121.9549726833
4565,Mall,38.3649913667,-121.9555518667
4566,Hospital,38.27130252,-121.9662286
4567,Science Museum,33.7713851833,-117.86840955
4568,In-N-Out Burger,33.8441479667,-117.5366283833
4569,Brewery / Microbrewery,33.82447965,-117.5172140333
4570,In-N-Out Burger,33.5149401167,-117.1591989333
4571,Chick-fil-A,33.5265931,-117.14935575
4572,Sandwich Shop,33.5225853,-117.1583829333
4573,Walmart,33.4824001703,-117.093810955
4574,Crafts & Creative,33.52772315,-117.1512502167
4575,Aquarium,33.7614989167,-118.1968482
4576,Seafood,33.7619595667,-118.1931326
4577,Sonic,33.55631715,-117.15903175
4578,Zoo,33.09963225,-117.0015046833
4579,Beach,33.5743386879,-117.8407904506
4580,Mall,33.5249928547,-117.1539974213
4581,American,33.5233650241,-117.1525490284
4582,Costco,33.5207195667,-117.1551956833
4583,Mall,35.6074696371,-115.3882455826
4584,Other - Food,35.6092912,-115.3882218
4585,Trader Joe's,36.0008961333,-115.10911955
4586,Urban Outfitters,36.1110271642,-115.1722741127
4587,Other - Food,36.1179089166,-115.1863718033
4588,Other - Entertainment,36.1215488944,-115.172778368
4589,National Park,36.0206887167,-114.7958825667
4590,Mall,33.9271327256,-116.8133676052
4591,American,33.8113517333,-117.9189081667
4592,In-N-Out Burger,33.8742248667,-117.8785102
4593,Asian Food,33.6960830688,-117.9541397095
4594,Mexican,33.8032840557,-118.0286979675
4595,Corporate Office,33.7641368167,-117.9980802833
4596,Coffee Shop,39.3257218333,-120.2108218
4597,Chipotle,38.5899034,-121.54971865
4598,Pet Store,33.8475426667,-117.9892720667
4599,Apartment,37.3975573,-122.09290175
4600,24 Hour Fitness,37.4049562779,-122.1083308487
4601,Corporate Office,37.4877332145,-122.2289568186
4602,Grocery,37.4028188,-122.0791214167
4603,Coffee Shop,37.3336274167,-121.8845236167
4604,Cineplex,37.4171218872,-121.8999481201
4605,Breakfast,37.35043394,-121.8987298
4606,Ice Cream,37.393302923,-122.0792846618
4607,Gas & Automotive,37.3805417875,-122.0718061924
4608,Mediterranean,37.3235923,-121.9350243667
4609,24 Hour Fitness,37.4027214847,-122.1094429493
4610,Walmart,37.4017243,-122.1086574667
4611,Student Center,37.3366164779,-121.8807677717
4612,Other - Food,37.40028275,-122.1111165167
4613,Grocery,37.4056195833,-122.1081883833
4614,Mexican,37.3409042358,-121.904335022
4615,Cineplex,37.4150876,-122.0804588667
4616,Thai,37.3943017,-122.0787845333
4617,Other - Food,37.39093835,-122.0949559167
4618,Corporate Office,37.3830784303,-122.0132924615
4619,Apartment,37.3408821518,-121.8949589335
4620,Indian,37.8612681129,-122.2981417179
4621,Indian,37.3785894554,-122.0711088181
4622,Breakfast,37.3917439333,-121.9769029167
4623,Sandwich Shop,37.3837045306,-121.9951129732
4624,Indian,37.4433342167,-122.1611767
4625,In-N-Out Burger,37.6006216167,-122.3821467
4626,Lake & Pond,37.4332951752,-122.0889616013
4627,Whole Foods,37.399343851,-122.1106136139
4628,Corporate Office,37.418250783,-121.953398183
4629,Coffee Shop,37.417995463,-121.953266857
4630,Technology,37.3822297891,-122.0017361641
4631,Frozen Yogurt,37.4436088667,-122.16070865
4632,American,37.418329575,-121.952271442
4633,Bakery,37.3881626833,-122.0826999667
4634,Chipotle,37.3708393039,-121.9169676304
4635,American,37.43268015,-122.0882751167
4636,McDonald's,35.6101556167,-115.3883729833
4637,Other - Shopping,36.013557617,-114.732134117
4638,Arcade,36.1001262243,-115.174674953
4639,Performing Arts,36.10230147,-115.17118048
4640,Scenic Lookout,36.1467344333,-115.1561118167
4641,Historic Landmark,35.6004436,-115.394421709
4642,Chipotle,34.8528383167,-117.0828739667
4643,Grocery,37.3884805814,-122.0298417158
4644,Corporate Office,37.41725158,-122.02543765
4645,Indian,37.3800191667,-121.9949683
4646,Mexican,37.3325672,-121.88467305
4647,Conference,37.7832737417,-122.4024689198
4648,Chipotle,37.3678761103,-122.0364876942
4649,University,37.3352243593,-121.8809509277
4650,Starbucks,37.4153351667,-121.8991470333
4651,Diner,37.3749408333,-122.03559065
4652,Indian,37.7570284918,-122.4212173826
4653,Shoes,36.16417074,-115.15797466
4654,Pool / Waterpark,36.1224675288,-115.1697099209
4655,Other - Architecture,36.17024035,-115.1436783833
4656,Casino,36.1714169165,-115.1452803612
4657,Casino,36.1710444967,-115.1445937157
4658,Casino,36.1707651807,-115.1438936591
4659,Casino,36.12123578,-115.17213577
4660,Pool / Waterpark,36.1207391,-115.1761899667
4661,American,36.1188304424,-115.1772844791
4662,Women's Apparel,36.1195312848,-115.1771885185
4663,Aquarium,36.11890995,-115.17691195
4664,Breakfast,36.12049436,-115.1722939
4665,Casino,36.110186405,-115.1745164394
4666,Mall,36.11150592,-115.17318469
4667,Other - Food,37.5893713167,-122.0216954167
4668,24 Hour Fitness,37.6535750667,-122.09112855
4669,College,37.7809085167,-122.2809802
4670,Cineplex,37.6724440891,-122.0805235789
4671,Starbucks,37.5883036333,-122.0661767667
4672,Arcade,37.4171158,-121.8997899
4673,Nike,37.4153522263,-121.8955925356
4674,American,37.6535125,-122.1063444333
4675,Fine Dining,37.6735550333,-122.0820625
4676,Bridge,37.6005143333,-122.2107891333
4677,Walmart,37.6041499667,-122.06778325
4678,Starbucks,33.5926658,-117.12379075
4679,Starbucks,34.0385819333,-118.4415582167
4680,Other - Parks,32.8709188833,-117.2094713
4681,Cineplex,33.5248989333,-117.1532591
4682,Starbucks,33.50545395,-117.14713045
4683,Starbucks,33.5045058167,-117.1514121667
4684,Starbucks,33.5289537833,-117.1555423667
4685,Burgers,33.5262047167,-117.1526786667
4686,BBQ,33.5257103167,-117.1524408167
4687,Barnes & Noble,33.5279781,-117.1552503
4688,Sandwich Shop,33.5261867535,-117.1489205354
4689,Other - Food,33.5250286309,-117.1586215496
4690,Steakhouse,33.5633453343,-117.2090148926
4691,Toys & Games,33.5249213024,-117.1540403366
4692,Other - Art & Culture,37.8680754333,-122.2659553333
4693,City Park,37.8059016961,-122.3241913319
4694,Arcade,37.4127293068,-122.0781292593
4695,Starbucks,37.8002582584,-122.2739023532
4696,Starbucks,37.8687833604,-122.267839654
4697,Bakery,37.8437068675,-122.2519433498
4698,Cineplex,37.8684655,-122.2668403667
4699,Coffee Shop,37.8437869167,-122.2517096333
4700,Subway,37.6845518333,-122.4661343333
4701,Gate,37.6205999167,-122.3898230167
4702,Gate,37.6210640719,-122.389755249
4703,Subway,37.6643753333,-122.44376685
4704,City Park,37.7238095104,-122.4456954002
4705,REI,37.8790842333,-122.2958876333
4706,Special Event,37.5447462333,-122.3025357333
4707,Other - Parks,32.697730183,-117.1698006
4708,Seafood,32.6986670851,-117.1687924862
4709,Health & Fitness,32.6875513667,-117.1784908833
4710,Grocery,32.6876606167,-117.1790503
4711,American,32.7075444316,-117.1601532503
4712,Sports Bar,32.7033205333,-117.1590827833
4713,Frozen Yogurt,32.7076372167,-117.1602407333
4714,Luxury Hotel,32.708357546,-117.161229875
4715,Breakfast,33.2085132872,-117.2809410095
4716,Grocery,33.2072745029,-117.2831726074
4717,Pizza,33.2062511462,-117.2873675823
4718,Castle,33.2097816833,-117.2873266333
4719,Burgers,33.2083570141,-117.2850205506
4720,Drugstore & Pharmacy,33.2084235208,-117.2842884064
4721,Starbucks,33.2073183153,-117.2848314869
4722,Shoes,33.071586,-117.06660785
4723,Women's Apparel,33.071983182,-117.066921461
4724,Pizza,33.8221031167,-116.54730065
4725,Mexican,33.8221929333,-116.5469223333
4726,Bar,33.8196867192,-116.5468524188
4727,Starbucks,33.8229263427,-116.5470403433
4728,Pizza,33.8233476835,-116.5467620925
4729,Mexican,33.8206133601,-116.5465950966
4730,Coffee Bean and Tea Leaf,33.8232137899,-116.5466594696
4731,Diner,33.8229657167,-116.5431725167
4732,Other - Street Fare,33.8117680667,-117.9183781167
4733,Toys & Games,33.8116014,-117.9200138167
4734,Home,33.5556922937,-117.2099000216
4735,Corporate Office,33.5550306128,-117.2114015866
4736,Walgreens,33.5532603444,-117.1396529675
4737,Other - Entertainment,33.81002995,-117.91938715
4738,Other - Food,33.8057884167,-117.9200847667
4739,Starbucks,33.5555671215,-117.1992409229
4740,Fire Station,33.5556386485,-117.2119653225
4741,American,37.8703471833,-122.2665364333
4742,Mexican,37.8700959167,-122.3013454833
4743,Asian,37.8317061667,-122.2641197167
4744,Seafood,36.6167353333,-121.90013725
4745,Racetrack,36.5796262829,-121.7546510696
4746,Asian,34.1505416333,-118.2548179333
4747,Brewery / Microbrewery,34.14729702,-118.25627136
4748,Whole Foods,34.1510831,-118.2455633167
4749,Bakery,34.1504792833,-118.2552814
4750,American,34.1443571966,-118.2578576851
4751,Apple Store,34.1451801587,-118.258950098
4752,Mexican,34.1462543333,-118.1151317667
4753,Sandwich Shop,34.1702575267,-118.1164321919
4754,Tower,34.1557846449,-118.2554111566
4755,Bus Station,37.7122487,-122.2122091833
4756,Pizza,37.71034324,-122.21212446
4757,Bakery,34.1501398333,-118.2546641
4758,Beach,33.7390617333,-118.1060835667
4759,Bridge,33.6056676833,-117.8893455667
4760,American,34.1389985833,-118.21018135
4761,American,34.1449577839,-118.2549707165
4762,Asian,34.1494994833,-118.2552969
4763,Beach,33.8614094167,-118.4041895
4764,Breakfast,34.1558882333,-118.3461389
4765,Sushi,34.15189965,-118.0760899
4766,Asian,34.0622084398,-118.34133017
4767,Home,37.7675004441,-122.4245542288
4768,Breakfast,37.7680744319,-122.4246271714
4769,Burgers,37.7636244469,-122.4217164516
4770,Other - Shopping,37.7664805761,-122.424428165
4771,Bank & Financial,37.7752518292,-122.4188625813
4772,24 Hour Fitness,37.7667187,-122.4295427167
4773,Pizza,37.7646030144,-122.4230611038
4774,Dive Bar,37.7682808802,-122.424393842
4775,Modern Art Museum,37.7799338,-122.4073827
4776,Pub,37.7766977033,-122.4250906706
4777,Salon & Barbershop,37.77189715,-122.4302938667
4778,Burgers,37.76872335,-122.42923395
4779,Tram,37.6169854,-122.3897266333
4780,Apartment,37.7634972225,-122.4229180813
4781,Pub,37.7599341167,-122.4214663833
4782,Victorian,37.7675847167,-122.4241242333
4783,Home,37.769097,-122.4248023333
4784,Ultra-lounge,37.77160715,-122.4141580667
4785,Dive Bar,37.7648243333,-122.4229407333
4786,Dive Bar,37.7643523333,-122.421823
4787,Dive Bar,37.7649037667,-122.423232
4788,Pizza,37.7646836667,-122.4247572833
4789,Pub,37.7603843983,-122.4146461487
4790,Sandwich Shop,37.7599211333,-122.42150165
4791,Pub,37.7720912399,-122.430905586
4792,Dive Bar,37.7718723029,-122.4315374168
4793,Dive Bar,37.7551816167,-122.4228495167
4794,Mall,37.6718304048,-122.4707365036
4795,Italian,37.7717846833,-122.4316496167
4796,Ben & Jerry's,37.77022215,-122.44684585
4797,Ultra-lounge,37.7713793667,-122.4143394333
4798,Grocery,37.7431300225,-122.4220275879
4799,Target,37.0002392387,-121.5546548367
4800,Ferry,33.6042900907,-117.8991901875
4801,Corporate Office,33.67641079,-117.88263446
4802,Technology,33.706413269,-117.8559188608
4803,Gas & Automotive,33.7279877833,-117.8377934833
4804,Camping & Outdoors,33.7305232833,-117.8348982333
4805,Chipotle,33.86817635,-117.7482319667
4806,Other - Travel & Lodging,33.8707971,-117.7407433333
4807,American,33.8726444333,-117.7359483833
4808,Bridge,33.8681356833,-117.7101903333
4809,City Hall,33.8792423,-117.576181
4810,Other - Architecture,33.8818439478,-117.5473058224
4811,Costco,33.8869311333,-117.52401235
4812,In-N-Out Burger,33.93594145,-117.4038290833
4813,Mexican,33.94358105,-117.3913604833
4814,Starbucks,34.1268636833,-116.4046837333
4815,Stadium,33.7238728333,-116.3062577167
4816,Other - Food,33.7199088,-116.29504865
4817,High School,33.7147384,-116.2839076167
4818,Walmart,33.7060426665,-116.2820653195
4819,Sushi,33.7064289833,-116.2783724667
4820,Best Buy,33.7087823667,-116.2824738833
4821,Sandwich Shop,33.70848385,-116.2838693167
4822,Chipotle,33.7079057304,-116.2842327552
4823,Dessert,33.70697175,-116.2719382333
4824,Starbucks,33.7069728,-116.2719284667
4825,Gym,33.758871567,-116.300781767
4826,BBQ,33.70865895,-116.2636889667
4827,Grocery,33.76280055,-116.2992022833
4828,Target,33.7095470668,-116.2885603772
4829,Starbucks,33.75937715,-116.2979956
4830,Bakery,34.1106041167,-117.5355353
4831,American,34.1063720333,-117.5565596167
4832,Other - Architecture,34.0673429269,-117.5449347496
4833,Corporate Office,34.0604814601,-117.5174260139
4834,Victorian,34.0301047997,-117.4990904331
4835,Costco,34.0784871822,-117.5474560261
4836,Street Fare,34.0789315001,-117.5473487377
4837,Other - Travel & Lodging,34.0813722833,-117.43059705
4838,Other - Architecture,33.9933751469,-117.3572552204
4839,Five Guys Burgers and Fries,33.530093594,-117.151525284
4840,Vineyard,33.5369881167,-117.0512221167
4841,Vineyard,33.5331611167,-117.0541762833
4842,Asian,33.5236130167,-117.1529921667
4843,Other - Architecture,34.1359447886,-117.4963009357
4844,Corporate Office,37.3724226519,-121.99896599
4845,Asian,37.3517422667,-122.0018682167
4846,Breakfast,37.39802695,-121.9243643167
4847,Train Station,37.3715725759,-121.9972622395
4848,Gas & Automotive,37.3715258333,-121.9956014667
4849,Costco,37.3724481667,-121.99516635
4850,Indian,37.378794069,-121.9950628281
4851,Other - Entertainment,37.3739407576,-121.9900697715
4852,24 Hour Fitness,37.3809341333,-121.9949240833
4853,Asian,37.3816307833,-121.9951945333
4854,Corporate Office,37.38451155,-121.9904680833
4855,Sandwich Shop,37.3817582,-121.9950016167
4856,Trade/Tech School,37.2931278167,-121.9617144833
4857,Mexican,37.294680726,-121.9627395272
4858,Pet Store,37.293455928,-121.9642925262
4859,Sushi,37.29435035,-121.9528454167
4860,American,37.3198764116,-121.9476950169
4861,Tobacco & Cigars,37.3201323786,-121.9480705261
4862,Peet's Coffee,37.3198508148,-121.9481992722
4863,Men's Apparel,37.3206238833,-121.9475487667
4864,Bar,37.3193979263,-121.9478827715
4865,Paper Goods,37.31933565,-121.9478829667
4866,Mexican,37.3187417181,-121.9501523838
4867,Sushi,37.320695503,-121.9480168819
4868,Tea Room,37.319628976,-121.9476521015
4869,Diner,37.32024655,-121.95077425
4870,Modern Hotel,37.3209258708,-121.9483172894
4871,Bookstore,37.3209173387,-121.9473195076
4872,Mediterranean,37.31921535,-121.9487081
4873,Other - Entertainment,33.8090965388,-117.9183679819
4874,Toys & Games,33.81216615,-117.9198394833
4875,McDonald's,33.8584444,-118.0449756333
4876,Disneyland Resort,33.8088616833,-117.9186468833
4877,Brewery / Microbrewery,34.0776696312,-117.5533676147
4878,Disneyland Resort,33.807621433,-117.91797215
4879,McDonald's,33.8185124,-117.9091927333
4880,Mexican,33.8053970333,-117.920277
4881,Disneyland Resort,33.8059496453,-117.9222893715
4882,Scenic Lookout,33.807618253,-117.920600738
4883,Bus Station,33.813562611,-117.9250574112
4884,Other - Architecture,34.065245439,-117.8065681458
4885,Other - Airport,33.8231536266,-116.507563591
4886,Diner,33.7386698833,-116.41048955
4887,Bookstore,33.7392645333,-116.4095408333
4888,Mall,33.7395526587,-116.4095664024
4889,Other - Food,33.7395845,-116.4100937833
4890,Cineplex,33.7398538,-116.4100651167
4891,Breakfast,33.8230627,-116.5461785333
4892,Dessert,33.82322585,-116.5456307333
4893,Modern Hotel,33.8221127793,-116.5455470251
4894,Science Museum,33.9201174787,-116.7728555202
4895,Casino,33.92050373,-116.80039143
4896,Trade/Tech School,33.8124031667,-117.9172309
4897,Other - Travel & Lodging,33.8116753167,-117.91933555
4898,Historic Landmark,34.5953723251,-120.1410019398
4899,Breakfast,34.5962317833,-120.1440559333
4900,Corporate Office,37.4798304594,-122.1837615967
4901,Corporate Office,37.7646295116,-122.394631505
4902,Coffee Shop,37.5649476333,-122.3216615
4903,Asian,37.565407483,-122.3225532865
4904,Peet's Coffee,37.5655172667,-122.3227155333
4905,Asian,37.5659600313,-122.3238480091
4906,Corporate Office,37.4186009858,-122.1473881386
4907,Other - College & Education,37.4161248333,-122.1491576
4908,Technology,37.4217453003,-122.1410980225
4909,Corporate Office,37.4215991833,-122.1442695167
4910,Technology,37.37901975,-121.9067697833
4911,Corporate Office,37.4445432378,-122.1630132125
4912,Bank & Financial,37.4443354462,-122.1634304523
4913,Nike,37.4433342416,-122.1695386795
4914,Technology,37.445115,-122.161786
4915,Technology,37.4275412333,-122.1437183333
4916,Starbucks,37.4268949462,-122.1442928796
4917,Burgers,37.3210366167,-121.9488745833
4918,French,34.0142104473,-118.494629026
4919,Frozen Yogurt,34.0142628695,-118.4945593647
4920,H&M,34.0143616353,-118.4948424767
4921,American,34.0145022667,-118.4943362833
4922,Cineplex,34.0147233,-118.4949088
4923,Burgers,36.1136946,-115.17022472
4924,Casino,36.1132115833,-115.1635366667
4925,Other - Nightlife,36.1130561829,-115.1707496643
4926,Casino,35.6144999134,-115.3856921196
4927,Planetarium,37.4223143816,-122.0916794893
4928,Corporate Office,37.4223487347,-122.0917042056
4929,Corporate Office,37.42144515,-122.0827244833
4930,French,37.7831089333,-122.4628400667
4931,Special Event,37.79368355,-122.274715133
4932,Other - Shopping,37.33156555,-121.9096806833
4933,Mall,33.7324863117,-117.9934537411
4934,Starbucks,33.956736399,-118.3968257904
4935,Other - Travel & Lodging,37.614870178,-122.387545278
4936,Sandwich Shop,37.5372523682,-122.3279562625
4937,Corporate Office,37.5363964667,-122.32812185
4938,Grocery,37.3781242333,-122.0757374167
4939,Bank & Financial,37.39026535,-122.0817969833
4940,Apartment,37.337905167,-121.882646083
4941,Starbucks,37.53383395,-122.3263032333
4942,Other - Food,37.5339756167,-122.3265206
4943,Apple Store,37.4432543,-122.1715111167
4944,Mexican,34.05064335,-118.3095253167
4945,Diner,34.1045223833,-118.2588312667
4946,Dive Bar,34.0912031333,-118.28388685
4947,Starbucks,34.0832130167,-118.356389
4948,French,34.0911333,-118.3641657333
4949,The Home Depot,34.0978253167,-118.3117201667
4950,Apartment,34.1036862333,-118.33094835
4951,Costco,34.1851502969,-118.3239550512
4952,Special Event,37.779941277,-122.4132299423
4953,Mexican,34.09065545,-118.2926246
4954,Diner,34.0761276167,-118.3646197
4955,Frozen Yogurt,34.0686249667,-118.3435678333
4956,Urban Outfitters,33.677434044,-117.8869034934
4957,Saloon,34.0833441833,-118.2924216833
4958,Coffee Bean and Tea Leaf,34.076214,-118.3472915
4959,Dancefloor,34.0912149833,-118.3349173
4960,Diner,34.0800650667,-118.3763524333
4961,Krispy Kreme,34.1899755212,-118.3269676566
4962,Costco,33.8033177409,-116.3898756063
4963,Chipotle,32.75123095,-117.2055993333
4964,Dive Bar,32.7435238,-117.21076765
4965,Mall,32.5451527,-117.0438479
4966,Trader Joe's,34.0897188234,-118.3489429951
4967,Mexican,34.09046555,-118.3630442333
4968,Other - Nightlife,34.0833560333,-118.3854559167
4969,Other - Nightlife,34.0853995333,-118.3840156
4970,Trader Joe's,34.1748439,-118.2988605333
4971,Mexican,34.06322,-118.36449
4972,Live Music,34.0777308059,-118.2599896513
4973,Courthouse,34.05624475,-118.2464333667
4974,Plaza / Square,34.0926864291,-118.2808256149
4975,Mexican,34.1001966833,-118.32934115
4976,American,34.1000778667,-118.3296626167
4977,Brewery / Microbrewery,34.0909380833,-118.2781536167
4978,Farmers Market,34.09099265,-118.2776177667
4979,Target,34.4199712333,-118.5608242833
4980,Starbucks,35.4002523333,-119.3974591
4981,Pizza,37.7605625199,-122.435106039
4982,Corporate Office,34.15055215,-118.14559417
4983,Sports Bar,34.0440520827,-118.2648391136
4984,In-N-Out Burger,34.1486553333,-118.2270631833
4985,Other - College & Education,34.1674591,-118.2282848667
4986,Convention Center,33.8000923711,-117.9208731651
4987,Modern Hotel,33.7987104595,-117.9185342789
4988,Live Music,34.0905122667,-118.3881280833
4989,Burgers,34.14949245,-118.1367820667
4990,Burgers,34.1006469174,-118.2905244827
4991,Cineplex,34.071867,-118.357832
4992,Library,34.15263694,-118.14554995
4993,Chipotle,34.1418431667,-118.1321126167
4994,Diner,33.7580393333,-118.1099280833
4995,Ice Cream,34.0841657,-118.2948319667
4996,Sports Bar,34.18366135,-118.3150637833
4997,Wings,34.1816924667,-118.3114641
4998,Target,34.0911670991,-118.1471443176
4999,Target,34.1419149276,-118.2239948548
5000,French,34.0781664167,-118.2615352833
5001,Middle Eastern,34.1420974333,-118.2235547333
5002,Library,34.1498946642,-118.1442904472
5003,Burgers,34.13973085,-118.2036510667
5004,Mexican,34.1010672833,-118.2873041667
5005,Trader Joe's,34.1390542167,-118.2002186167
5006,Live Music,34.0623295167,-118.34879365
5007,Karaoke,34.0455309669,-118.2380671962
5008,Middle Eastern,34.14334415,-118.2337719167
5009,Gate,36.07653343,-115.14589017
5010,Mall,34.2405391333,-119.2647552833
5011,Mall,34.2684623723,-119.2467022286
5012,Mall,34.1896005657,-118.6033129692
5013,Historic Church,34.0508967,-118.2449013
5014,BBQ,34.04819865,-118.3085831167
5015,Live Music,34.166968184,-118.375527258
5016,Pub,34.0653936,-118.36149865
5017,Concert,33.6816834667,-116.23675065
5018,Burgers,34.01537775,-118.4920120167
5019,Mexican,34.1391082667,-118.2107465667
5020,American,34.0796007833,-118.3614263
5021,American,34.1346597,-118.1471996833
5022,Coffee Shop,34.1148340667,-118.1572508667
5023,Bookstore,34.1396558833,-118.20143285
5024,Mexican,34.1544105167,-118.1502302667
5025,Asian,34.0802231,-118.0836925
5026,Mexican,34.0522134167,-118.2524669
5027,Asian,34.0275517167,-118.4131713
5028,Soccer Stadium,33.8643399735,-118.2610845566
5029,Arcade,33.9940061208,-117.9025121981
5030,Diner,34.0784955,-118.36150645
5031,Burgers,34.0790431068,-118.3614540882
5032,Corporate Office,34.02174685,-118.4487160167
5033,Modern Art Museum,34.0603098667,-118.4437636333
5034,Other - Shopping,37.7765069004,-122.4250799417
5035,Doughnuts,37.7529224167,-122.4075517833
5036,Bakery,38.4024367385,-122.3618870974
5037,Grocery,38.4887444833,-122.45018005
5038,Mexican,37.764421079,-122.4229049733
5039,Grocery,37.7646061333,-122.4322945167
5040,Coffee Shop,37.7771005078,-122.4222099781
5041,Light Rail,37.760852,-122.4283582
5042,Hall,37.7750527852,-122.4496984418
5043,Government,37.7731498,-122.44034505
5044,Toys & Games,37.7641110667,-122.4643532167
5045,Peet's Coffee,37.447524563,-122.1599659087
5046,Mexican,37.7507159287,-122.4183688961
5047,Arena,37.4294443272,-122.1606087685
5048,Breakfast,37.772037732,-122.4298596382
5049,Apparel,37.7785845,-122.396863
5050,City Park,37.7764008986,-122.4244576693
5051,Fine Dining,37.7525468,-122.41456125
5052,Seafood,37.7616566856,-122.4240231514
5053,Tea Room,37.7735302833,-122.42579775
5054,Gallery,37.7551886013,-122.4226106566
5055,Bookstore,37.7811784573,-122.3911762761
5056,French,38.5754617,-121.38206585
5057,Sandwich Shop,38.57471265,-121.3821677333
5058,American,38.5747595201,-121.4065217972
5059,Other - Food,38.5667608833,-121.4834908667
5060,Skyscraper,37.7825105951,-122.3910319805
5061,Asian,38.5748482,-121.40372625
5062,Grocery,38.5958575744,-121.3864632885
5063,Sports & Outdoors,38.6093917167,-121.37907545
5064,Starbucks,38.5746447,-121.3825038
5065,Other - Food,37.78310735,-122.3887151
5066,American,38.5704648622,-121.4712998271
5067,Fine Dining,38.5740968845,-121.4137852192
5068,Grocery,38.5746834964,-121.4029544088
5069,Steakhouse,38.5747656167,-121.41114665
5070,Pizza,37.7591791667,-122.4121939333
5071,Luxury Hotel,38.57723025,-121.4905640333
5072,American,33.5412314711,-117.782484591
5073,Breakfast,33.6264929667,-117.9067153667
5074,Sushi,38.599341951,-121.4240710529
5075,Starbucks,38.60011935,-121.42754435
5076,Gas & Automotive,37.5180624,-122.2638349
5077,Grocery,37.4287252,-122.1433018333
5078,Bank & Financial,37.4901271,-122.22384855
5079,Mexican,37.5679468,-122.3247697
5080,Other - Architecture,37.468110323,-122.2282487154
5081,Dairy Queen,37.4687913833,-122.2238979333
5082,Other - Shopping,37.55951395,-122.2825445333
5083,Corporate Office,37.6708589601,-122.3887744452
5084,Chipotle,37.4860114089,-122.2291231155
5085,Starbucks,37.48498005,-122.23107145
5086,Sandwich Shop,37.51306695,-122.2664201667
5087,Grocery,37.5187715667,-122.2753553667
5088,Starbucks,37.52019906,-122.27411776
5089,Walgreens,37.4977295,-122.2498242
5090,Corporate Office,37.524093878,-122.2564205154
5091,Toys & Games,37.5015892667,-122.2459429333
5092,American,37.4895505499,-122.2234283557
5093,Chipotle,37.5018811333,-122.2463103
5094,Pizza,37.5386354084,-122.3008399002
5095,American,36.0575040072,-115.1451086998
5096,Sandwich Shop,37.6750345806,-122.3855732094
5097,The Home Depot,37.5009822333,-122.2505745333
5098,Grocery,37.5532415475,-122.3135022458
5099,Other - Food,36.2575656,-115.64535205
5100,Dive Bar,36.1690574,-115.1399992167
5101,Saloon,36.1718326389,-115.1420402527
5102,Casino,36.1345213985,-115.1614875866
5103,Casino,36.1357204667,-115.1627109833
5104,Diner,36.1329172,-115.1637949833
5105,Ultra-lounge,36.11670802,-115.18666126
5106,Mexican,36.1149928667,-115.2409271667
5107,Target,36.1256328049,-115.2410202617
5108,Post Office,36.0845606026,-115.2637052536
5109,Bank & Financial,36.1109704833,-115.2424583833
5110,Grocery,36.0555488,-115.2789866
5111,Dairy Queen,36.1253765167,-115.22547685
5112,Target,36.1606630913,-115.2884127201
5113,Grocery,36.1014824167,-115.3129611667
5114,Pet Store,36.0953253667,-115.2946408333
5115,Cineplex,36.0113041902,-115.1746559143
5116,Asian,36.145997048,-115.2994643145
5117,Pizza,36.11861385,-115.2089932167
5118,Burgers,36.0426181555,-115.1530587673
5119,Cineplex,36.1024855517,-115.2037585983
5120,Cineplex,36.1468196,-115.3000302667
5121,Asian,36.0736009886,-115.242632118
5122,Other - Food,37.7954406258,-122.2704613209
5123,Coffee Shop,37.7608230781,-122.4366248955
5124,Italian,37.76054475,-122.4348572
5125,American,37.7634129856,-122.4341383364
5126,Arts,37.7817924117,-122.4077011961
5127,Coffee Shop,32.74862265,-117.1314297167
5128,American,32.7518044167,-117.1493460667
5129,Asian Food,32.74835,-117.1500930667
5130,Peet's Coffee,32.7484155167,-117.1623279333
5131,Seafood,32.7125244141,-117.1753234863
5132,Aquarium,32.8658511667,-117.2507465833
5133,Gate,37.6117072529,-122.390409708
5134,Other - Airport,37.639732,-122.3971920333
5135,Mexican,37.7638016826,-122.4336101936
5136,Grocery,37.7613558667,-122.4349540167
5137,Peet's Coffee,37.6127917069,-122.3841111693
5138,Victorian,37.7664367667,-122.4330297
5139,Other - Entertainment,37.3483857767,-121.9045114517
5140,Ultra-lounge,37.7832313449,-122.396235466
5141,Breakfast,32.7094916793,-117.1529889107
5142,American,32.7603762165,-117.1464305101
5143,American,34.0538330078,-118.4638519287
5144,French,34.0821654667,-118.3798873333
5145,Starbucks,34.0903718833,-118.3443000913
5146,Asian,37.7609626059,-122.4338259755
5147,Bus Station,32.7168770333,-117.13598035
5148,Light Rail,32.7060340909,-117.1533751488
5149,Other - Architecture,32.7090041945,-117.1555101871
5150,Steakhouse,32.7121276619,-117.1557247639
5151,Pub,32.71434315,-117.1402749833
5152,Other - Entertainment,32.7154766917,-117.1363806725
5153,Steakhouse,32.7172188597,-117.1404469013
5154,Pub,32.8252089333,-117.1559280167
5155,Bridge,32.6885996663,-117.1543514729
5156,Other - Art & Culture,32.7125157667,-117.1547861833
5157,Sushi,32.7167318,-117.15172885
5158,Pizza,32.7175903667,-117.1401589833
5159,Mexican,32.7334769167,-117.1601443
5160,Other - Food,32.7448462333,-117.1603596333
5161,Toys & Games,32.71462295,-117.1616825833
5162,Dive Bar,32.7479913,-117.1298128833
5163,Asian Food,32.7510625184,-117.2447741032
5164,Bar,32.7620792399,-117.1464657784
5165,Burgers,32.7148534298,-117.1591734917
5166,American,32.7283750333,-117.16156425
5167,Italian,32.7237039167,-117.1680244333
5168,Burgers,32.7287985,-117.1297359667
5169,Dive Bar,32.7292253333,-117.1295933833
5170,Asian,34.1463769833,-118.07637985
5171,Bookstore,34.1375649332,-118.1322805287
5172,Coffee Shop,34.1384354981,-118.1323069846
5173,Trader Joe's,34.1405205782,-118.1326663748
5174,Mexican,34.1421288333,-118.13215915
5175,Library,34.1460198096,-118.1172241349
5176,Coffee Shop,34.1462845167,-118.1005232333
5177,Target,34.1471974,-118.08596065
5178,Health & Fitness,34.1461334229,-118.0988845825
5179,Asian,34.1457630703,-118.1441800694
5180,Frozen Yogurt,34.1458321667,-118.15229535
5181,French,34.14570291,-118.1523223836
5182,Dessert,34.14584855,-118.15155675
5183,Apple Store,34.1457495854,-118.1515671983
5184,Bakery,34.1456149346,-118.1508350372
5185,Fine Dining,34.1459372384,-118.150519534
5186,Asian,34.1452420018,-118.1506419182
5187,American,34.1456349131,-118.1512239575
5188,Asian,34.1458075816,-118.1511929421
5189,Coffee Bean and Tea Leaf,34.1452686399,-118.1503200531
5190,Other - College & Education,34.1479684175,-118.1414871281
5191,American,34.1397431833,-118.13259255
5192,American,34.1413800833,-118.1315630833
5193,Vegetarian / Vegan,34.1414183333,-118.1314535667
5194,Mexican,34.1416430667,-118.1320541
5195,Starbucks,34.1503572167,-118.0730975333
5196,Asian,34.1506640167,-118.07445085
5197,Asian,34.1509241167,-118.07511375
5198,Peet's Coffee,34.1504936833,-118.0760191667
5199,Technology,34.1501343937,-118.0690813065
5200,Bakery,34.15077535,-118.0774334833
5201,Burgers,34.1432953667,-118.1315906167
5202,Burgers,34.1421715833,-118.1317748
5203,Cineplex,34.1459773507,-118.1297181985
5204,Other - Entertainment,34.1465506833,-118.13039245
5205,Health & Fitness,34.1471153667,-118.1483679667
5206,Cineplex,34.1461881167,-118.1514824167
5207,Asian,34.1459411812,-118.1493384844
5208,Other - Food,34.1455794172,-118.149086237
5209,Sushi,34.1458792,-118.14854495
5210,Sports Bar,34.145807005,-118.1483648745
5211,South American / Latin,34.1457248773,-118.1488625216
5212,Other - Architecture,34.14489075,-118.0741677667
5213,Burgers,34.1490948833,-118.1210519833
5214,Target,33.7983661,-118.1232754333
5215,Mexican,33.76174715,-118.1386784
5216,Music,33.76161955,-118.1388736667
5217,Asian,33.7615891833,-118.1382089833
5218,Breakfast,33.7613065,-118.1369176667
5219,Technology,33.6993861667,-117.9401839333
5220,Grocery,33.7599425667,-118.1475581333
5221,Sandwich Shop,33.7634437833,-118.2002720167
5222,AMC Theatre,33.75970585,-118.1143478167
5223,Grocery,33.76099865,-118.1160532167
5224,Sushi,33.9919694861,-118.4446957991
5225,Mediterranean,33.7606077,-118.13468935
5226,American,33.7637326333,-118.1956679167
5227,Pub,33.76349568,-118.19238215
5228,Ferry,33.7629378667,-118.19922345
5229,Target,33.7456281811,-118.0122828484
5230,Antique Hotel,34.0489912,-118.2532639
5231,Brewery / Microbrewery,38.2586456833,-122.05996655
5232,Modern Hotel,33.767768265,-118.2017587175
5233,Mediterranean,33.7688581667,-118.1921208667
5234,Stadium,34.1323424667,-117.8883037667
5235,Mall,33.6107668237,-117.7073554142
5236,Mediterranean,33.7590522667,-118.1322569
5237,Brewery / Microbrewery,33.7675179032,-118.1928169727
5238,Resort,33.7418478667,-116.4050829
5239,Bar,33.97894145,-118.46672545
5240,Seafood,33.8021072473,-118.0724287033
5241,Frozen Yogurt,33.7617315333,-118.1374706333
5242,BBQ,33.76102115,-118.1375915167
5243,Dive Bar,37.7668219472,-122.4156653881
5244,Corporate Office,37.76800285,-122.4083232667
5245,Asian,37.7831839833,-122.4178223333
5246,Asian,37.78276705,-122.4174820667
5247,Breakfast,37.7772913091,-122.4232023954
5248,Bookstore,37.775917467,-122.4232127895
5249,Corporate Office,37.775158546,-122.3979949951
5250,Walgreens,37.7771344281,-122.3952698708
5251,Coffee Shop,37.7773888296,-122.3951518536
5252,Steakhouse,37.7779061101,-122.3910748959
5253,Thrift Store,37.7733453167,-122.4184585333
5254,Gym,37.7638910833,-122.43352845
5255,Seafood,37.7632412833,-122.4347899167
5256,Dessert,37.76229,-122.4351130333
5257,Coffee Shop,37.7620801833,-122.4353860333
5258,Pizza,37.7622330167,-122.4349539167
5259,Other - Shopping,37.7613810667,-122.4350776167
5260,Other - Shopping,37.7612701,-122.43484765
5261,Bookstore,37.76119415,-122.4350130833
5262,Walgreens,37.7608690167,-122.4350836667
5263,Starbucks,37.7609939333,-122.4344986333
5264,Sushi,37.7615364622,-122.4350860675
5265,Italian,37.7614631215,-122.4350651607
5266,Light Rail,37.7624190333,-122.4355914167
5267,Castle,37.77511755,-122.4115986167
5268,Bookstore,37.78285145,-122.4646854333
5269,Pub,37.7830007667,-122.4637491833
5270,Grocery,35.2654803117,-116.0745584965
5271,Corporate Office,37.7651383999,-122.4042753875
5272,Warehouse & Industrial,37.7630739167,-122.4097111333
5273,Starbucks,37.7630482135,-122.4102531522
5274,City Park,37.7645677833,-122.4102112167
5275,UPS,37.7645839333,-122.4058933
5276,Brewery / Microbrewery,37.7631603735,-122.4009588211
5277,Gas & Automotive,37.76462315,-122.4172854333
5278,Gas & Automotive,37.7660678167,-122.40767415
5279,Gallery,37.7661027,-122.4030438611
5280,Sports & Outdoors,37.87948295,-122.3027719667
5281,Brewery / Microbrewery,37.8796548,-122.29984605
5282,Library,37.8683861224,-122.2682281327
5283,Whole Foods,37.8555459167,-122.2600355
5284,American,37.7770411473,-122.4228215218
5285,Apparel,37.7767019434,-122.4232023954
5286,Seafood,37.75965585,-122.4349438167
5287,Train Station,37.5996801843,-122.3865795135
5288,Asian,37.3791122545,-122.1166000267
5289,Bakery,37.3788622734,-122.1158266068
5290,Mexican,37.4268650667,-122.1451093667
5291,Burgers,37.7768090048,-122.4242927134
5292,Pub,37.7604562638,-122.4165591232
5293,Asian,37.3939610167,-122.07944585
5294,Ski & Snowboard Area,38.6833083833,-120.0669087833
5295,Other - Food,37.7783132208,-122.4028582947
5296,Asian,37.3939984667,-122.0788034333
5297,Pizza,37.7569505,-122.4206716
5298,American,37.3294246833,-121.9001108667
5299,Grocery,37.3206012167,-121.9931562667
5300,Asian,37.3227006333,-121.99042125
5301,Starbucks,37.3224317167,-121.9939276667
5302,Tea Room,34.1042986333,-118.0901206167
5303,Urban Outfitters,34.1458534333,-118.15349165
5304,Live Music,34.1026234551,-118.3267486413
5305,Rental Car,37.3738904667,-121.93017585
5306,Coffee Shop,37.4170708849,-122.0254005505
5307,Corporate Office,37.4157409047,-122.0253790823
5308,Department Store,37.324679914,-121.9445300102
5309,Sandwich Shop,37.83709808,-122.2633051872
5310,Peet's Coffee,37.8369558333,-122.2637642
5311,Frozen Yogurt,37.3217122167,-122.0178074833
5312,Discount Store,37.32215845,-122.0181218167
5313,Brewery / Microbrewery,37.3311352667,-122.0317769
5314,French,38.4024049,-122.36189105
5315,Regional / State Park,37.2361743333,-121.9733262
5316,Asian,37.451933,-122.1854972333
5317,Corporate Office,37.7814245167,-122.3931026333
5318,Corporate Office,37.7815415667,-122.3936818
5319,Seafood,37.2523361667,-122.3830239167
5320,Corporate Office,37.6768295,-122.3845836167
5321,Corporate Office,33.6783809359,-117.8373599052
5322,Trader Joe's,33.7580776667,-118.10889225
5323,Hospital,33.8075899668,-118.1871628761
5324,Target,33.7827678279,-118.0697894096
5325,In-N-Out Burger,33.7584112447,-118.1110739708
5326,Grocery,33.7813991262,-118.0707046915
5327,American,33.7644697245,-118.1518605757
5328,Other - Food,34.0204420147,-118.4967670235
5329,Special Event,33.7629513159,-118.1911754608
5330,Breakfast,33.7715289167,-118.1484152
5331,Lowe's,33.8082750167,-118.1228546
5332,South American / Latin,37.7785348,-122.39298265
5333,Indian,37.3918299833,-122.0801418667
5334,American,37.7719114833,-122.4304061333
5335,Mexican,37.7773672333,-122.395179
5336,Brewery / Microbrewery,37.63544925,-122.4191351833
5337,Arcade,34.1613936,-118.4674561167
5338,Technology,34.1566652828,-118.4856938411
5339,Sandwich Shop,34.156427601,-118.4837858904
5340,Grocery,34.1573567491,-118.4897674879
5341,Health & Fitness,34.0764520333,-118.38034205
5342,Burgers,34.0356290667,-118.4774442167
5343,Walgreens,34.1560064722,-118.4840117325
5344,Coffee Bean and Tea Leaf,34.15672495,-118.4835944333
5345,Seafood,34.0383112155,-118.5564118624
5346,Asian,34.1567993164,-118.4868011475
5347,Pizza,34.1561524833,-118.4837107333
5348,American,34.15519225,-118.4733743667
5349,American,36.12850987,-115.16433906
5350,Whole Foods,34.0611661,-118.4471771667
5351,Convention Center,34.0400626446,-118.2704079151
5352,Costco,34.1819389,-118.46372015
5353,Starbucks,34.1578344333,-118.4915043833
5354,Barnes & Noble,34.15789175,-118.4920846333
5355,Modern,34.081568633,-118.461943767
5356,Terminal,37.7299532502,-122.2129011154
5357,Luxury Hotel,33.738223302,-118.3978557587
5358,Starbucks,34.06269185,-118.4473445
5359,Stadium,34.01403642,-118.2878851891
5360,Four Seasons,34.4177500833,-119.6414787667
5361,Mission,34.4379559243,-119.7134149075
5362,Zoo,34.4201620167,-119.6654273333
5363,Law School,32.7220931385,-117.1616470814
5364,Light Rail,32.7109811996,-117.153686285
5365,Burgers,32.7092549,-117.1554020167
5366,Starbucks,32.7115215308,-117.1554005263
5367,Trader Joe's,32.74948095,-117.1540986167
5368,24 Hour Fitness,33.7146055667,-118.0259943
5369,Target,33.6710149008,-117.9562246799
5370,Asian Food,33.7331871,-117.9935184833
5371,Sushi,33.6365414333,-117.9216777667
5372,Other - Parks,33.6831470833,-116.2379770833
5373,Starbucks,33.6873153167,-117.9884469833
5374,Italian,33.7179130833,-117.9898513667
5375,Other - Shopping,33.7607233833,-118.1913630833
5376,Target,34.0233,-118.37348
5377,Seafood,33.80381375,-117.91294819
5378,Playground,38.0009287667,-121.8264131833
5379,Resort,36.1161061984,-115.1773917675
5380,Wings,36.058275,-115.242171
5381,Italian,36.0707021,-115.1622885167
5382,Regional / State Park,36.0200823833,-115.2609129833
5383,Subway,36.1273937072,-115.1693773792
5384,Corporate Office,36.0274425016,-115.0905579329
5385,Casino,36.1048729454,-115.1747202873
5386,Bridge,36.0665672689,-115.2424943447
5387,Modern Hotel,36.1273551763,-115.1543569565
5388,Ultra-lounge,36.12174373,-115.17618799
5389,Casino,36.0112347617,-115.1744842529
5390,Breakfast,36.0117549176,-115.1746098069
5391,Resort,36.1101777373,-115.1557731628
5392,Government,36.2366583095,-115.0462532043
5393,Bridge,36.0637313174,-115.180760622
5394,BBQ,36.0373645167,-115.19836155
5395,Breakfast,36.1445557667,-115.2399406
5396,Live Music,36.1093109657,-115.1540029049
5397,Terminal,36.0816559335,-115.1377272606
5398,Cineplex,38.6339608,-121.50352735
5399,Grocery,38.6749083333,-121.7458783333
5400,Corporate Office,38.602913,-121.469839
5401,Corporate Office,38.602913,-121.469839
5402,Casino,38.73474419,-122.13907957
5403,Casino,36.135491164,-115.1524970604
5404,Other - Food,36.13488066,-115.15029853
5405,Sandwich Shop,36.1046861299,-115.1692251874
5406,Mediterranean,36.1039333791,-115.169366363
5407,Other - Architecture,36.094834,-115.173533
5408,French,36.112439966,-115.1720702648
5409,Italian,36.11455575,-115.15202055
5410,Casino,36.1146107,-115.1549966
5411,Costco,38.6719007833,-121.7231736833
5412,Burgers,38.5442167667,-121.7435120833
5413,Chipotle,38.6388754333,-121.50506395
5414,Wine Bar,38.6923381728,-121.5885140297
5415,Starbucks,38.6925448294,-121.5885033572
5416,Starbucks,36.0820356104,-115.1440410978
5417,American,38.5988082886,-121.4247589111
5418,Grocery,38.678555,-121.780385
5419,Brewery / Microbrewery,38.2986535,-122.2848433167
5420,Dessert,38.3704496227,-121.9612777233
5421,Burgers,36.1340621972,-115.1644742489
5422,Pizza,36.0102267667,-115.1362873167
5423,Other - Food,36.128442919,-115.1692976592
5424,Starbucks,36.1260761693,-115.1694773723
5425,Luxury Hotel,36.17044025,-115.14439525
5426,Bar,36.1702216167,-115.1453334
5427,Mexican,36.02084275,-115.1188876
5428,Casino,35.6131081093,-115.3885433457
5429,Theatre,36.1109933333,-115.1719201667
5430,Saloon,36.1193535747,-115.1699085177
5431,Sandwich Shop,36.0210322627,-115.0860357285
5432,Ultra-lounge,36.1251020333,-115.1644449667
5433,American,36.0525650833,-115.1716434
5434,Other - Parks,36.0182290667,-115.26026715
5435,Modern Hotel,36.11033499,-115.15454667
5436,Luxury Hotel,36.1086608807,-115.168325901
5437,Tram,36.12958905,-115.154211
5438,Discount Store,36.0644239333,-115.24663275
5439,Other - Architecture,36.12020033,-115.17287576
5440,Theatre,36.1207096666,-115.1710791558
5441,Playground,36.06787815,-115.1768481333
5442,Modern Hotel,36.1709492263,-115.1406669617
5443,City Park,36.0149979833,-115.2605969167
5444,Other - Food,36.10277416,-115.16784141
5445,Target,36.1164341333,-115.1390131167
5446,Other - Airport,36.0856964292,-115.1492071152
5447,Post Office,36.0711371167,-115.1400351167
5448,Scenic Lookout,36.0719705167,-115.1332417
5449,Bridge,36.0660642635,-115.2606582642
5450,Barnes & Noble,34.1460986,-118.1526452167
5451,Starbucks,34.1454567333,-118.15283205
5452,Luxury Hotel,33.7999943007,-117.9184377193
5453,Luxury Hotel,34.0443563333,-118.2661700167
5454,History Museum,32.7138428142,-117.1749293804
5455,Ultra-lounge,34.0452500833,-118.2666993833
5456,Modern Hotel,34.0452192,-118.2663919667
5457,Breakfast,34.0464590541,-118.2629191875
5458,Other - Art & Culture,34.0445450167,-118.2639238167
5459,Luxury Hotel,33.7883677034,-117.9180085659
5460,Victorian,33.8109326,-117.918922
5461,McDonald's,33.8109106301,-117.914827466
5462,Modern Hotel,36.10807245,-115.15277254
5463,Nordstrom,36.1288746142,-115.173523201
5464,Casino,36.1368349583,-115.1634979248
5465,Ultra-lounge,36.1354572549,-115.1516211033
5466,Asian Food,36.1355553,-115.152456
5467,Sonic,36.1161873333,-115.1974809
5468,Casino,36.1708708333,-115.1462897
5469,Casino,36.1070055333,-115.0563609667
5470,Tram,36.1061466167,-115.1758537833
5471,Fine Dining,36.118671142,-115.176844442
5472,Bakery,36.3026213203,-115.2820569277
5473,Terminal,38.6925151027,-121.5884589822
5474,Apple Store,38.7723531152,-121.2709701464
5475,Mall,38.7738595894,-121.2691926956
5476,Gas & Automotive,38.736532363,-122.144520256
5477,American,38.6402449667,-121.5018282833
5478,Mall,38.767781319,-121.269610794
5479,Cineplex,38.68098805,-121.33629895
5480,Mall,36.1049472248,-115.1771675779
5481,Pub,36.108418181,-115.1753801107
5482,Casino,36.12474983,-115.16944462
5483,Other - Food,36.1245387499,-115.1689374447
5484,Sculpture,36.1067289167,-115.1745262167
5485,Ultra-lounge,36.1067582678,-115.177423954
5486,Luxury Hotel,36.1298682099,-115.1726067066
5487,Diner,36.13484515,-115.16246025
5488,Theme Park,36.1384069833,-115.16620645
5489,Sushi,36.1134757157,-115.1749134064
5490,Ultra-lounge,36.1136273934,-115.175589323
5491,Performing Arts,36.1138094062,-115.1750957966
5492,Ultra-lounge,36.1064163209,-115.1739447869
5493,Stadium,36.1047775945,-115.1442825794
5494,City Park,36.0694985119,-115.1144886017
5495,Rental Car,36.0600279486,-115.1641845703
5496,Gas & Automotive,36.0756288,-115.20819615
5497,Wings,36.0579081667,-115.24360265
5498,American,33.8078553833,-117.9195975833
5499,Theatre,33.8117285833,-117.9202423167
5500,Light Rail,37.4084199667,-121.9443951167
5501,American,37.4268202333,-121.9212217167
5502,College,37.3630968791,-122.1258151531
5503,Asian,37.3974388,-121.9966904667
5504,Other - Food,37.3884689333,-121.9828280167
5505,Coffee Shop,37.4167951575,-122.0253460393
5506,Asian Food,37.42355845,-121.9173134833
5507,Asian Food,37.3942663557,-122.0785278082
5508,Italian,37.3884737833,-121.98380485
5509,American,37.3915271379,-121.9763661553
5510,Frozen Yogurt,37.3887320833,-121.9841297667
5511,Pub,37.3934565907,-122.0789891481
5512,Asian,37.3685925482,-122.0365619659
5513,Mediterranean,37.3935543333,-122.0790441167
5514,Breakfast,34.02887795,-118.4805284
5515,Other - Medical,34.059051066,-118.4107355039
5516,Apple Store,34.1892780861,-118.6022101012
5517,Best Buy,34.1881983505,-118.6005234718
5518,Technology,34.1814437667,-118.5963033333
5519,Mexican,34.0759657,-118.3492828333
5520,Mexican,34.1831654167,-118.6067132833
5521,Whole Foods,34.1682985814,-118.5968112946
5522,Farmers Market,34.16971055,-118.6031736333
5523,Grocery,34.16898,-118.60421
5524,Seafood,34.0112172484,-118.4952521324
5525,Breakfast,34.0198982333,-118.4535582667
5526,In-N-Out Burger,34.1947320833,-118.6063067667
5527,American,33.9798601,-118.4586013167
5528,Sushi,33.9884452167,-118.4707955167
5529,Costco,34.2193645667,-118.59605895
5530,Costco,33.9924680333,-118.4464300333
5531,Starbucks,34.019716722,-118.4547534585
5532,Sandwich Shop,33.9843022833,-118.4379804
5533,Terminal,33.9401426,-118.405277783
5534,Mall,34.153855117,-118.644382567
5535,American,34.1531071333,-118.6463450167
5536,Diner,34.04024945,-118.4298062667
5537,Mexican,34.0227856167,-118.462741
5538,Steakhouse,34.04960197,-118.46155029
5539,Grocery,34.0273489333,-118.4735477833
5540,Theme Park,34.00860785,-118.49812745
5541,American,34.07331585,-118.24029761
5542,Burgers,34.0588925167,-118.4209478833
5543,Coffee Bean and Tea Leaf,33.9870509,-118.4405301
5544,Modern Hotel,36.1398021411,-115.1522161108
5545,Light Rail,36.1372382833,-115.1531995
5546,Other - Art & Culture,36.1310467083,-115.1509237289
5547,Sandwich Shop,33.6307539587,-117.7176475525
5548,Ice Cream,33.5576682021,-117.6678872108
5549,Coffee Shop,33.55596395,-117.6293798
5550,Burgers,33.55455775,-117.6291671167
5551,Sonic,33.6224739333,-117.68537795
5552,Performing Arts,34.0241757667,-118.2811307333
5553,Costco,33.5556118259,-117.6767921448
5554,Gas & Automotive,33.6205207167,-117.7324347667
5555,Candy Store,33.5704705667,-117.7133158667
5556,City Park,35.6260129667,-120.6906516167
5557,Bakery,37.3820360333,-121.9774055333
5558,City Park,37.3323123333,-121.8897581333
5559,Theme Park,33.1258502,-117.3115526167
5560,Mall,33.77579969,-117.8695383
5561,Walmart,33.56377325,-117.7135075167
5562,American,33.6177012567,-117.7023648899
5563,American,37.15615375,-121.6513676333
5564,Diner,37.3609802167,-122.0974892833
5565,Other - Medical,32.833068317,-117.157666383
5566,American,32.7542826333,-117.1300446333
5567,Gym,34.2839433167,-118.7626604667
5568,Walmart,32.63043675,-116.9669680167
5569,American,34.1806769,-118.3109803833
5570,Frozen Yogurt,34.1824024333,-118.31097305
5571,Lowe's,34.1904229,-118.332573
5572,Brewery / Microbrewery,32.6309163833,-117.0871888833
5573,Other - Nightlife,32.7483206667,-117.1629327
5574,Gas & Automotive,32.6288361333,-116.9667766333
5575,Mall,32.6269679993,-116.9642633831
5576,Other - Nightlife,32.7613178167,-117.1465394
5577,Other - Shopping,32.7554980167,-117.2141890333
5578,Brewery / Microbrewery,32.76716575,-117.1540445333
5579,Mexican,32.7522557974,-117.1942251921
5580,Mall,32.6549158,-117.0649083333
5581,Bookstore,32.71262065,-117.1592978167
5582,Target,32.65012285,-116.9676995
5583,Gas & Automotive,35.4346766024,-115.7005620003
5584,Plaza / Square,36.100721995,-115.173121319
5585,McDonald's,36.1053695,-115.1724312333
5586,Luxury Hotel,36.1066726833,-115.1728390167
5587,Asian,36.1263790794,-115.1934348669
5588,Other - Entertainment,34.081301,-117.75699
5589,Chipotle,34.1698289,-118.6052499833
5590,American,34.2711457667,-118.7735846333
5591,Corporate Office,34.17573295,-118.5964171667
5592,Chipotle,34.1517970833,-118.0801774667
5593,Burgers,36.1198694277,-115.1709826207
5594,Brewery / Microbrewery,34.1398886333,-118.0225454167
5595,Target,34.1379603167,-117.9832024667
5596,Bowling,34.1277837167,-118.0542534333
5597,Dive Bar,34.0983414108,-118.287790733
5598,American,34.0443163362,-118.2489699969
5599,Pub,34.0483450376,-118.2556696004
5600,Cineplex,34.1475263,-118.0008717
5601,Best Buy,34.151233353,-118.080570192
5602,Dive Bar,34.0973702,-118.2857553833
5603,Diner,36.1697566252,-115.1460932805
5604,Brewery / Microbrewery,36.1076380695,-115.1515781879
5605,Asian Food,34.1506749,-118.0792954667
5606,Brewery / Microbrewery,34.1455814,-118.0011572
5607,Vegetarian / Vegan,34.1403493266,-118.0229902267
5608,Pub,33.6981074833,-117.82728785
5609,Asian Food,33.6813687833,-117.8852614833
5610,Asian Food,33.6799349185,-117.8940082868
5611,Bookstore,33.6913436249,-117.8931176662
5612,Barnes & Noble,33.689049407,-117.8956925869
5613,Starbucks,33.68975155,-117.8933219333
5614,Pizza,33.6922630803,-117.8925490379
5615,Cineplex,33.6886476894,-117.8960251808
5616,Starbucks,33.68991355,-117.8777963
5617,Chipotle,33.6983508761,-117.8849852085
5618,Brewery / Microbrewery,33.6894953833,-117.8961321333
5619,Diner,33.6923612739,-117.8924953938
5620,Mexican,33.6801702833,-117.8853944333
5621,Hot Dogs & Sausages,33.6791085667,-117.8861364167
5622,Bowling,37.65082945,-122.4684104667
5623,Pizza,37.7776229167,-122.3924006
5624,Mediterranean,37.7075534333,-121.9300223333
5625,Whole Foods,37.7618623,-121.9623743
5626,Bakery,37.778313148,-122.3920083046
5627,Sushi,34.0533778294,-118.4680925591
5628,Asian,34.0192258747,-118.4982988756
5629,Asian,34.10152025,-118.32681835
5630,Pub,34.1014981167,-118.3259510833
5631,Target,37.7065252167,-121.9308453833
5632,Dessert,37.7639837667,-122.4218319667
5633,Bowling,37.69716085,-122.0757763
5634,Asian,37.6947801,-122.0744234
5635,Italian,37.3320487667,-121.9128948667
5636,American,37.7043441539,-122.4755179344
5637,Steakhouse,37.7015723809,-122.4854832888
5638,Corporate Office,34.1443083333,-118.4105069333
5639,Starbucks,34.1446781598,-118.4123986959
5640,Pub,34.1431152667,-118.39197635
5641,Mexican,34.14685575,-118.4226641667
5642,The Home Depot,34.082758,-118.2246645333
5643,Wine & Spirits,34.0999666667,-118.2594664833
5644,Burgers,34.1435622833,-118.3960478333
5645,Cineplex,34.1438268551,-118.2568820332
5646,Other - Food,34.1492826167,-118.3788305333
5647,Dancefloor,34.1392860667,-118.3819920333
5648,Theatre,34.0461608773,-118.4482316493
5649,Modern Hotel,34.09421125,-118.37430755
5650,Post Office,34.2208989833,-119.1810701667
5651,Costco,34.224097,-119.14901275
5652,Other - Entertainment,34.0398747833,-118.3707382
5653,French,34.008959246,-118.4919662558
5654,Chick-fil-A,34.22063865,-119.1575819
5655,Bank & Financial,34.2298732362,-119.1754710674
5656,In-N-Out Burger,34.2349404333,-119.1796667667
5657,Courthouse,34.2683888588,-119.2105865479
5658,Mexican,34.1575720167,-118.6394785333
5659,City Park,34.0168110338,-118.4569501877
5660,Mexican,33.9868017306,-118.4402898628
5661,Barnes & Noble,33.9866160167,-118.4405194167
5662,Other - Food,33.9949055667,-118.4807842667
5663,Coffee Bean and Tea Leaf,34.0203550333,-118.45278135
5664,Coffee Shop,34.0199021833,-118.4544921167
5665,Italian,37.4480211736,-122.1587588764
5666,Other - Food,37.4596017388,-122.1373600623
5667,Dessert,37.4483940333,-122.1589758833
5668,Chipotle,37.4142894464,-121.895171025
5669,Other - Food,37.4380056,-122.15970295
5670,Asian,37.4483076167,-122.1618231
5671,Corporate Office,37.4486911297,-122.1586239338
5672,Subway,37.389573,-121.9841279333
5673,Mexican,37.4172159167,-122.13157975
5674,Other - Food,37.5296073167,-122.25646095
5675,Asian,37.4475389046,-122.1600002142
5676,American,37.4382948833,-122.15833425
5677,Coffee Shop,37.44735965,-122.1603056333
5678,French,37.4447383167,-122.1611783833
5679,Grocery,37.5339693333,-122.3266228167
5680,Indian,37.4477356,-122.15982075
5681,Gas & Automotive,37.4564262167,-122.1882479667
5682,Modern Hotel,37.4469473995,-122.1717346117
5683,South American / Latin,37.4465432785,-122.160964043
5684,Other - Food,37.4157003167,-122.12918075
5685,American,37.4481337833,-122.1595358833
5686,Whole Foods,37.44228455,-122.1594715333
5687,Coffee Shop,37.7697884167,-122.4455089667
5688,Mexican,37.8696598333,-122.2668041
5689,Other - Entertainment,38.5692960667,-121.4793671833
5690,Pizza,38.5723511667,-121.48772375
5691,24 Hour Fitness,38.57969784,-121.49673795
5692,City Hall,38.5460298333,-121.45060805
5693,Trader Joe's,38.7460949,-121.2749386833
5694,Theatre,38.5613161167,-121.4926908167
5695,American,38.5774997197,-121.4869609104
5696,Dessert,38.5706829565,-121.4582133293
5697,Asian,38.5717516833,-121.4882745
5698,Bakery,38.5771559333,-121.4808655667
5699,Starbucks,38.7308697667,-120.7869585833
5700,Resort,38.9495564167,-119.9573266
5701,Chalet,38.9361511,-119.9408205667
5702,Gondola,38.9569028,-119.9430116
5703,Mall,39.4032736333,-119.748968
5704,Beach,39.2360522,-120.0255064333
5705,Casino,39.4888072361,-119.793806076
5706,Chick-fil-A,38.2607120701,-122.0547800586
5707,Walmart,37.7387886833,-122.1986316167
5708,Other - Architecture,37.799602237,-122.2724498053
5709,High School,37.8323275231,-122.2544968128
5710,Other - Entertainment,37.71421965,-122.1942004167
5711,Asian,37.799585762,-122.2727166323
5712,Costco,37.7200160906,-122.1821522713
5713,Duplex,37.8801418833,-122.26671115
5714,American,37.7761771607,-122.2765260501
5715,Plaza / Square,37.7948818333,-122.2771462333
5716,Mexican,37.8262629667,-122.2093055833
5717,Starbucks,37.8265821833,-122.2519326167
5718,Gondola,39.3138551,-120.33840983
5719,Ski & Snowboard Area,39.3051642055,-120.3333163261
5720,Chalet,39.3048938667,-120.3365019667
5721,Chalet,39.30392801,-120.33220005
5722,In-N-Out Burger,38.5408165667,-121.73698675
5723,Costco,37.8982490971,-122.3203825951
5724,Grocery,37.8343357703,-122.2502052784
5725,Drugstore & Pharmacy,37.8345645544,-122.2488749027
5726,In-N-Out Burger,37.4263064833,-121.9226155333
5727,Costco,37.6154084333,-122.0878453167
5728,Modern Hotel,37.9266211225,-122.057673244
5729,Asian,37.7676164667,-122.2404320333
5730,Chipotle,37.8795269833,-122.2960493
5731,Asian,37.80054225,-122.2701480167
5732,Asian,37.7995235176,-122.2721518098
5733,Asian,37.7994477503,-122.2727293613
5734,Pizza,37.8480446215,-122.2919726372
5735,American,37.762899,-122.2440150667
5736,Starbucks,37.7029114656,-122.1259841323
5737,Hospital,37.7993610559,-122.2316150276
5738,The Home Depot,37.7694636333,-122.22304755
5739,Courthouse,37.9979712964,-122.5325365539
5740,Other - Shopping,37.8337595699,-122.2920906544
5741,Asian,37.8337934642,-122.2919940948
5742,American,37.83404505,-122.2920826
5743,Furniture,37.8338527833,-122.2928958
5744,American,37.8341404,-122.2921577667
5745,Furniture,37.8333443639,-122.293227911
5746,Asian,37.7990841833,-122.2727036333
5747,Farmers Market,37.7992068333,-122.2160087
5748,Other - College & Education,37.80761345,-122.2690437333
5749,Nike,37.7108160288,-122.1632909775
5750,Starbucks,37.711501045,-122.1626403992
5751,Mexican,37.7116866946,-122.1625784783
5752,Corporate Office,37.7078113331,-122.1578407288
5753,Asian,37.7987808693,-122.2715771198
5754,Costco,37.6160671162,-122.0891976357
5755,Diner,37.838445304,-122.2958564758
5756,Coffee Shop,37.8265767205,-122.2519954685
5757,Coffee Shop,37.8260620167,-122.2528080667
5758,American,37.81853175,-122.2450690667
5759,Pizza,37.32351115,-121.9589999667
5760,Camping & Outdoors,37.32312955,-121.9589470833
5761,Playground,37.7762347333,-122.26181975
5762,Ultra-lounge,37.77469505,-122.2629146167
5763,Dog Park,37.66495225,-122.1448877667
5764,Subway,37.8039350602,-122.2713196278
5765,Ultra-lounge,37.8054297603,-122.2691588209
5766,Dancefloor,37.80861275,-122.26986
5767,Health & Fitness,37.8095648,-122.2703173167
5768,Dive Bar,37.8065490723,-122.2703933716
5769,Plaza / Square,37.8052204,-122.2715694167
5770,Starbucks,37.53818355,-122.3005136167
5771,Pub,37.5451030167,-122.3046089667
5772,American,37.5424980831,-122.3036009349
5773,Burgers,37.5338791333,-122.2936433333
5774,Barnes & Noble,37.5361041922,-122.2973746061
5775,Starbucks,37.7376292,-122.1979715333
5776,Vegetarian / Vegan,37.8036738833,-122.2701484667
5777,Dive Bar,37.7971591867,-122.2728625172
5778,Pub,37.72184625,-122.1531283
5779,Tower,37.3810021554,-122.0341587067
5780,Pub,37.7972122833,-122.2762518
5781,Administration,37.3958820039,-122.028419374
5782,Staybridge Suites,37.3999811,-122.0289177
5783,Coffee Shop,37.6452970667,-122.1049066333
5784,Dive Bar,37.77281955,-122.4098088167
5785,Warehouse & Industrial,37.7717674167,-122.4121252667
5786,Dive Bar,37.7721417534,-122.4105612562
5787,Sports & Outdoors,37.7374816064,-122.1950402856
5788,Castle,37.771618675,-122.42076165
5789,Coffee Shop,37.81154955,-122.2424229667
5790,Historic Landmark,37.7699175387,-122.4615097046
5791,Monument,37.7701992167,-122.4670296667
5792,Mediterranean,37.7698472667,-122.46671435
5793,Monument,37.771236,-122.46596115
5794,Monument,37.7712811167,-122.4666684667
5795,Sculpture,37.7695044167,-122.4677812
5796,Coffee Shop,37.7638724333,-122.47225975
5797,Coffee Shop,37.76396755,-122.46632515
5798,Starbucks,37.7786184249,-122.3965358734
5799,Gas & Automotive,37.7995203667,-122.2290514
5800,Pan Pacific,37.59745135,-122.0705157167
5801,Other - Food,37.5980472565,-122.0696282387
5802,Dive Bar,34.0103023,-118.4935700167
5803,Mediterranean,34.0232407167,-118.3943724333
5804,BBQ,34.0229930333,-118.3950417167
5805,Other - Parks,34.1569242833,-118.1696862167
5806,Farmers Market,34.0246192333,-118.3944439
5807,Sandwich Shop,34.0218578333,-118.3977074333
5808,American,34.0247599333,-118.3947462
5809,Dive Bar,34.0162908006,-118.4001651406
5810,Target,34.1467369,-118.1349226167
5811,Coffee Shop,34.0418037167,-118.23498185
5812,Health & Fitness,34.136222,-118.150345
5813,Soul Food,34.1388670333,-118.1980899
5814,Mexican,34.1441382681,-118.2550251721
5815,City Park,34.14863675,-118.1488948667
5816,Sushi,34.0612572833,-118.3485166833
5817,Other - Art & Culture,34.0623839419,-118.3484314835
5818,Coffee Shop,34.18040633,-118.13337832
5819,American,34.1513540112,-118.2550811411
5820,Wine Bar,34.1456149346,-118.1450843811
5821,Coffee Shop,34.1362511601,-118.1489789486
5822,Sculpture,34.1309538855,-118.1547832489
5823,Stadium,34.1612677465,-118.1676149368
5824,City Park,33.9527626667,-118.3968384167
5825,Trader Joe's,34.1350331167,-118.1470313333
5826,Steakhouse,33.7665128113,-118.1861519897
5827,Italian,34.0470502198,-118.2565355301
5828,REI,34.1428816333,-118.03053725
5829,Bakery,34.1460056243,-118.1436359882
5830,Costco,34.0900287333,-118.1479178833
5831,City Park,34.1202784025,-118.1222319603
5832,Starbucks,34.1574311333,-118.15105165
5833,Plaza / Square,34.0205743667,-118.39838995
5834,Peet's Coffee,33.6973868551,-117.827693224
5835,In-N-Out Burger,33.6949856816,-117.8271567822
5836,Costco,34.5154592539,-117.3178589344
5837,Burgers,34.0613374246,-117.1866646102
5838,Grocery,33.6791526667,-117.9063443167
5839,Target,34.4251452,-117.3840959
5840,Casino,35.1444873,-114.5776063
5841,Dive Bar,34.4269309,-117.57062905
5842,Apartment,38.5791945667,-121.4663295333
5843,Grocery,38.5623964029,-121.4703978718
5844,Lab,38.5793475667,-121.4790606333
5845,Sports Bar,38.5677044333,-121.4885424667
5846,Target,38.791021387,-121.2901353836
5847,Salon & Barbershop,38.5698392833,-121.49086995
5848,Mexican,38.5710878833,-121.4657919833
5849,American,38.56145855,-121.4461497833
5850,Pizza,38.5705811667,-121.4885657833
5851,Mall,37.7820103059,-122.4075436592
5852,Corporate Office,37.7820536345,-122.4012044092
5853,Other - College & Education,37.4597686499,-122.1492254734
5854,Other - Food,37.461937,-122.142543
5855,Bridge,37.50404775,-122.1212184167
5856,Shoes,37.414303069,-121.8953837093
5857,Discount Store,37.4148626899,-121.8950570577
5858,Mall,37.5265069561,-122.0017790794
5859,Five Guys Burgers and Fries,37.50526185,-121.9695801
5860,Wine Bar,37.5041906167,-121.9686735
5861,Chipotle,37.5541942464,-121.9822279882
5862,Starbucks,37.5990805315,-122.0693198762
5863,Cineplex,37.5991898,-122.0688188
5864,In-N-Out Burger,37.5992169121,-122.0657229424
5865,Brewery / Microbrewery,37.52803925,-122.0058576
5866,Grocery,37.5237613907,-122.0075759429
5867,Other - Services,37.5874481166,-122.0002212569
5868,Peet's Coffee,37.6131969,-122.3849857
5869,Candy Store,37.6135376599,-122.3850078165
5870,Bookstore,37.613278391,-122.3848313251
5871,Sandwich Shop,37.6128508228,-122.3842914855
5872,American,37.612816628,-122.3842072925
5873,Sandwich Shop,37.6125435,-122.3856312
5874,American,37.6145906158,-122.3855110489
5875,Sushi,37.614982605,-122.3858184814
5876,Sculpture,36.081812008,-115.1377487183
5877,Gallery,36.11231261,-115.17690682
5878,Pool / Waterpark,36.1125786446,-115.1774132252
5879,Casino,36.1134540474,-115.1763081551
5880,Sculpture,36.1217469167,-115.1707391333
5881,Zoo,36.1205014,-115.1781827
5882,Bar,36.11108481,-115.17308843
5883,Italian,36.1139220806,-115.1741409302
5884,Casino,36.11207604,-115.17683154
5885,French,36.1123619592,-115.1710510254
5886,Theatre,36.1123966289,-115.1714909077
5887,Casino,36.11377716,-115.17026299
5888,Monument,36.1158918167,-115.1734787667
5889,Fine Dining,36.1474485288,-115.1555371284
5890,Other - Food,36.11177068,-115.17708438
5891,Other - Nightlife,36.1119527833,-115.1611598
5892,Casino,36.114415,-115.1601816
5893,Luxury Hotel,36.1065892408,-115.1662874222
5894,Convention Center,36.1040631,-115.1655809333
5895,Arcade,36.1029485696,-115.1724886894
5896,Other - Street Fare,36.02552775,-115.0892581
5897,Corporate Office,36.0253448598,-115.086979866
5898,American,36.0257960636,-115.086261034
5899,Home,36.0297700159,-115.1167416573
5900,Saloon,36.0281346,-115.1178444
5901,Pub,36.1012788293,-115.1349635119
5902,American,36.1077767566,-115.1724886894
5903,Starbucks,37.6646038833,-122.4455021167
5904,Mall,37.7014625072,-122.4828869104
5905,Pub,37.7643708333,-122.4215334667
5906,Bar,37.32107609,-121.94818592
5907,H&M,37.3214377968,-121.9476413727
5908,Shoes,37.3256802333,-121.9430981833
5909,Apparel,37.3251774,-121.9438574
5910,Men's Apparel,37.3252088778,-121.9472551346
5911,Corporate Office,37.3934139713,-122.0788764954
5912,Historic Landmark,37.38594555,-122.0837477333
5913,AT&T,37.42283212,-122.1413923831
5914,Historic Landmark,37.4226403667,-122.1413483833
5915,Department Store,37.4420626377,-122.1727453732
5916,Nordstrom,37.4393692295,-122.1737730503
5917,Shoes,37.4450612833,-122.1622129667
5918,Grocery,37.5876633667,-122.0196157333
5919,Starbucks,37.5882507167,-122.0189182667
5920,Bridge,37.535508655,-122.0751214027
5921,Corporate Office,37.7642436023,-122.4018895626
5922,Coffee Shop,37.4592407667,-122.1527465833
5923,Bridge,37.6179367648,-122.1525835991
5924,Corporate Office,37.7805613,-122.394293683
5925,Corporate Office,37.7677184667,-122.41091875
5926,Corporate Office,37.7623352299,-122.4146461487
5927,Corporate Office,37.7626215167,-122.4005662667
5928,Corporate Office,37.5304555833,-122.2634983
5929,Corporate Office,37.4849046649,-122.2068500519
5930,Modern Hotel,37.5360414333,-122.06289585
5931,Burgers,37.6130372,-122.3853062667
5932,Rental Car,32.7282826333,-117.1900562667
5933,Modern Art Museum,32.731046675,-117.1486866474
5934,Science Museum,32.731466,-117.147034
5935,Bears,32.765555,-117.22272505
5936,Aquarium,32.765457,-117.2273592333
5937,Historic Landmark,32.7205681667,-117.1731805667
5938,Holiday Inn,32.71828995,-117.1729826833
5939,Starbucks,32.6865437167,-117.1800801
5940,Bakery,32.6861816333,-117.1800366667
5941,Dessert,32.68511185,-117.1796614833
5942,Corporate Office,33.6713541987,-117.6473522186
5943,Planetarium,34.1183065768,-118.3003735542
5944,Monument,34.1188950206,-118.3003655076
5945,Cemetery,34.0901496667,-118.3173851167
5946,Modern Art Museum,34.0532638774,-118.2504951954
5947,Rental Car,33.9517082387,-118.3870947361
5948,Gas & Automotive,37.5873706128,-122.021241188
5949,Sandwich Shop,37.6126339667,-122.3842287667
5950,Pizza,37.7614107118,-122.4241733551
5951,Conference,37.772083229,-122.403995893
5952,Motel,37.7788303667,-122.4094394333
5953,Burgers,37.7785864,-122.4099930833
5954,Pizza,37.7775614177,-122.4071595391
5955,Pizza,34.0196486106,-118.4545019233
5956,Luxury Hotel,34.0954348378,-118.3725953605
5957,Arena,34.0118271368,-118.2840593656
5958,Gallery,34.101611283,-118.340496985
5959,Mexican,36.1222186167,-115.2088828333
5960,Starbucks,36.1005269167,-115.2092071167
5961,Duplex,36.0933578833,-115.2216296667
5962,Starbucks,36.1426824667,-115.1371529167
5963,City Park,36.1141797667,-115.2281552
5964,Duplex,36.1484153833,-115.13357105
5965,Gas & Automotive,36.1434818,-115.10521425
5966,Mexican,36.1446930667,-115.1376341167
5967,In-N-Out Burger,36.10411005,-115.1377932667
5968,In-N-Out Burger,36.1006893167,-115.3020926167
5969,Starbucks,36.09929085,-115.2966018667
5970,American,36.0947532833,-115.2088640167
5971,Other - Food,36.0955076333,-115.2965022333
5972,Mexican,36.1295405333,-115.1134648333
5973,Convention Center,36.0879333525,-115.1768875122
5974,Breakfast,36.1441886833,-115.2023938333
5975,American,36.1206705833,-115.1371056
5976,Mall,36.12443149,-115.13481104
5977,Drugstore & Pharmacy,36.1403194333,-115.1373154333
5978,Casino,36.1699354,-115.2918577
5979,Cineplex,36.1699262,-115.29180155
5980,Grocery,36.09902415,-115.2235181667
5981,Mexican,36.0999386667,-115.2096341833
5982,Mexican,36.1606098167,-115.3314929667
5983,City Park,36.1259513087,-115.2761077881
5984,Mexican,36.1156566833,-115.31233355
5985,Mexican,36.0054971333,-115.0960274167
5986,American,36.0676860106,-115.176769495
5987,Dog Park,36.1244526333,-115.2734784
5988,Soul Food,36.1218031,-115.17599564
5989,Bakery,36.1054498759,-115.1762500575
5990,Gym,36.2345256,-115.2293650333
5991,In-N-Out Burger,36.0636410833,-115.0341523333
5992,Costco,36.0697153154,-115.0380027294
5993,Pet Store,36.0817426415,-115.1195526123
5994,In-N-Out Burger,36.2653316167,-115.2566381167
5995,Walgreens,36.0418220667,-115.11932775
5996,Corporate Office,36.0251019029,-115.0879883766
5997,Gallery,36.1095147952,-115.1526014733
5998,Pub,36.1036897199,-115.136294961
5999,Starbucks,36.06604075,-115.0368175333
6000,In-N-Out Burger,36.1955662167,-115.2465542333
6001,Arena,36.1057050933,-115.2022397518
6002,Italian,36.05590975,-115.28113865
6003,Other - Shopping,36.1616289833,-115.1454219667
6004,Dessert,36.1514111333,-115.1512770167
6005,Bar,34.101073351,-118.3348292112
6006,Middle Eastern,34.0480570667,-118.2400092167
6007,Mexican,34.0452670333,-118.26465315
6008,Mexican,34.07242935,-118.2212127333
6009,Bar,34.045052241,-118.2495430112
6010,Dive Bar,34.0763116167,-118.2570725167
6011,South American / Latin,34.0834704333,-118.2867089167
6012,Starbucks,34.1824261737,-118.3108384208
6013,Whole Foods,34.0331841286,-118.4810119785
6014,Starbucks,34.0360242,-118.4778188667
6015,Starbucks,34.0882628548,-118.3790913479
6016,Dive Bar,34.0658434667,-118.2376140833
6017,Dancefloor,34.1083830333,-118.2714564833
6018,Chipotle,34.0610763833,-118.4462321
6019,Brewery / Microbrewery,34.18005465,-118.3079910167
6020,Dancefloor,34.1033948872,-118.3267300827
6021,Mexican,34.0196830167,-118.4802667
6022,Corporate Office,37.7748250943,-122.3979398364
6023,Trade/Tech School,37.7764464833,-122.3985178167
6024,Other - Services,37.7762933117,-122.3989823685
6025,Mall,37.7603790333,-121.4595787
6026,Sports & Outdoors,37.776752824,-122.3980593681
6027,Italian,37.7786524667,-122.3975258667
6028,Breakfast,37.7750414167,-122.4010798833
6029,Saloon,38.23323275,-122.6403665667
6030,Fountain,33.6468498777,-117.839358151
6031,Breakfast,37.4039845833,-122.0981342833
6032,Train Station,37.4288308995,-122.1427237988
6033,Other - Parks,37.4471461667,-122.1700501333
6034,Indian,37.3942993,-122.0995719667
6035,Historic Landmark,37.6633302667,-121.8725835
6036,City Park,37.4525549604,-122.1769165993
6037,Burgers,37.4484108833,-122.1747434833
6038,Brewery / Microbrewery,37.2250640667,-121.9823384667
6039,Sports Bar,37.3776177495,-122.118510842
6040,Bike Shop,37.4445658167,-122.1629589833
6041,Mexican,37.4843673617,-122.2261352546
6042,Train Station,37.50818955,-122.2603015833
6043,Train Station,37.4645291335,-122.1978592873
6044,Train Station,37.6244121843,-122.408670187
6045,Sandwich Shop,37.7761422535,-122.3940145969
6046,Train Station,37.5525306366,-122.3091387749
6047,Asian,37.4535080333,-122.1843846333
6048,Gate,37.3682878872,-121.926922278
6049,Terminal,33.6800326268,-117.8608560562
6050,Dive Bar,37.4440891667,-122.1605311
6051,Asian,37.44571935,-122.16187365
6052,Hall,37.4296722412,-122.1694793701
6053,Doughnuts,37.4648453833,-122.1572794
6054,Other - Food,37.7764445833,-122.4258832667
6055,Terminal,33.6785148579,-117.8617358208
6056,Soul Food,37.4727725271,-122.1551505735
6057,Vegetarian / Vegan,37.38483825,-121.99522325
6058,Apparel,37.459553104,-122.1372691215
6059,Gate,37.6133917701,-122.384946883
6060,Lab,37.4030601948,-122.1474121359
6061,Student Center,33.6497532333,-117.8423615833
6062,Coffee Shop,37.4458483,-122.1618453
6063,Zoo,37.7328806817,-122.5029659271
6064,Lions,37.7323088167,-122.5014095667
6065,Other - Zoo,37.7342121167,-122.5023709833
6066,Other - Zoo,37.7334610333,-122.5024320333
6067,Sandwich Shop,37.52054915,-122.2558261833
6068,South American / Latin,37.3908474833,-122.0807946
6069,Library,33.6471267512,-117.8411149979
6070,Corporate Office,37.4226281815,-122.0856785774
6071,Bank & Financial,37.77860525,-122.3962003167
6072,American,37.7792077754,-122.3956131935
6073,Pub,36.1595505786,-115.288156271
6074,Sandwich Shop,36.1590509015,-115.2878326331
6075,Resort,36.143630147,-115.3012347221
6076,City Park,36.1154128343,-115.258179903
6077,24 Hour Fitness,36.144459546,-115.2650570869
6078,Corporate Office,36.1549557167,-115.33133315
6079,Bookstore,36.0956638167,-115.29619205
6080,American,36.1585404167,-115.2930874333
6081,Pizza,36.1640028313,-115.2897870541
6082,Stadium,36.1792837833,-115.12985675
6083,Other - Food,36.1974668167,-115.240469
6084,Sushi,37.2929274831,-121.9890047077
6085,Barnes & Noble,37.2930880667,-121.9884949167
6086,Gym,37.3315248,-122.0349321167
6087,Other - College & Education,37.2757937833,-121.9812546
6088,Other - College & Education,37.2871993,-121.9696449
6089,Mexican,37.2919911833,-121.949524
6090,Sushi,37.2852017833,-121.9768613833
6091,Trader Joe's,37.2929759,-121.9942911
6092,Bookstore,37.86581145,-122.25869435
6093,Seafood,37.78137075,-122.2436830167
6094,Corporate Office,37.3306204667,-122.0295638667
6095,Sushi,37.2860201939,-121.9798156482
6096,American,37.29133855,-121.9327901333
6097,Corporate Office,37.3317742833,-122.0287229667
6098,Grocery,37.2860661363,-121.9782069385
6099,Mexican,37.2864856333,-121.97854705
6100,Playground,37.7682181667,-122.4578406
6101,Pavilion,37.7680241546,-122.4580791593
6102,Grocery,37.31479975,-121.9776320167
6103,Other - Shopping,37.3226421167,-121.9489802167
6104,Dessert,37.3218079833,-122.0180582
6105,Starbucks,37.2858006819,-121.98216489
6106,Pan Pacific,37.29471195,-121.9416354667
6107,Asian,37.3221831167,-122.01814795
6108,Grocery,37.7585206871,-122.4197106069
6109,Coffee Shop,37.7585008984,-122.4196411293
6110,Bookstore,37.7585878918,-122.4196751897
6111,American,37.3402670333,-121.9054780333
6112,Seafood,37.2851493333,-121.9797257833
6113,Breakfast,37.3233660202,-122.002658844
6114,City Park,37.3231634333,-122.04434205
6115,Frozen Yogurt,37.3085169167,-121.9008698
6116,Bowling,37.32665275,-122.0140639
6117,Pub,37.3210724333,-121.9490334833
6118,Mediterranean,37.44494315,-122.1624036833
6119,Dessert,37.2869329833,-121.94372045
6120,Bookstore,37.2870672667,-121.9447015667
6121,Coffee Shop,37.2871663833,-121.9437101333
6122,Sandwich Shop,37.7659830667,-122.44995025
6123,Breakfast,37.76587745,-122.45031235
6124,Pub,37.2872567333,-121.9433102167
6125,Asian,37.3067196167,-121.9776280667
6126,Breakfast,37.3284182667,-121.9319005
6127,Dessert,37.7767146635,-122.4236020446
6128,City Park,37.7757619333,-122.4243115167
6129,Diner,37.2951550667,-121.9144353833
6130,Italian,37.2885581833,-121.93409115
6131,Italian,37.33750301,-121.89375466
6132,American,37.2881419833,-121.9343188
6133,Pizza,37.3532386271,-121.9998478889
6134,Asian,37.7757195,-122.49454205
6135,Hall,37.3320305346,-121.8818127412
6136,Sandwich Shop,37.339438311,-121.88996315
6137,Mexican,37.3334836833,-121.8755402667
6138,Church,37.232478,-121.958499
6139,Brewery / Microbrewery,37.3346545193,-121.8887615204
6140,Trader Joe's,37.3410089333,-121.9094373833
6141,Wings,37.3402998388,-121.9036531448
6142,Sandwich Shop,37.4257470333,-121.9736211167
6143,Steakhouse,37.3353190167,-121.89810155
6144,Mexican,37.2580468833,-121.8765807833
6145,Pizza,37.8681834833,-122.2589959833
6146,Stadium,37.3196972341,-121.8683338165
6147,Dessert,36.9820179333,-122.0218075167
6148,Mexican,37.2879898167,-121.9315733833
6149,Breakfast,37.240465,-121.95933155
6150,Mall,37.2887677975,-121.9337797165
6151,Steakhouse,37.2873956585,-121.9346702099
6152,Chipotle,37.1511774667,-121.6563106833
6153,Grocery,37.0135876378,-121.5845346451
6154,High School,36.9942753667,-121.57518735
6155,American,37.5064691853,-122.260792459
6156,Craftsman,37.0624032657,-121.5553307533
6157,Diner,37.0213035151,-121.5699992667
6158,Sandwich Shop,37.0022925167,-121.5515160833
6159,Other - Shopping,37.3939267333,-122.0967717833
6160,Mexican,37.3943809167,-122.07854695
6161,Discount Store,37.3792023667,-122.0750767
6162,Subway,37.3942440333,-122.0774631667
6163,Bakery,37.3906625833,-122.0811022333
6164,Indian,37.3937794333,-122.0791279333
6165,Gas & Automotive,37.4066769167,-122.0784385667
6166,Theme Park,34.4229649667,-118.5932596333
6167,Theme Park,34.4218557167,-118.5973934167
6168,Theme Park,34.42097155,-118.59567955
6169,Target,36.8466859781,-119.7856589427
6170,Costco,36.8394182167,-119.7880729333
6171,Casino,36.0098857167,-114.78411915
6172,Other - Entertainment,36.12899494,-115.16609293
6173,Modern Hotel,36.1026309279,-115.1718529654
6174,Theme Park,36.1020817182,-115.1750314236
6175,Exhibit,36.0973229995,-115.1728185587
6176,Ultra-lounge,36.10106587,-115.17295581
6177,Other - Food,36.1211166382,-115.1719589233
6178,Candy Store,36.1207342473,-115.1716518402
6179,Light Rail,36.1189749275,-115.1682400703
6180,Light Rail,36.1421809116,-115.1546359062
6181,Light Rail,36.1121626082,-115.1674032211
6182,Other - Food,36.10230147,-115.17118048
6183,Tower,36.11709803,-115.17368984
6184,Dancefloor,36.1209249102,-115.1724028587
6185,Apartment,33.6697469863,-117.8478956223
6186,Target,33.6999129243,-117.8274250031
6187,Vegetarian / Vegan,33.6971402333,-117.82879885
6188,Starbucks,33.6719646833,-117.84557065
6189,Pub,33.918888022,-117.8988647461
6190,Best Buy,33.790213442,-117.8922271729
6191,Grocery,33.789359,-117.9071004333
6192,BBQ,33.7884925372,-117.8970766068
6193,Target,33.7871371889,-117.9132342339
6194,Starbucks,33.9167289,-117.9004795667
6195,Starbucks,33.7894055667,-117.8929770667
6196,Breakfast,33.802458742,-117.9152866248
6197,BBQ,34.1164762667,-118.1503153833
6198,Other - Nightlife,33.78961275,-118.1514021
6199,Vegetarian / Vegan,33.6782853667,-117.8866508333
6200,24 Hour Fitness,33.7962067,-117.8906575
6201,Brewery / Microbrewery,33.7828208333,-117.8922447
6202,Asian,33.695543581,-117.827757597
6203,Bakery,33.7829374,-117.8923169333
6204,Saloon,33.6774256191,-117.8881502151
6205,Target,33.6854070988,-117.8132843971
6206,Other - Entertainment,34.1043514875,-118.3414328098
6207,Mexican,33.8035951106,-117.8891226829
6208,Victorian,33.8593477667,-117.5647983
6209,Resort,33.7563847667,-117.4938020667
6210,Medical School,33.8114588615,-117.9120326042
6211,Starbucks,34.13309345,-117.9078785833
6212,Italian,34.1363444033,-117.9781705141
6213,Castle,34.16226705,-118.3274727667
6214,American,33.9823948,-117.7046830333
6215,Contemporary Church,33.886244689,-117.8167243969
6216,Cineplex,34.0109914743,-117.7372337231
6217,Brewery / Microbrewery,34.1787771667,-118.3093971167
6218,Starbucks,34.8510372365,-117.0821034908
6219,Mexican,36.0154404667,-115.1194279833
6220,Grocery,36.0012386,-115.1045415833
6221,Contemporary Church,33.6316515311,-117.8343983289
6222,Terminal,38.6929917756,-121.5927772106
6223,Mall,34.0053908523,-118.1522089578
6224,Toys & Games,33.8090604667,-117.9228136167
6225,Brewery / Microbrewery,38.0018364833,-121.31739575
6226,Other - Food,38.4235979167,-121.3995453333
6227,American,38.4223942833,-121.41738
6228,Mexican,33.8094130046,-117.9236572981
6229,Other - Nightlife,33.8080000423,-117.9226005077
6230,The Home Depot,38.4252856219,-121.4020478725
6231,Zoo,38.5394933667,-121.50245985
6232,Other - Art & Culture,38.2275562667,-122.4567023667
6233,Brewery / Microbrewery,38.2720718384,-122.6633300781
6234,Whole Foods,38.7670338833,-121.2670364
6235,Chick-fil-A,38.42344365,-121.3927892667
6236,Health & Fitness,32.7634867333,-117.1924142667
6237,Starbucks,32.7261878843,-117.1692657994
6238,Sandwich Shop,32.9567598833,-117.2644441333
6239,Starbucks,33.8128536333,-116.54422195
6240,Coffee Shop,33.8303502833,-116.5469630833
6241,Italian,32.7219991182,-117.1682606461
6242,Starbucks,32.9592762,-117.2650704667
6243,Brewery / Microbrewery,32.9929212167,-117.2720514667
6244,Dive Bar,32.7790254,-117.20729165
6245,Mexican,32.782116471,-117.2067058318
6246,Hospital,33.8114843667,-118.3451844833
6247,Modern,33.8037139167,-118.30053915
6248,Other - Entertainment,33.8319025716,-118.2238601329
6249,Bowling,33.8243026333,-118.3518375667
6250,Target,33.8094352909,-118.2860076427
6251,Other - Entertainment,33.76394957,-118.19520765
6252,H&M,33.8332641485,-118.3494412978
6253,Mall,33.8332671491,-118.3497423534
6254,Coffee Shop,37.33611,-122.01563005
6255,Italian,37.4157857833,-122.0774602833
6256,Post Office,37.62221193,-122.39963221
6257,Farmers Market,37.7361166333,-122.41018295
6258,Plaza / Square,37.4448253833,-122.1624341333
6259,Sushi,37.3933398167,-122.0795110333
6260,Farmers Market,37.7712446167,-122.40655855
6261,Pet Store,37.7474308667,-122.4272985667
6262,Grocery,37.3774869167,-122.0765047667
6263,Sushi,37.7667906833,-122.4330987333
6264,Post Office,37.7537670833,-122.4164330333
6265,Other - Nightlife,37.7566352333,-122.41913055
6266,Frozen Yogurt,37.7776348333,-122.3929410667
6267,Indian,37.4440991833,-122.1631672167
6268,Racetrack,37.4915789338,-122.2178685665
6269,Tea Room,37.7613213167,-122.43070955
6270,Dessert,37.7577616687,-122.3882840149
6271,Trader Joe's,37.40076792,-122.110102349
6272,Church,37.2315647247,-121.965104657
6273,American,37.2505992,-121.8754349
6274,Sandwich Shop,37.23251375,-121.9775965167
6275,Wings,37.3024200667,-121.865229
6276,In-N-Out Burger,37.2490366,-121.8593697167
6277,Frozen Yogurt,37.2927904565,-121.9941470338
6278,Chipotle,37.2622555,-121.9320230833
6279,Subway,37.2538056833,-121.95248845
6280,Bakery,37.60060715,-122.38208745
6281,Other - Food,37.2622537333,-121.93326245
6282,Lowe's,37.3495335,-121.9223585833
6283,Brewery / Microbrewery,37.2503490789,-121.8631182564
6284,Pizza,37.3085853833,-121.9004205667
6285,Burgers,37.2375805667,-121.9625425167
6286,BBQ,37.3061276634,-121.9318572734
6287,Diner,37.3867498,-122.2653394833
6288,Grocery,37.2668300167,-121.83361105
6289,Ultra-lounge,37.2273904,-121.97440034
6290,Health & Fitness,37.2545171833,-121.86018215
6291,Peet's Coffee,37.2351507333,-121.9611724167
6292,Sushi,37.2749071301,-121.8532549009
6293,Asian,37.3245724833,-122.0330894333
6294,Costco,37.2532100151,-121.8802320957
6295,Breakfast,37.2573590167,-121.8765978667
6296,Pizza,35.2812554277,-120.6607282162
6297,Coffee Shop,35.2815734167,-120.65986825
6298,Starbucks,36.4162924,-121.3209334333
6299,American,37.36510715,-121.9151449
6300,Coffee Shop,37.2881090158,-121.9347268559
6301,Modern,37.2636076833,-121.8902418
6302,Ultra-lounge,37.2395133667,-122.0067806667
6303,Saloon,37.3363377833,-121.8938146
6304,Gate,37.611409787,-122.3899912834
6305,Golf Course,37.3745931,-122.1719035167
6306,Monument,37.2394180298,-122.0065536499
6307,Dancefloor,36.12850495,-115.1782443667
6308,City Park,37.3387388455,-121.8912291527
6309,Technology,37.2933377651,-121.938313715
6310,Burgers,37.3239851833,-121.92089945
6311,American,37.3359525167,-121.8927526333
6312,Tacos,37.3408484,-121.9137181
6313,Asian,37.3237331167,-121.9272857833
6314,Starbucks,37.3373058158,-121.8883039464
6315,Wings,37.3362053611,-121.8880105019
6316,Ultra-lounge,37.3308087885,-121.8878335373
6317,Other - Entertainment,37.3747698989,-122.0598328114
6318,Sports & Outdoors,37.3231015333,-121.9108702667
6319,Italian,37.293711,-121.9122418167
6320,Sandwich Shop,37.3370529569,-121.8889217112
6321,American,37.3351305237,-121.8881499767
6322,Other - Food,37.2564625667,-122.0347595167
6323,Coffee Shop,37.3311825667,-121.90825475
6324,Costco,37.3569057752,-121.9392728806
6325,Beach,35.1361133,-120.6409041
6326,Seafood,35.1400669333,-120.64241905
6327,Barnes & Noble,37.32246625,-121.9632435833
6328,Indian,37.2606961167,-121.9315549
6329,Music,37.32385115,-121.9652291333
6330,Asian,35.2792130167,-120.664391
6331,Pub,35.2776974,-120.6666554667
6332,Bakery,37.3326841667,-121.8918662333
6333,Sandwich Shop,37.3339938237,-121.887640357
6334,Other - Food,37.2936137,-121.9307939333
6335,Mediterranean,37.2838462167,-121.9312535333
6336,Live Music,36.9710812,-122.0256217667
6337,The Home Depot,37.2629203667,-121.9210849833
6338,Brewery / Microbrewery,37.2906989927,-121.9336724281
6339,Sandwich Shop,37.3822235333,-121.8953229167
6340,Gate,37.3635312923,-121.9207670678
6341,Pub,37.3354632131,-121.8935894966
6342,Italian,37.3310153,-121.8880332
6343,Golf Course,37.3316158686,-121.9637936354
6344,American,37.251066492,-121.8615102768
6345,Cineplex,33.6519763588,-117.7453923225
6346,Mediterranean,37.3359039167,-121.89123955
6347,Pizza,37.3345357167,-121.8940050167
6348,Corporate Office,37.3324121,-122.0357535667
6349,Condo,37.25965565,-121.8801435
6350,Mexican,37.2945491667,-121.9880191
6351,American,34.104636,-117.8175611333
6352,Breakfast,34.1284980167,-117.8766265667
6353,Theatre,37.39014605,-122.0816000167
6354,Corporate Office,37.2386633424,-121.9748178663
6355,City Hall,33.8155287333,-117.9185946333
6356,AMC Theatre,37.2888685,-121.99006045
6357,Mexican,37.2533143167,-121.87605695
6358,Coffee Shop,37.0465972898,-122.0315515995
6359,Other - Entertainment,37.04969225,-122.0656482833
6360,BBQ,37.2427881667,-121.8389152
6361,Other - Food,37.2507248891,-121.8626260757
6362,Starbucks,37.2380437333,-121.8306047167
6363,Street Fare,33.81062358,-117.91917908
6364,Pub,33.6426165833,-117.9185005167
6365,Starbucks,37.24911655,-121.8577168833
6366,The Home Depot,37.2927875,-121.94130055
6367,Bakery,37.2219371,-121.9824721333
6368,Other - Parks,37.6598045712,-121.887087822
6369,Seafood,33.78718455,-117.9154659
6370,In-N-Out Burger,33.8827904833,-118.02446735
6371,Breakfast,36.02204195,-115.0905205667
6372,Casino,36.0204942562,-115.0895869732
6373,Wings,36.0030353167,-115.1112183833
6374,Pool / Waterpark,36.0193054223,-115.0790834427
6375,American,36.0215126,-115.0831595
6376,Walgreens,36.0352738167,-115.0850133667
6377,Pub,36.0207005427,-115.0905553714
6378,Other - Entertainment,36.1179609174,-115.1748812199
6379,American,36.1175362426,-115.1726281643
6380,Gas & Automotive,35.9990000667,-115.1045322333
6381,Seafood,36.0014383167,-115.1070866
6382,Italian,36.0202379833,-115.0887956333
6383,Mexican,36.0801611333,-115.1472643333
6384,Diner,36.0790741013,-115.1407987461
6385,Sports Bar,36.0203231147,-115.0909225785
6386,Starbucks,36.1322283543,-115.1531490757
6387,Dancefloor,36.0201716333,-115.0902168167
6388,Other - Entertainment,36.12302375,-115.1688766
6389,Other - Food,36.0214375833,-115.0881284333
6390,Casino,36.031991177,-115.009624958
6391,Theatre,36.0192620667,-115.0813438833
6392,Coffee Shop,33.6773452648,-117.8864657879
6393,Grocery,33.57144945,-117.7256172167
6394,American,34.077536334,-118.2597005367
6395,Mexican,33.6161235234,-117.7059440809
6396,Other - Nightlife,34.1075273387,-118.2658883929
6397,Dessert,34.0915783833,-118.2795326167
6398,Grocery,34.0920467145,-118.2803428173
6399,Ice Skating,33.5681817778,-117.7288484573
6400,Other - Food,33.6510832656,-117.7461647987
6401,Target,33.5706564753,-117.7046792207
6402,Nordstrom,33.69146335,-117.8896528667
6403,Whole Foods,33.5439968518,-117.7835655212
6404,Sandwich Shop,33.5558526859,-117.6704375886
6405,Barnes & Noble,33.5744363977,-117.72522686
6406,Mexican,33.5750942167,-117.7257796667
6407,Luxury Hotel,33.5828405571,-117.7285499711
6408,Bakery,34.0725970525,-118.3690453892
6409,Other - Architecture,33.4899519538,-117.7134418488
6410,Grocery,34.09250785,-118.1460064667
6411,Starbucks,34.01724665,-118.1061805167
6412,Starbucks,33.9610487,-118.1104925167
6413,Starbucks,34.0947521411,-118.1281113625
6414,Costco,34.133708,-117.9251609
6415,In-N-Out Burger,34.000517774,-118.0830287933
6416,Grocery,34.0872141833,-117.87348625
6417,Brewery / Microbrewery,34.0726257667,-117.8885498333
6418,Mall,34.0711985,-117.9290003667
6419,In-N-Out Burger,34.1061011,-118.1344261167
6420,Target,34.0732707157,-117.8831827641
6421,Mall,33.926327366,-116.8144437716
6422,Other - College & Education,34.0194788462,-118.033246994
6423,Sandwich Shop,34.0915358167,-117.87672515
6424,Wings,34.07479855,-117.8912970833
6425,Brewery / Microbrewery,34.0722117,-117.8837991
6426,Target,34.0325255335,-117.9133226924
6427,Modern Hotel,37.3517868833,-122.0136803
6428,Other - Parks,34.1843043833,-118.5179576333
6429,Trader Joe's,34.1717909333,-118.5178619333
6430,Modern Hotel,37.35292605,-122.0022320167
6431,American,34.1494243,-118.44074845
6432,Mexican,34.0310944167,-118.4470899
6433,Asian,34.1554558159,-118.4662321402
6434,Apartment,38.7799960333,-121.28467135
6435,Health & Fitness,33.91389955,-117.32127675
6436,Pizza,33.9566640833,-117.3316495333
6437,Other - Nightlife,34.0744082349,-117.5518119335
6438,Sports Bar,34.0687010167,-117.1407065333
6439,Pub,34.0568336132,-117.1825856834
6440,Cineplex,34.0758656591,-117.5484752655
6441,Mexican,32.7422927667,-117.18024525
6442,Coffee Shop,32.7093648167,-117.15590255
6443,Pub,33.9562855203,-117.3931426296
6444,In-N-Out Burger,32.7519312,-117.20528
6445,Breakfast,32.7118658726,-117.1609604359
6446,Bakery,32.71075005,-117.1592705
6447,Luxury Hotel,34.0529811234,-118.2551855318
6448,Middle Eastern,32.7118387909,-117.1566152573
6449,Burgers,34.0695470107,-118.2765877247
6450,Starbucks,33.7714417833,-118.3726072833
6451,American,33.7389268055,-118.2839439921
6452,Cinemark Theatre,33.7646637,-118.1937626167
6453,Brewery / Microbrewery,33.7594248,-118.1480280333
6454,Asian,33.7715892745,-118.1662362814
6455,Starbucks,34.0185644782,-118.4990176457
6456,Gym,33.7740112,-118.3755563667
6457,Sports Bar,34.0151202833,-118.4957766833
6458,Condo,33.738330365,-118.2832181454
6459,Sports Bar,33.9016389833,-118.4181219833
6460,Asian,34.0661964251,-118.3759260178
6461,Bridge,33.7495355584,-118.2716846466
6462,Mexican,32.7554590333,-117.1973043833
6463,Dancefloor,36.11512303,-115.19365614
6464,Craftsman,37.7368783833,-122.1445155
6465,Subway,37.7972124997,-122.2650647163
6466,Nordstrom,37.6945291498,-121.9256380746
6467,The Home Depot,37.7172731833,-122.1785944167
6468,Subway,37.90217725,-122.2986979833
6469,Asian,37.7386534532,-122.1440265053
6470,Corporate Office,37.328308689,-122.0095603574
6471,Seafood,37.8022396423,-122.2616153955
6472,Subway,37.9254823667,-122.3171766833
6473,Sandwich Shop,37.7167456634,-122.1780771365
6474,Starbucks,37.7163676,-122.1786339333
6475,Target,37.9878256937,-122.30946064
6476,Best Buy,37.990457,-122.307607
6477,Other - Medical,37.6062022167,-122.0835548
6478,Bookstore,37.60120605,-122.0660502167
6479,Best Buy,37.60102685,-122.0637632667
6480,Bookstore,37.69519055,-122.0827973
6481,American,37.7578397581,-122.251149416
6482,Other - Shopping,37.7563977564,-122.2516214848
6483,South American / Latin,37.7657108951,-122.241332531
6484,Hospital,37.6307177,-122.0953901
6485,Trader Joe's,37.6850274667,-122.0729862167
6486,Modern Hotel,37.8347340238,-122.2938716412
6487,Mexican,37.7038497333,-122.1679894833
6488,Sports & Outdoors,37.7156057,-122.1782449167
6489,Italian,37.7656711667,-122.2413675333
6490,Other - Food,37.7669500446,-122.2405577869
6491,Coffee Shop,37.7823814167,-122.4759789333
6492,Asian,37.78236185,-122.4699468
6493,Asian,37.78008845,-122.48091465
6494,Pub,37.7799068833,-122.479932
6495,Asian,37.7829158167,-122.4625182
6496,American,37.783061171,-122.4615912676
6497,Gym,37.8510054886,-122.2922594787
6498,Vegetarian / Vegan,38.3003463167,-122.2863964833
6499,Vegetarian / Vegan,37.8647752406,-122.2673796742
6500,Mexican,36.8511321,-119.8068967167
6501,Health & Fitness,36.8508378333,-119.80657675
6502,Grocery,36.81123885,-119.8726844667
6503,Seafood,35.2857873833,-120.6548503833
6504,Other - Food,36.8409674167,-119.7811588167
6505,Mexican,36.8409994167,-119.7888198
6506,Wine & Spirits,36.8464009779,-119.7910104358
6507,Old Navy,36.84569825,-119.78946395
6508,American,36.8478734667,-119.7906899167
6509,Target,36.8092275,-119.84780205
6510,Bookstore,36.8487731333,-119.7889053833
6511,Pizza,36.8501924667,-119.7880064833
6512,Mission,35.28058005,-120.6639785667
6513,Modern,33.8227845167,-118.20148565
6514,Asian,33.8058226082,-117.9198539257
6515,Target,33.8163376,-118.18256035
6516,Disneyland Resort,33.8064517333,-117.92010265
6517,Pizza,33.811675033,-117.9170161486
6518,Best Buy,33.8071882,-118.1684395833
6519,Other - Food,33.8117040044,-117.9184162617
6520,Italian,33.98026221,-117.36893445
6521,Diner,33.8082696667,-117.9152523833
6522,Other - Art & Culture,33.5469745113,-117.78247118
6523,Sports Bar,33.6773541931,-117.6627588272
6524,In-N-Out Burger,33.6815779667,-117.6691887333
6525,Chipotle,33.6803355671,-117.6679762569
6526,Contemporary Church,33.6637286019,-117.6447826624
6527,McDonald's,33.6805901833,-117.6653652
6528,Target,33.6768002403,-117.6642418647
6529,Grocery,33.6721890444,-117.8462165594
6530,Burgers,33.6196267333,-117.7023308833
6531,Starbucks,33.6605372167,-117.6682579
6532,College,33.6751667436,-117.7780723572
6533,Costco,33.7730295928,-117.9407536983
6534,Sandwich Shop,33.6755918254,-117.6635075114
6535,Seafood,33.67393315,-117.6629136333
6536,Corporate Office,33.66516635,-117.6704361333
6537,Starbucks,33.6683864167,-117.7635467667
6538,Coffee Shop,33.6464417929,-117.6883100457
6539,Pizza,33.6119242,-117.7075975
6540,Frozen Yogurt,33.6517262936,-117.7455961704
6541,Burgers,33.618606378,-117.702918866
6542,Frozen Yogurt,33.6955301915,-117.8270280361
6543,Church,34.05582095,-117.1595335167
6544,Apartment,34.0511341333,-117.2029022167
6545,The Home Depot,34.0692312667,-117.1982696333
6546,Target,34.0719189333,-117.2071934667
6547,Coffee Bean and Tea Leaf,34.0602804777,-117.1825510366
6548,Apartment,34.0494592884,-117.2059035301
6549,Other - Street Fare,34.0562855667,-117.1789379333
6550,Bank & Financial,34.0571403333,-117.1792026167
6551,Other - Food,34.05659335,-117.1799038833
6552,Coffee Shop,34.0474811833,-117.2081818
6553,Mall,34.0845668833,-117.2987351833
6554,Health & Fitness,34.05861735,-117.2079188167
6555,Fine Dining,33.807386169,-117.9217494149
6556,Fountain,33.8151625167,-117.9181964833
6557,Chipotle,33.9551959333,-117.3897669833
6558,Other - Nightlife,34.1406505,-117.2018606
6559,Salon & Barbershop,34.0560772667,-117.1812303833
6560,Apartment,34.0517725333,-117.1966742833
6561,Victorian,34.1619233,-117.2757706
6562,Chick-fil-A,34.0704588833,-117.2038131833
6563,Starbucks,34.0693505333,-117.2092494667
6564,Craftsman,34.0183006167,-117.3220260333
6565,Arts,34.0707127956,-117.2712312921
6566,Italian,34.0653467,-117.2107339167
6567,Wine & Spirits,34.0714577628,-117.2025668621
6568,Hall,34.06860482,-117.27726888
6569,Brewery / Microbrewery,34.0649453,-117.2646578667
6570,Garden,34.1123641754,-117.5336050987
6571,Starbucks,34.1121686167,-117.5334615667
6572,Nordstrom,33.9101764167,-117.458709
6573,Trader Joe's,34.0605609,-117.1812960833
6574,Mall,33.9097676333,-117.4566675
6575,Women's Apparel,33.9108012579,-117.4583410157
6576,American,34.0983009333,-118.3286333
6577,Walmart,34.0653364333,-117.22235965
6578,Cineplex,34.0583304714,-117.1856045723
6579,Old Navy,33.5589256503,-117.6696358063
6580,Bakery,34.0497437496,-117.1714532375
6581,Chipotle,34.0609933167,-117.18293795
6582,Grocery,34.0482236492,-117.2071266174
6583,Fine Dining,33.90821635,-117.4568421833
6584,American,34.0716443667,-117.2091189167
6585,Target,32.7518318167,-117.2101783333
6586,Condo,33.6808083915,-117.838689436
6587,Cineplex,33.7227245166,-117.7903783321
6588,Asian,33.6687264667,-117.78536955
6589,Historic Landmark,33.6700791,-117.6465994833
6590,Coffee Shop,33.6777729667,-117.83306355
6591,Asian,33.6706055167,-117.6521153
6592,French,33.68328445,-117.8079988333
6593,Starbucks,33.6135381796,-117.6794421673
6594,Burgers,33.68300395,-117.80841055
6595,Asian,33.6755847833,-117.6634883833
6596,Mexican,33.6714348667,-117.6531682833
6597,Pizza,33.7631064667,-118.1945889
6598,Cineplex,38.4184219833,-121.4043479333
6599,Health & Fitness,38.4268266647,-121.4836877704
6600,Steakhouse,38.4239268667,-121.4194892833
6601,Best Buy,38.4259748431,-121.3982391357
6602,Starbucks,37.8916645667,-122.12013815
6603,Other - College & Education,37.8704830167,-122.26765735
6604,Other - Art & Culture,37.7750809167,-122.4025918833
6605,Starbucks,37.8705167667,-122.2660517667
6606,Other - Food,37.8704748703,-122.2679400444
6607,Coffee Shop,37.8410295327,-122.2515356541
6608,Performing Arts,37.9608208,-122.05647635
6609,Mexican,38.9599637093,-119.9416921554
6610,American,37.7640809783,-122.4649920976
6611,Starbucks,38.3205317667,-122.31052845
6612,Grocery,37.7830363192,-122.4313509464
6613,Other - Food,38.9445203667,-119.9676340833
6614,Casino,38.9603036542,-119.9414567564
6615,Lake & Pond,38.9461761096,-119.9693834782
6616,Breakfast,38.9300956667,-119.9806188167
6617,Subway,38.0032179382,-122.0245778561
6618,Pub,32.792478241,-117.0981930474
6619,Ultra-lounge,32.7103222028,-117.1593725681
6620,Breakfast,32.7795361667,-117.1286203667
6621,Target,32.76735975,-117.1509371167
6622,Coffee Shop,32.759102874,-117.1463572087
6623,Bookstore,37.7785675455,-122.3925447464
6624,Pub,37.7717728667,-122.4331168667
6625,Sculpture,33.6792289167,-117.86095635
6626,Other - Architecture,33.7406500316,-117.8340125084
6627,Modern Hotel,33.805826,-117.9148888
6628,Plaza / Square,33.8063215833,-117.9175435667
6629,Grocery,33.7730940167,-117.8657200167
6630,Bookstore,37.6186132865,-122.3865476291
6631,Tea Room,38.2330816625,-122.6434707642
6632,Church,36.517195,-119.4327522167
6633,Cineplex,37.6373209748,-122.4174919724
6634,Starbucks,36.6033384833,-119.4601841833
6635,In-N-Out Burger,34.3769344333,-118.5650662
6636,Mall,36.2268904667,-119.3341267667
6637,Library,37.4267686,-121.9229344833
6638,Best Buy,37.4277312333,-121.92278245
6639,Italian,37.4274166833,-121.9205082333
6640,Bakery,37.4373695393,-121.9240916569
6641,Mexican,36.9688077333,-122.02831635
6642,Student Center,36.98865435,-121.92506425
6643,Temple,36.9845324,-122.0074816833
6644,Pizza,36.9722313,-122.0254938
6645,Sushi,36.9725451,-122.0240487333
6646,Asian,37.327748,-122.0133334667
6647,Terminal,37.3627643121,-121.921967268
6648,Library,36.9990996326,-122.0607554913
6649,Lab,36.9976368879,-122.0617023981
6650,Grocery,37.2935426,-121.9107183667
6651,Peet's Coffee,37.2906162167,-121.9919645667
6652,Hospital,37.3689378793,-122.080013752
6653,Cineplex,38.6549128972,-121.0651830738
6654,Corporate Office,37.83367248,-122.2836410314
6655,Victorian,37.7459434225,-122.4298225183
6656,Historic Landmark,37.7441784667,-122.4312815167
6657,Student Center,37.8692468045,-122.2594106197
6658,Arts,37.8690181279,-122.2610092163
6659,Breakfast,37.7485341994,-122.4270491511
6660,Bakery,37.7389665667,-122.4140398333
6661,Other - Food,37.75902125,-122.4145796167
6662,Sushi,37.7389744121,-122.4156125676
6663,Shoes,37.7588576247,-122.4212551117
6664,Modern Hotel,34.0739668246,-118.4675972185
6665,Asian,37.74345985,-122.4267557667
6666,Grocery,37.73421355,-122.4337848167
6667,Casino,33.7207032333,-116.1939410833
6668,Mall,33.723661483,-116.3952541351
6669,Burgers,33.7138371833,-116.2919146667
6670,Casino,33.8255333868,-116.5429258347
6671,Other - Shopping,33.8116070167,-117.9200381167
6672,Breakfast,33.8093553333,-117.9149569333
6673,Modern Hotel,33.8174593475,-117.9151476853
6674,Other - Architecture,33.8114857,-117.9186272833
6675,Dive Bar,37.4155290167,-122.1010029833
6676,Seafood,37.43854025,-122.1606713833
6677,Pub,37.3932797198,-122.0791634917
6678,Ski & Snowboard Area,39.1917862889,-120.2483224869
6679,Sushi,39.20023536,-120.23861938
6680,Pub,39.1970413142,-120.2336776257
6681,River & Stream,37.3880266,-122.0695429167
6682,Bar,37.3360052683,-121.8917181954
6683,Sushi,37.4027300076,-122.0797026157
6684,Asian,37.3932211167,-122.0793655833
6685,Gas & Automotive,37.38715425,-122.0877155167
6686,Seafood,37.4908838167,-122.2281754
6687,American,37.6092441705,-122.390586672
6688,Gate,37.6136365027,-122.3885965347
6689,Pizza,37.3938736833,-122.0788025167
6690,Starbucks,33.98739805,-117.3726971833
6691,Starbucks,33.8015252352,-117.230220437
6692,Starbucks,33.9828120333,-117.3391458667
6693,Other - Shopping,33.939755559,-117.2711884975
6694,Luxury Hotel,32.7116601556,-117.1708576774
6695,Wings,33.5542672833,-117.1796872833
6696,Cineplex,33.5030793569,-117.1521505599
6697,Starbucks,33.9399913833,-117.2782885
6698,Bridge,34.0587017333,-118.2400276
6699,Grocery,33.6735596025,-117.9523944855
6700,Gas & Automotive,35.61192455,-115.386869
6701,Ultra-lounge,36.0928345935,-115.174014549
6702,Casino,36.1736817104,-115.1452964544
6703,Other - Travel & Lodging,34.91380545,-116.79269655
6704,Asian,32.8242746333,-117.1555577333
6705,Pizza,33.5237635833,-117.1507493167
6706,Pub,37.4434447167,-122.1604156333
6707,Starbucks,37.38333735,-121.8942342167
6708,Costco,37.3895409,-121.8838343
6709,Asian,37.3238896667,-121.9807815
6710,Indian,37.4446324667,-122.1649953
6711,Sushi,37.3597581833,-121.9088306667
6712,Pizza,37.8914602833,-122.2784029167
6713,Subway,37.5570628833,-121.9762708333
6714,Asian,37.5856820705,-122.3651506226
6715,American,37.3240741606,-121.9477164745
6716,Mexican,37.3142138333,-122.0318115333
6717,Health & Fitness,33.5345399667,-117.7770107667
6718,Pizza,33.652376,-117.7457407
6719,Other - Entertainment,33.6505115,-117.7445554667
6720,Starbucks,33.6521639072,-117.7458107471
6721,Diner,33.6521951652,-117.74523139
6722,Barnes & Noble,33.6504313017,-117.7429354191
6723,Urban Outfitters,33.6505719,-117.7431127167
6724,Other - Entertainment,33.6503866465,-117.7434504032
6725,Other - Shopping,33.6505219333,-117.7452689167
6726,Mexican,33.651507486,-117.7461031079
6727,Dog Park,33.5714579,-117.7625543167
6728,Hardware Store,33.54330635,-117.7847291333
6729,Antique Hotel,33.5412471202,-117.7828091383
6730,Cineplex,33.5424275035,-117.7846840024
6731,Accessories,36.1090335968,-115.1738405228
6732,Luxury Hotel,36.1074993822,-115.1693665981
6733,Dancefloor,36.1084355167,-115.1707291603
6734,Sushi,36.10654945,-115.1711222667
6735,Dessert,36.11281526,-115.17398738
6736,American,36.1120152614,-115.1720058918
6737,French,36.1122514,-115.17118829
6738,Bakery,36.1141647633,-115.1737654209
6739,Casino,35.6116739213,-115.3919255733
6740,Mexican,33.6187710333,-117.7035243833
6741,The Home Depot,33.6193456509,-117.7048480511
6742,Bookstore,33.6976100091,-117.8276288509
6743,American,33.6482683,-117.8380333
6744,Breakfast,33.5335382833,-117.7763809167
6745,Breakfast,33.6791023,-117.85945564
6746,Grocery,33.6493822108,-117.830900745
6747,Starbucks,33.6490287781,-117.8306732178
6748,Train Station,33.65708765,-117.7325852667
6749,In-N-Out Burger,33.5451474751,-117.6738925383
6750,Historic Landmark,33.431745761,-117.6316130161
6751,Seafood,33.419523138,-117.6202833652
6752,Train Station,33.1919725,-117.3794527333
6753,Other - Food,33.6047011379,-117.8741490841
6754,Other - Architecture,33.5831022,-117.84878385
6755,Starbucks,33.5700085667,-117.8327246
6756,Health & Fitness,33.6444777188,-117.829086082
6757,City Park,33.5436123418,-117.7906680107
6758,Barnes & Noble,33.6157132114,-117.874308348
6759,Starbucks,33.5423604367,-117.7844452858
6760,Post Office,33.5443055167,-117.7819822333
6761,Sports & Outdoors,33.6912722105,-117.8928923607
6762,Dive Bar,33.5420649333,-117.7837333667
6763,Steakhouse,33.5448038703,-117.7816101909
6764,Corporate Office,33.6638390833,-117.7439874167
6765,Wings,32.7116401915,-117.1609175205
6766,Saloon,32.7111527185,-117.160230875
6767,In-N-Out Burger,34.0663899167,-117.2619442667
6768,Burgers,34.07086925,-117.3968469
6769,Brewery / Microbrewery,34.0831390751,-117.1419006586
6770,Grocery,34.1108386333,-117.17203135
6771,Mexican,34.1226149833,-117.19452995
6772,Starbucks,34.0693110167,-117.26182005
6773,Sandwich Shop,34.0692350667,-117.2620443167
6774,Asian,34.0699234009,-117.2618484497
6775,Dessert,34.0693998,-117.2624309
6776,Wings,34.1044731,-117.5383875833
6777,Grocery,34.1074936333,-117.5397532
6778,Walmart,34.1372080333,-117.1958402833
6779,American,34.12095565,-117.19661555
6780,Starbucks,34.120628,-117.2027144167
6781,Target,34.1382231833,-117.2447148
6782,French,34.06616255,-117.27663025
6783,Italian,34.0669112667,-117.2745720167
6784,American,34.0664611167,-117.2881250333
6785,Best Buy,34.06658605,-117.2672625833
6786,24 Hour Fitness,34.0687471167,-117.4415346833
6787,Target,34.0645523833,-117.4350709833
6788,Hospital,34.0726709363,-117.4355249808
6789,American,34.1103353087,-117.5311217744
6790,Burgers,34.10410815,-117.6899676833
6791,Burgers,34.135367564,-117.2789803147
6792,Fine Dining,36.0957243725,-115.1740659196
6793,Burgers,36.09516054,-115.17355072
6794,Sports Bar,36.102846715,-115.1735374331
6795,Bar,36.1020335333,-115.1734085326
6796,Mexican,34.0553261066,-117.1760344505
6797,McDonald's,34.0549093167,-117.1755195
6798,Sonic,34.0776251988,-117.5568437576
6799,Frozen Yogurt,34.1103655161,-117.5355470181
6800,Discount Store,34.0493208667,-117.3059753833
6801,Costco,34.0681599667,-117.2633000167
6802,Brewery / Microbrewery,34.1119254167,-117.5328288833
6803,Other - Nightlife,33.8699471167,-117.9232044833
6804,Wings,37.5023123833,-122.2460392667
6805,Italian,37.6264384333,-122.4246078833
6806,Mall,37.5376270444,-122.3011565208
6807,Nordstrom,37.537091072,-122.2981202602
6808,LEGO Store,37.5370583493,-122.2999299995
6809,Apple Store,37.5363449238,-122.3000331514
6810,Toys & Games,37.5601637333,-122.2811794167
6811,Best Buy,37.6390426833,-122.4199822
6812,Starbucks,37.6386750252,-122.4210070074
6813,Tea Room,37.54463315,-122.2851194
6814,Gas & Automotive,37.5459899902,-122.2857437134
6815,Other - Nightlife,33.8058593833,-117.9118854833
6816,Bus Station,33.80135381,-117.91080504
6817,Other - Architecture,33.8105002,-117.9164270167
6818,Terminal,33.9412145562,-118.4072912861
6819,Luxury Hotel,37.4415499759,-122.1635270119
6820,Corporate Office,37.4146330316,-122.1461674107
6821,Diner,34.0699927,-118.4018241667
6822,Luxury Hotel,34.0090916912,-118.493117094
6823,Indian,34.0166330333,-118.4055161333
6824,Corporate Office,37.7819387,-122.3932963333
6825,Italian,37.7514803333,-122.4319410167
6826,Starbucks,37.7512768333,-122.4318060667
6827,Mediterranean,37.44815485,-122.1605199833
6828,Pan Pacific,37.599907,-122.36678165
6829,Other - Entertainment,37.7633008049,-122.4078966785
6830,Post Office,37.7791156,-122.3959239
6831,Sushi,37.3389132333,-121.9726514167
6832,Women's Apparel,37.321156238,-121.9476735592
6833,Starbucks,37.3527804667,-121.9972156833
6834,Mediterranean,37.3772281333,-122.0304756833
6835,Beach,37.7672432,-122.5108812333
6836,BBQ,37.7466258843,-122.4189789119
6837,American,37.7527671808,-122.4083375931
6838,Burgers,37.7749142221,-122.4377133536
6839,Ultra-lounge,37.7767333255,-122.438746002
6840,Starbucks,37.57960815,-122.3461044667
6841,Sushi,37.7759387289,-122.3937571049
6842,Pizza,37.7646787833,-122.4217717
6843,Breakfast,37.7648846167,-122.42260265
6844,Middle Eastern,37.764871234,-122.4224245548
6845,Coffee Shop,37.76304375,-122.4263025833
6846,Bakery,37.7501035143,-122.4203646183
6847,Mediterranean,37.7490695333,-122.4270564333
6848,Mexican,37.7451503068,-122.4201534455
6849,Tea Room,37.7491861167,-122.4271250333
6850,French,37.7640754587,-122.4647471448
6851,Pizza,37.3091166667,-122.0121901167
6852,Doughnuts,37.2866359565,-121.9495403767
6853,Toys & Games,37.7727518604,-122.4373570879
6854,Seafood,37.6383375745,-122.4223324697
6855,Mexican,37.6705763197,-122.4694997386
6856,Starbucks,37.6676018145,-122.4686692347
6857,BBQ,37.6131319833,-122.48794555
6858,Coffee Shop,37.4665196752,-122.4287196994
6859,American,38.3991050667,-122.3585987
6860,Sonic,38.1813923167,-122.2543821833
6861,Coffee Shop,37.2683495,-121.90523295
6862,Starbucks,37.6259836187,-122.4260810893
6863,Brewery / Microbrewery,37.4432550833,-122.1610456333
6864,Grocery,38.3013339167,-122.2813852667
6865,Sushi,37.5639346,-122.3254141333
6866,Sushi,37.4054868333,-122.1106726667
6867,Sandwich Shop,36.1919308667,-115.3050328333
6868,Starbucks,36.1923886667,-115.3056204667
6869,24 Hour Fitness,36.18969145,-115.30524995
6870,Hospital,36.1812897261,-115.3171241283
6871,Salon & Barbershop,36.1605488333,-115.3202437
6872,McDonald's,36.1593601667,-115.32006455
6873,Grocery,36.1604196667,-115.3197585167
6874,Grocery,36.1579740394,-115.3122854233
6875,Bakery,36.1579350833,-115.3111289333
6876,Pet Store,36.1580000335,-115.3108610814
6877,The Home Depot,36.1586589635,-115.3086606556
6878,Burgers,36.1589194742,-115.3346775879
6879,Asian,36.1592651167,-115.29203255
6880,American,36.1586475667,-115.2910191
6881,College,36.1576859,-115.2318169333
6882,Mall,36.1717562833,-115.1976962833
6883,Other - Food,36.1932788833,-115.3043687333
6884,Casino,36.1760684,-115.2935395667
6885,American,36.1646167167,-115.2893457667
6886,Steakhouse,36.1226750104,-115.1711189565
6887,Casino,36.121307373,-115.1719894409
6888,Other - Food,36.1212288259,-115.172423589
6889,Steakhouse,36.1205926131,-115.1722800796
6890,American,36.1170454985,-115.1725299574
6891,Garden,36.116712887,-115.1710402966
6892,Italian,36.1016656262,-115.174151659
6893,Ultra-lounge,36.081534542,-115.1376199722
6894,Library,36.1446060009,-115.3037772414
6895,Movie Rental,36.1603155167,-115.3219534833
6896,Burgers,36.1602925833,-115.3316134167
6897,Lowe's,36.1628880667,-115.3354051
6898,Casino,36.1421205833,-115.1747287333
6899,Coffee Shop,36.1274920246,-115.1677795382
6900,French,36.1123619592,-115.1716089249
6901,Subway,36.1176778212,-115.1728235901
6902,Starbucks,36.1190070667,-115.1723856
6903,Breakfast,36.12014079,-115.1718598
6904,Other - Shopping,36.1212321597,-115.1720282743
6905,Ultra-lounge,36.1231024946,-115.1709362061
6906,Other - Food,36.1271991922,-115.1675319672
6907,Asian Food,36.1282595317,-115.1668687001
6908,Pizza,36.01524225,-115.1193520167
6909,Sandwich Shop,36.0160100024,-115.1194319129
6910,Asian,36.0159229833,-115.11723355
6911,Best Buy,36.1593934833,-115.3362609833
6912,REI,36.1620024,-115.290712
6913,Other - Food,36.1607249,-115.2902763333
6914,Sushi,36.1630646167,-115.2907287333
6915,Grocery,36.1614186563,-115.2906777854
6916,Brewery / Microbrewery,36.1472880167,-115.2976086167
6917,Chipotle,36.1456842333,-115.2977903333
6918,Sandwich Shop,36.15925755,-115.3192752333
6919,Starbucks,36.1144676167,-115.3043251667
6920,French,33.5415623378,-117.7830344439
6921,Starbucks,33.6530834333,-117.7506714667
6922,City Park,33.5558100167,-117.760297
6923,American,33.7588500167,-117.8346879333
6924,Other - College & Education,33.79501185,-117.8419794167
6925,Italian,33.68066686,-117.85259085
6926,Best Buy,33.6960657717,-117.8264164925
6927,Train Station,33.8038126667,-117.8824528
6928,Bus Station,34.0551927743,-118.2331681252
6929,Plaza / Square,34.0565616423,-118.2387256622
6930,Historic Landmark,34.0568994115,-118.2379853725
6931,Library,34.0507078167,-118.2551622333
6932,Starbucks,34.0488395233,-118.2552481367
6933,Mall,33.7829283389,-117.89280653
6934,AMC Theatre,33.7819902,-117.8938258
6935,Starbucks,33.7814075833,-117.8918675
6936,Other - Food,33.7826724,-117.8929492667
6937,Starbucks,33.5236701999,-117.7149374733
6938,Wine Bar,37.7612219009,-122.4350578864
6939,American,37.7608082,-122.4339337
6940,Bar,37.7749991005,-122.4101363563
6941,Gate,37.6186931093,-122.3932850361
6942,Indian,37.4269070582,-122.1442881084
6943,Pub,37.7825655878,-122.4175717979
6944,Grocery,37.7734181,-122.4388601667
6945,Peet's Coffee,37.7735444333,-122.4390553167
6946,Other - Food,37.7634124333,-122.42006225
6947,American,37.7618418833,-122.4216006667
6948,Indian,37.7608424243,-122.4329763651
6949,Coffee Shop,37.75954385,-122.43529135
6950,Apartment,34.1582226451,-118.4129190445
6951,Bed & Breakfast,34.15920435,-118.4117064667
6952,Corporate Office,34.1525869,-118.34466525
6953,Bakery,34.1468511333,-118.4229581167
6954,Sports Bar,34.14253819,-118.4058594704
6955,Apple Store,34.2841341241,-118.7684190273
6956,Mexican,34.1433901,-118.3939868
6957,Starbucks,34.15248065,-118.3459537167
6958,Starbucks,34.158133865,-118.4243130684
6959,Theatre,34.1837268,-118.884878
6960,Whole Foods,34.1575310218,-118.4139416612
6961,French,34.1457332833,-118.4174510333
6962,Other - Food,34.1579609167,-118.4130799167
6963,American,34.15231515,-118.3496589
6964,Breakfast,34.1723479,-118.4403599167
6965,Grocery,33.6279120667,-117.6357869833
6966,Coffee Shop,33.7903650226,-117.8361690044
6967,Farmers Market,33.6543162191,-117.6459145546
6968,Mexican,33.6923077138,-117.893332243
6969,Nike,33.6924073833,-117.89260335
6970,Apple Store,33.5580184547,-117.6709576899
6971,Other - Architecture,33.6920309857,-117.8932464123
6972,Seafood,33.6845172,-117.8090473833
6973,Other - Art & Culture,34.1254778333,-118.4796814
6974,Apartment,37.377236827,-122.0289570972
6975,Hall,37.4282345066,-122.1756398678
6976,Gate,37.6139849522,-122.3854207993
6977,American,36.2386179377,-115.1172955389
6978,Starbucks,36.2394581667,-115.1165152
6979,Other - Food,36.24053965,-115.1153543167
6980,Other - Shopping,36.2340794677,-115.0506842136
6981,McDonald's,36.12054377,-115.17187577
6982,Mall,36.1653886949,-115.1582193375
6983,Dive Bar,34.0484187304,-118.2477211564
6984,Pub,34.0211408,-118.4659377
6985,Luxury Hotel,34.045361164,-118.2637238503
6986,Breakfast,34.1400534,-118.3695852
6987,Ultra-lounge,34.0451799667,-118.2494292333
6988,Asian,34.0454956738,-118.2380524808
6989,City Park,34.0143565724,-118.2855033875
6990,Mediterranean,34.0472073792,-118.2563135945
6991,Pub,34.0995652333,-118.32947045
6992,Saloon,34.0469478845,-118.2558904802
6993,Brewery / Microbrewery,33.8838551333,-117.5657397833
6994,Corporate Office,33.8841270167,-117.5692093667
6995,Chipotle,33.90260425,-117.5618007667
6996,Burgers,33.6981812806,-117.7411007881
6997,Seafood,33.8138043833,-117.5078988
6998,Pub,33.6412563957,-117.9183143377
6999,In-N-Out Burger,33.64356055,-117.9230057833
7000,Modern Hotel,36.1151354869,-115.1652574539
7001,Luxury Hotel,36.101934353,-114.930006266
7002,Whole Foods,36.0232623474,-115.0826990604
7003,Whole Foods,36.0674258395,-115.1742053032
7004,Luxury Hotel,36.1135068202,-114.9233537298
7005,Modern Hotel,34.0115018378,-118.4890723228
7006,Modern Hotel,36.1138094062,-115.1629829407
7007,Brewery / Microbrewery,36.1169706833,-115.1556582
7008,Bar,37.6418091241,-120.9976176192
7009,Theatre,37.6961517333,-120.99597215
7010,Theme Park,38.1376198344,-122.2342300415
7011,Stadium,38.138975433,-122.235336567
7012,Bar,37.64175375,-120.998162933
7013,Craftsman,36.0133161833,-115.0681680167
7014,Women's Apparel,36.021531047,-115.086306077
7015,REI,36.0218305882,-115.0856924057
7016,Grocery,36.0212055333,-115.0868882333
7017,Frozen Yogurt,36.067694683,-115.1781964302
7018,Other - Shopping,36.0675375,-115.1766272
7019,Old Navy,36.0675906146,-115.1785075665
7020,Apparel,36.0674310141,-115.0430457982
7021,Burgers,36.0141794833,-115.1182714
7022,Library,36.0175066196,-115.0815048664
7023,Pavilion,36.02239632,-115.08237308
7024,Furniture,36.02243739,-115.08242189
7025,Target,36.0058303307,-115.0846067281
7026,Dog Park,35.994782164,-115.10941954
7027,Walmart,36.0409991,-115.04772865
7028,Apparel,36.0270791104,-115.0620248722
7029,Grocery,36.0271434333,-115.08455705
7030,Drugstore & Pharmacy,36.0000906851,-115.1042747498
7031,Grocery,35.9988948167,-115.1027538667
7032,Starbucks,35.9991763833,-115.1040107167
7033,Sushi,36.0007265833,-115.1090861667
7034,Corporate Office,36.0707299482,-115.1425123215
7035,Brewery / Microbrewery,36.06587884,-115.17488563
7036,Bridge,36.0625601167,-115.1741324833
7037,Health & Fitness,36.0671094833,-115.17374525
7038,Italian,36.0680605798,-115.1755678036
7039,American,36.0683594,-115.1768147833
7040,Pizza,36.0209140833,-115.0877142333
7041,Asian,36.02247625,-115.0848924167
7042,Wings,36.064833613,-115.0400012169
7043,Chipotle,36.0629509667,-115.0434660333
7044,Starbucks,36.0414533333,-115.135302
7045,AT&T,34.0335176,-117.6288085167
7046,Wings,33.8055911667,-117.8817773667
7047,Italian,33.7916094667,-117.9155410333
7048,Ferry,33.8116639853,-117.9215437174
7049,In-N-Out Burger,33.86010195,-117.92410415
7050,Mexican,36.0680221,-115.1784566
7051,American Apparel,34.0338273,-118.2398215833
7052,Bakery,33.8600298833,-118.09055945
7053,Grocery,33.7714898586,-117.9193764925
7054,Grocery,33.6816932138,-117.8842663765
7055,Train Station,35.3723977333,-119.0078512833
7056,Pizza,36.5834824833,-121.8961250833
7057,Dancefloor,36.1227621828,-115.1746559143
7058,Home,36.1105391833,-115.1050760667
7059,Sports Bar,36.1011129833,-115.10356715
7060,Lake & Pond,36.02893145,-114.7725983833
7061,Dive Bar,36.15255205,-115.1518505833
7062,Mediterranean,36.1135960667,-115.1383753667
7063,Other - Food,35.9652422697,-115.1691734791
7064,Pub,36.1013559568,-115.1744236822
7065,Ultra-lounge,36.0411064505,-115.1842150226
7066,Bar,36.0583943202,-115.2791827623
7067,Breakfast,36.0720658667,-115.1170857167
7068,Casino,36.0617452233,-115.0412857533
7069,Target,36.0383425167,-114.9943292667
7070,Breakfast,36.0279997861,-115.0856092979
7071,Burgers,37.4320087414,-122.2015553713
7072,Coffee Shop,37.7656886583,-122.449841214
7073,Bakery,37.7647778167,-122.4499079333
7074,Coffee Shop,37.7662741818,-122.4500999185
7075,Other - Food,37.7649237333,-122.4497276833
7076,Asian,37.6660145,-122.4668529833
7077,Hardware Store,37.7650391833,-122.4497602833
7078,Bowling,37.6082999926,-122.4960791369
7079,Asian,36.1955815,-115.2422895
7080,Sushi,37.4469696,-122.1620255
7081,Corporate Office,37.4226673,-122.203834
7082,Corporate Office,37.5138593512,-122.2025710454
7083,American,37.4234717131,-122.2210550308
7084,Starbucks,37.4235763746,-122.197692575
7085,Starbucks,37.4271119833,-122.1491941667
7086,Peet's Coffee,37.3850416833,-122.0845044833
7087,Stadium,37.7134641341,-122.3863649368
7088,Gate,37.6145297465,-122.3896990253
7089,Sushi,37.4259085291,-122.1453630924
7090,Target,37.6374426333,-122.4168328
7091,Bakery,37.4297270833,-122.2550305167
7092,Breakfast,37.7639166167,-122.4660510333
7093,Corporate Office,37.421230795,-122.2121715546
7094,Italian,37.5800602167,-122.3471048167
7095,Corporate Office,37.4492612667,-122.1587411667
7096,Scenic Lookout,37.75335975,-122.4474129833
7097,Warehouse & Industrial,37.7082019,-122.3997329
7098,Gas & Automotive,37.7735173667,-122.4372839833
7099,Other - Architecture,37.4481924667,-122.1591716167
7100,Frozen Yogurt,37.4458147167,-122.1617435167
7101,Special Event,37.7792713741,-122.4192380905
7102,Subway,37.8696618083,-122.2680902481
7103,Resort,37.4213570833,-122.217126
7104,Ultra-lounge,37.76492395,-122.4226958167
7105,Fine Dining,37.4191867667,-122.2122015167
7106,American,37.43743355,-122.1737085333
7107,Health & Fitness,37.4238433838,-122.2035598755
7108,Luxury Hotel,33.7668284333,-118.1884310333
7109,Conference,33.7661524333,-118.18959775
7110,Luxury Hotel,34.0067044,-118.4914078167
7111,Apparel,34.0155037,-118.4924971167
7112,Luxury Hotel,34.0069047516,-118.4914254929
7113,Steakhouse,34.6088381167,-120.1818323333
7114,Wine Bar,37.7784672,-122.3932231667
7115,Other - Food,37.4257337667,-122.1451050833
7116,Mexican,37.4441734,-122.1613075833
7117,Gate,37.6209790925,-122.3903131485
7118,Other - Food,34.00646025,-118.4881632667
7119,Ultra-lounge,34.0353011946,-118.4783706903
7120,Gate,37.6202516646,-122.3878777027
7121,Gate,37.6202645752,-122.388097533
7122,Gate,37.6115627696,-122.3903560638
7123,Mexican,37.4086821167,-122.0776879333
7124,Conference,37.3304215309,-121.88839674
7125,Italian,37.445861489,-122.1616160902
7126,Other - Architecture,37.78246735,-122.38804595
7127,Wine Bar,37.7444337833,-122.4243004167
7128,Luxury Hotel,34.0178781688,-118.5013246536
7129,Ice Cream,37.4475494167,-122.1600446
7130,Corporate Office,37.4210591561,-122.2129515533
7131,Asian,34.0163969833,-118.4952735833
7132,Tea Room,37.3937220333,-122.0782025167
7133,Special Event,38.4112707314,-122.8404924273
7134,Grocery,37.44390954,-122.161359787
7135,Asian,34.01760166,-118.49357569
7136,Coffee Shop,37.4295314667,-122.17344725
7137,Craftsman,37.456496174,-122.1434614062
7138,Grocery,37.7724938,-122.5094545
7139,American,37.6303994167,-122.4180882
7140,Burgers,37.7805475333,-122.4764403833
7141,Burgers,37.7333781333,-122.4910049667
7142,Discount Store,37.6705126333,-122.4676191333
7143,Trader Joe's,37.7266593333,-122.4758670667
7144,American,37.6007753689,-122.0701661179
7145,Other - Zoo,37.7324286,-122.50197745
7146,Bears,37.7325398833,-122.4989336667
7147,Zoo,37.7339138,-122.5038099
7148,Asian,37.78287965,-122.4671737
7149,Pub,33.7096326887,-117.951053381
7150,Sports Bar,33.6821471772,-117.8856534999
7151,American,33.7305449,-117.9877883
7152,Cinemark Theatre,33.73349738,-117.99195283
7153,Costco,33.7040556,-117.9329035
7154,Bakery,33.6891418833,-117.8955932
7155,Gas & Automotive,33.7023245667,-117.9309543167
7156,Wings,33.6811601333,-117.9187478333
7157,Sushi,33.6739922,-117.9196512667
7158,Italian,33.6740308833,-117.9203944
7159,Other - Food,33.6729156167,-117.9218067
7160,Mexican,33.5707117167,-117.8346714167
7161,Wings,37.3388348333,-122.0425465667
7162,City Park,37.3816756514,-122.0633304119
7163,Starbucks,37.5609993,-122.2804122333
7164,Sandwich Shop,37.3695034833,-122.04250235
7165,McDonald's,37.4192190833,-122.09375955
7166,Burgers,37.5616903333,-122.2818922333
7167,Mexican,37.87848285,-122.30080525
7168,Pan Pacific,37.3739156,-122.0535985333
7169,Tobacco & Cigars,32.7111775436,-117.1617811918
7170,Diner,32.8248692558,-117.1270251274
7171,Lowe's,32.7810942,-117.12617595
7172,Bookstore,32.7663826995,-117.1550059319
7173,Starbucks,34.8506470667,-117.0849157833
7174,Starbucks,34.010992,-117.7362047
7175,Casino,32.7862282481,-116.8300187588
7176,Gym,32.78462542,-117.12807546
7177,Starbucks,32.9373767243,-117.1009189029
7178,Apartment,32.785244883,-117.127129617
7179,Apartment,32.785559716,-117.127312306
7180,Post Office,32.76928645,-117.14967805
7181,Starbucks,32.731955384,-117.196654431
7182,Grocery,32.7757061667,-117.15512825
7183,Coffee Shop,32.7113199,-117.1635780333
7184,Dive Bar,32.7157294436,-117.155059576
7185,Health & Fitness,32.8293870667,-117.13086365
7186,Other - Architecture,32.8190809379,-117.1173155308
7187,Mall,32.768805027,-117.1490299702
7188,Apartment,32.785497717,-117.12734845
7189,Other - Food,32.8319661667,-117.1643530333
7190,Other - College & Education,32.793050583,-117.238687
7191,IKEA,32.78033733,-117.12685042
7192,Other - Shopping,32.72416075,-117.1685723833
7193,Coffee Shop,32.9604101167,-117.1148106167
7194,Indian,32.7113731333,-117.16122805
7195,Starbucks,32.7706575,-117.1499484167
7196,Mall,32.778718467,-117.011797417
7197,Mexican,32.7431848623,-117.1815758944
7198,South American / Latin,32.7111798004,-117.1609389782
7199,Corporate Office,33.5815089941,-117.7269762754
7200,Starbucks,33.5705283834,-117.7140721679
7201,Pan Pacific,33.5705941329,-117.713598605
7202,Costco,33.5682264757,-117.7122724056
7203,Other - Food,33.57023545,-117.7302810833
7204,Train Station,33.50093805,-117.6640082667
7205,Starbucks,33.6545165542,-117.77854417
7206,Italian,37.8562687333,-122.2525065167
7207,Burgers,37.8705894077,-122.2679689306
7208,Asian,37.8708797254,-122.267829073
7209,Tea Room,37.8797799797,-122.2688144445
7210,French,37.8795957944,-122.2690866888
7211,Other - Food,37.879760301,-122.2693251539
7212,Ultra-lounge,37.8663373,-122.2674541667
7213,Dive Bar,37.8673804333,-122.259032
7214,French,37.8434302833,-122.2515571
7215,Coffee Shop,37.7525708333,-122.4142331333
7216,Coffee Shop,37.8655478167,-122.2583407333
7217,Peet's Coffee,37.8650267936,-122.2580848262
7218,Music,37.86590128,-122.258477211
7219,Vegetarian / Vegan,37.8660604429,-122.258498536
7220,Record Store,37.8667059137,-122.2586381435
7221,Convention Center,38.5791727565,-121.489332759
7222,Historic Church,38.5790764167,-121.49262305
7223,Other - Architecture,38.57697153,-121.4944728
7224,Pub,37.8662359715,-122.2591799498
7225,Cineplex,37.8116117833,-122.2476168
7226,Sushi,37.8564588667,-122.2530280333
7227,Hot Dogs & Sausages,37.8679740333,-122.25733995
7228,Modern Art Museum,37.868780981,-122.255859375
7229,Asian,37.8679738247,-122.2581828285
7230,South American / Latin,37.7644573114,-122.4218370568
7231,Coffee Shop,37.7632985186,-122.4151657921
7232,Mall,37.3241562667,-121.81330285
7233,Bakery,37.83709645,-122.2621893833
7234,Asian,37.8346921833,-122.2629167167
7235,American,37.8677109014,-122.2590011067
7236,Coffee Shop,37.8686031333,-122.2585115667
7237,Other - Architecture,37.8703558333,-122.2595286333
7238,Campus Commons,37.86928295,-122.26012945
7239,Plaza / Square,37.8695262971,-122.2593033314
7240,Stadium,37.8693230298,-122.2617280483
7241,Pub,37.8688323333,-122.2599363167
7242,Hall,37.8714823667,-122.258327
7243,Tower,37.8720831833,-122.2578549333
7244,Coffee Shop,37.8780227908,-122.2692114115
7245,Other - Nightlife,32.72936165,-117.17116315
7246,Dive Bar,32.74879,-117.1428339667
7247,Craftsman,32.723202133,-117.123221583
7248,Antique Hotel,32.7247237833,-117.1671000667
7249,Grocery,32.76120415,-117.0650287667
7250,Dive Bar,32.7422144167,-117.1602218167
7251,Bar,32.74898565,-117.15024915
7252,Sports Bar,32.7482912333,-117.1548051
7253,Coffee Bean and Tea Leaf,34.0428086,-118.3769474667
7254,Mexican,32.74836055,-117.1506757333
7255,Other - Architecture,33.352408,-117.5250028667
7256,Burgers,32.7164606146,-117.1609604359
7257,Chipotle,32.76789175,-117.1531417167
7258,Ultra-lounge,32.7116492188,-117.1573019028
7259,Pub,32.7091215522,-117.157548666
7260,Bar,32.7137525438,-117.1594047546
7261,Ultra-lounge,32.7084820167,-117.158473
7262,Dive Bar,32.7136483771,-117.1598603902
7263,Dive Bar,32.7137209222,-117.1595013504
7264,Bar,32.7135926194,-117.1597961969
7265,Asian,32.7157720453,-117.16050471
7266,Seafood,32.72283554,-117.2278386354
7267,Breakfast,33.7957673333,-117.9151813833
7268,Castle,32.72368866,-117.16830176
7269,Best Buy,32.7689628711,-117.1532893181
7270,Technology,32.768107648,-117.166159469
7271,Apartment,32.745701667,-117.147773133
7272,Asian,32.7159814333,-117.1631247333
7273,Sculpture,32.7128816167,-117.1755362833
7274,Starbucks,32.7160627069,-117.1686469418
7275,Bakery,32.7679002,-117.1530521
7276,American,36.1082794951,-115.1525330544
7277,Asian,32.7094465419,-117.1605849266
7278,Coffee Shop,32.7474724333,-117.1460999167
7279,Wine Bar,32.7423626333,-117.2104589
7280,Live Music,32.7537691709,-117.2129226233
7281,Apple Store,32.6244642833,-116.9661594833
7282,Costco,32.7743001833,-117.0240881167
7283,Cineplex,32.73750875,-116.9395385333
7284,University,33.7858,-118.113713
7285,Modern Hotel,32.7138308522,-117.1635795891
7286,Luxury Hotel,32.7085367,-117.1651543167
7287,Asian,32.7680432667,-117.1529030667
7288,Warehouse & Industrial,32.6875217167,-117.1252752167
7289,Coffee Shop,32.7484818833,-117.1513938667
7290,Pub,33.6171644402,-117.8764358749
7291,Farm,33.56586745,-117.0132990833
7292,Terminal,34.0602681413,-117.597784996
7293,Resort,39.5224819815,-119.7794294357
7294,Other - Airport,34.0510682593,-117.5827538967
7295,Terminal,38.5644166763,-121.2973451614
7296,Starbucks,33.6844118667,-117.1752085167
7297,Coffee Shop,33.4925596333,-117.1480170667
7298,Pizza,33.5250017988,-117.1530532837
7299,Beach,33.1474688629,-117.3454535007
7300,Farm,33.480428917,-117.1136685
7301,Grocery,33.4839157202,-117.1008814995
7302,Chipotle,33.5257888707,-117.1493732929
7303,Gas & Automotive,33.60378104,-114.52374464
7304,Historic Landmark,34.1016330418,-118.3266592026
7305,Burgers,34.10157555,-118.3282125833
7306,History Museum,34.0631567872,-118.3554553986
7307,Brewery / Microbrewery,33.5197285333,-117.1558799333
7308,Toys & Games,34.0725064364,-118.3587706089
7309,Diner,34.1046067167,-118.2916604667
7310,Coffee Shop,34.0990841333,-118.2738518667
7311,Coffee Shop,34.1170720333,-118.2621877667
7312,Vegetarian / Vegan,34.2759324185,-118.5660538741
7313,Theatre,34.0779592167,-118.3766180333
7314,BBQ,34.0905074167,-118.3457505
7315,Sandwich Shop,34.0836633667,-118.3448330333
7316,Trader Joe's,34.1086188347,-118.2716440798
7317,Theatre,34.1007779571,-118.3366289735
7318,Chipotle,34.1476493667,-118.2467095333
7319,Breakfast,34.2058134667,-118.3401624667
7320,American,34.0953995167,-118.29494165
7321,Burgers,34.1491287298,-118.2460318431
7322,Pizza,34.0845463833,-118.3842887333
7323,Asian,34.14427935,-118.2549346333
7324,Grocery,37.7643642,-122.47142215
7325,Hospital,37.7642914,-122.45707435
7326,African,37.7716571373,-122.4338837401
7327,Coffee Shop,37.7637321162,-122.4739663881
7328,Asian,37.7593543231,-122.4348877033
7329,Coffee Shop,37.7640998,-122.464153
7330,Sculpture,37.7716204167,-122.46747905
7331,Diner,37.7641590167,-122.4656098833
7332,American,37.76320825,-122.4586999667
7333,Light Rail,37.7621995215,-122.4664020538
7334,Special Event,37.7724713087,-122.413315773
7335,Medical School,37.7616682297,-122.4582224254
7336,Burgers,37.751295238,-122.4346201311
7337,Home,34.15671559,-117.9106190801
7338,Corporate Office,34.1159438783,-117.9336190224
7339,University,34.1290905,-117.88826345
7340,Mexican,34.0906804667,-118.2778026
7341,Coffee Shop,34.1374158667,-117.8653216667
7342,Chipotle,34.1283419667,-117.8914934167
7343,Coffee Shop,34.1061448667,-117.8224665667
7344,Trader Joe's,34.1034742,-117.82162775
7345,Theatre,34.0442143649,-118.2663524151
7346,24 Hour Fitness,33.84422445,-117.9876690667
7347,Church,33.8599322,-117.9156785
7348,Cineplex,33.8429871,-117.9900416
7349,Asian,33.8439788833,-117.98884
7350,Bookstore,33.8713998667,-118.0599830667
7351,Cineplex,33.8615050333,-117.7922207167
7352,Modern,36.293558567,-115.267773383
7353,Dive Bar,36.2983996,-115.2705753667
7354,Corporate Office,36.209593981,-115.246083616
7355,American,36.2189465761,-115.3253263235
7356,Gas & Automotive,36.2911922333,-115.2848368667
7357,Bar,36.181742843,-115.259756127
7358,Bar,36.213922717,-115.24253035
7359,Sushi,34.1556537667,-118.4488213833
7360,Corporate Office,34.0026537,-118.4841161167
7361,Mexican,33.9993247,-118.4810741
7362,Mexican,34.1484184667,-118.4358560167
7363,Asian,34.1510377667,-118.4471532167
7364,Target,34.1897834039,-118.9348054466
7365,Mexican,34.00044095,-118.4822330833
7366,Coffee Shop,34.00319965,-118.4843908833
7367,Bank & Financial,34.1519456611,-118.4532594681
7368,Middle Eastern,34.1505568,-118.44874715
7369,In-N-Out Burger,32.77030366,-117.14001488
7370,Mexican,34.0009615667,-118.4682335667
7371,Breakfast,34.0001614667,-118.4822825
7372,Diner,33.9847259521,-118.4705276489
7373,Traditional Art Museum,34.1461743306,-118.1591176987
7374,Asian,34.0389544167,-118.4421539667
7375,Mexican,37.7618076006,-122.4216853386
7376,Asian,37.4443257833,-122.1619457333
7377,Italian,37.4446830575,-122.1609930471
7378,Live Music,37.7960919312,-122.2782116809
7379,Luxury Hotel,37.4336700259,-122.4412161112
7380,Mediterranean,37.7802743177,-122.4818711725
7381,Asian Food,37.4203425037,-122.1022720635
7382,Pizza,37.3945327145,-122.0785021852
7383,Italian,37.3944935,-122.0788807833
7384,Mexican,37.39301865,-122.08023335
7385,Italian,37.4481220013,-122.1594251349
7386,American,34.1413974,-118.14854675
7387,Gallery,34.09630795,-118.12437535
7388,Doctor's Office,37.3762704621,-122.0653474331
7389,Mall,38.2561777644,-122.6506912708
7390,Law School,37.7750896624,-122.4527804942
7391,Asian,33.6888797932,-117.8339159489
7392,Coffee Shop,37.8737439664,-122.268717885
7393,Nature Preserve,37.89124,-122.3158057333
7394,Other - Food,37.8782493223,-122.2693240643
7395,Coffee Shop,37.8793311595,-122.2693374753
7396,Coffee Shop,37.8718192333,-122.2705545667
7397,South American / Latin,37.7765536167,-122.44166135
7398,Coffee Shop,37.8749211443,-122.2688519955
7399,Grocery,37.85361885,-122.2901058167
7400,Trader Joe's,37.8986852167,-122.2995317833
7401,Antiques,37.850699807,-122.2908506741
7402,Coffee Shop,37.8468181167,-122.2847179667
7403,Antiques,37.7909065167,-122.3140254333
7404,Bookstore,37.8709986167,-122.2684200333
7405,French,37.8785484167,-122.26869315
7406,Tacos,37.7851430667,-122.2378446167
7407,Mexican,37.8380128833,-122.263058
7408,Other - Architecture,33.7793791903,-117.8770029545
7409,Historic Landmark,33.7760082547,-117.8789663315
7410,American,33.8123324586,-117.9148650169
7411,Other - Travel & Lodging,33.8085794449,-117.9157340527
7412,Historic Landmark,33.7421568247,-117.8229009233
7413,Tram,33.6890334333,-117.8608973333
7414,Performing Arts,33.6922496902,-117.8823137283
7415,Other - Architecture,33.6873264716,-117.8722178936
7416,Apartment,37.7263265848,-121.9329482317
7417,Corporate Office,37.656721,-121.901297
7418,Mexican,37.67904535,-121.7709134167
7419,Brewery / Microbrewery,37.6813874833,-121.7701365333
7420,Starbucks,37.6586075,-121.89811105
7421,Mall,36.6160212333,-121.9002951333
7422,Starbucks,34.1360691134,-118.1502342224
7423,Peet's Coffee,34.1352263,-118.13233925
7424,Asian Art Museum,34.1470239667,-118.1412181333
7425,Starbucks,34.1762798833,-119.2158946167
7426,Plaza / Square,34.14654195,-118.1506025833
7427,Starbucks,34.1359869703,-118.1324458122
7428,Starbucks,34.1487577,-118.1215572833
7429,Salon & Barbershop,34.1456859692,-118.1426516175
7430,Mexican,34.1453904167,-118.1435681
7431,Pub,34.115004,-118.24325875
7432,Corporate Office,37.4814449,-122.1712647
7433,Apartment,37.5671361333,-122.2664259833
7434,Historic Landmark,37.5201002833,-120.8552543167
7435,Dive Bar,37.7529029064,-122.4083912373
7436,Bowling,37.3362704833,-122.0402470667
7437,Mexican,37.4422252833,-122.1590768
7438,Whole Foods,36.1578804833,-115.2882377167
7439,Walmart,36.0394802,-114.9777276167
7440,Camping & Outdoors,36.0405628833,-115.1823806763
7441,Other - Food,36.1153594333,-115.2981126167
7442,Trader Joe's,36.18068045,-115.2571795667
7443,Breakfast,36.11527484,-115.29598605
7444,Wine Bar,35.96578472,-115.16930365
7445,American,37.2951738,-121.9317264
7446,Dive Bar,37.2858048167,-121.9437068333
7447,Other - Entertainment,37.32973415,-121.88532255
7448,Starbucks,36.97797185,-121.9659528333
7449,Burgers,34.1451224667,-118.14327375
7450,Asian,36.020078007,-115.08999455
7451,Contemporary Church,36.0805634032,-115.0382065773
7452,Chipotle,36.05606935,-115.1716474
7453,Beach,33.2052681738,-117.3891896009
7454,Sushi,35.9917654333,-115.1028358667
7455,Italian,36.0052289597,-115.1111519337
7456,Luxury Hotel,34.0951096,-118.3732271268
7457,Saloon,34.0955709618,-118.3720049295
7458,Bar,34.0904995333,-118.3881801833
7459,Other - Travel & Lodging,35.1953441913,-116.1418819427
7460,Asian Food,34.0591657,-118.4203978167
7461,Sandwich Shop,36.0030875667,-115.1175370167
7462,Asian,36.0712450167,-115.11064605
7463,Mexican,36.0398972667,-115.04753045
7464,Sports Bar,37.3354651732,-121.8883388291
7465,Chipotle,37.3318027833,-121.9086652
7466,Other - Services,37.3952380622,-121.9462841749
7467,Mexican,37.2541982,-121.83117965
7468,Sushi,37.3315827833,-121.9091254
7469,Peet's Coffee,37.2621933333,-121.9331927833
7470,Peet's Coffee,37.5551733333,-121.9823948167
7471,Coffee Shop,37.3316321333,-121.905371
7472,Mediterranean,37.4928137333,-121.9278741333
7473,Target,37.2518948727,-121.8593215942
7474,Starbucks,37.4062018,-121.9412585833
7475,Walmart,37.4312966333,-121.92075255
7476,Women's Apparel,37.3254489899,-121.9440203905
7477,Corporate Office,37.7772700605,-122.3978340923
7478,Bowling,37.96371185,-122.50780765
7479,Gate,37.6150812825,-122.3835968971
7480,Dive Bar,37.7781435492,-122.3969864845
7481,Cineplex,38.0024064833,-122.5444108
7482,Bank & Financial,37.7777487833,-122.3967188833
7483,Subway,37.7767613042,-122.3948299885
7484,Coffee Shop,37.7775315833,-122.395782
7485,Pizza,37.2671526866,-121.7940868648
7486,American,37.12820105,-121.6527508333
7487,Italian,37.1300072333,-121.6533697167
7488,Mexican,37.1297991,-121.65419955
7489,Health & Fitness,37.2656862667,-121.79198895
7490,Cineplex,37.1137060833,-121.6379493
7491,Trader Joe's,37.1314402,-121.6382732
7492,American,37.1552009667,-121.6499683333
7493,Costco,37.0084473252,-121.5564036369
7494,Asian,37.3218059022,-121.9479168538
7495,Walmart,37.2564067333,-121.7991154
7496,Starbucks,37.2632609167,-121.91874025
7497,Grocery,37.1293025833,-121.6364030167
7498,In-N-Out Burger,37.1526032167,-121.6547741
7499,Sonic,37.0033217667,-121.54672905
7500,Vineyard,37.2602294128,-122.0648217201
7501,Peet's Coffee,37.3321030667,-121.9129682333
7502,Sushi,37.3530693333,-121.9772936333
7503,Asian,37.3490890396,-121.894069183
7504,Mexican,37.3074492833,-121.9009709333
7505,City Park,37.32164025,-121.8603730167
7506,Vegetarian / Vegan,37.3232458612,-122.0402386122
7507,Gas & Automotive,37.3337248,-121.9148941167
7508,Sushi,37.2935922333,-121.9447235833
7509,Gas & Automotive,37.3226165667,-122.0323133333
7510,Bridge,37.3469102432,-121.9044041634
7511,Salon & Barbershop,37.320841616,-122.0327840745
7512,Asian,37.3247339833,-122.034644
7513,Wine Bar,37.3334710167,-121.9148785
7514,Theatre,37.3295257652,-121.8924951553
7515,Other - Entertainment,34.0836026,-118.3674908833
7516,Performing Arts,34.1466551,-118.1305045667
7517,Target,34.1425933945,-118.2590668292
7518,Burgers,34.0176907409,-118.5003684104
7519,Burgers,34.0190717333,-118.4547814
7520,Starbucks,34.14627735,-118.11538955
7521,Diner,34.1584637167,-118.2574972333
7522,Modern Hotel,34.1595132138,-118.2566406271
7523,Other - College & Education,34.0678672907,-118.1653726101
7524,Diner,34.09989195,-118.3294227167
7525,Gas & Automotive,36.2547331,-120.2491766
7526,Burgers,34.0404832333,-118.4277248333
7527,Farm,36.25845953,-120.24674308
7528,Other - Art & Culture,37.7612070702,-122.4103635146
7529,Toys & Games,34.0405905167,-118.4433889333
7530,Theme Park,34.4216867333,-118.6002383167
7531,Theme Park,34.4239108167,-118.6003627833
7532,Starbucks,34.0908683833,-118.3619886
7533,Other - Architecture,37.4926349,-122.2290636
7534,Steakhouse,37.3848166935,-121.973033558
7535,American,37.39056945,-121.9743340833
7536,Golf Course,37.4536427167,-122.1150896167
7537,Italian,34.08336775,-118.3391019
7538,Fine Dining,34.0901636625,-118.3926097628
7539,Steakhouse,37.443224,-122.1698948
7540,Asian,37.4241328167,-122.1963357833
7541,Bakery,37.44678345,-122.1600368
7542,Mediterranean,37.4449076667,-122.16262265
7543,Burgers,37.5162248833,-122.27117025
7544,French,37.5776354285,-122.3486208916
7545,Bakery,37.44289835,-122.1719093833
7546,American,37.5490356333,-122.3101596667
7547,Starbucks,37.5609306705,-122.2739575803
7548,Starbucks,37.5538216667,-122.2570964833
7549,Grocery,37.5537809738,-122.2568142414
7550,Toys & Games,37.7700465,-122.4474103333
7551,Gas & Automotive,37.5617408667,-122.2691416667
7552,Bakery,37.5549570333,-122.2928337167
7553,McDonald's,37.5633666333,-122.2719788333
7554,Burgers,38.5267823409,-121.4086675644
7555,Starbucks,37.5952409648,-122.5036937931
7556,Seafood,36.10230147,-115.17118048
7557,Apartment,37.7807228274,-122.4019982608
7558,Sports Bar,37.7723006317,-122.4298596382
7559,Starbucks,37.2706985854,-121.9462586939
7560,Peet's Coffee,37.3357919167,-121.8915552833
7561,American,37.2867621887,-121.9461349307
7562,Mexican,37.7340796251,-122.4341136105
7563,Dessert,37.7531561902,-122.4973750878
7564,Corporate Office,37.3300888192,-122.029556036
7565,Indian,37.26955505,-121.9448820833
7566,Dog Park,37.2715703333,-121.9493543
7567,Asian,37.5997062748,-122.0697539578
7568,Wine & Spirits,37.2613111333,-121.9288347833
7569,Asian,37.3352323167,-121.8877908833
7570,American,37.3340320587,-121.8892711401
7571,Coffee Shop,38.6110608354,-122.8696228389
7572,Vineyard,34.0933228667,-118.8236963
7573,Pub,32.7383652833,-117.21229025
7574,Gas & Automotive,32.7506368,-117.1493663833
7575,Dive Bar,32.7306807177,-117.1722940251
7576,Basketball Court,32.745127,-117.2453313667
7577,Chick-fil-A,32.7540141,-117.2121375833
7578,Department Store,32.76908564,-117.16894596
7579,Bakery,32.9161431009,-117.1182060242
7580,Cineplex,32.7704526,-117.1580550833
7581,American,34.0927084095,-118.3788974189
7582,Other - Shopping,32.76026904,-117.20346516
7583,Live Music,32.9905089333,-117.27021345
7584,AMC Theatre,32.8664222649,-117.2328221798
7585,Basketball Court,32.9259735769,-117.2175152301
7586,Mexican,32.7119736167,-117.1601118167
7587,Mexican,32.9343049167,-117.2378062333
7588,Fine Dining,32.7178975,-117.2291677167
7589,Luxury Hotel,33.7550516105,-116.3562139789
7590,Best Buy,33.7260106167,-116.3989125667
7591,Dancefloor,32.7132560552,-117.1600484848
7592,Basketball Court,32.9491776,-117.2326113833
7593,Pub,32.7425908667,-117.1804824
7594,Modern Hotel,32.7302652,-117.21555255
7595,American,32.911996,-117.1485434667
7596,24 Hour Fitness,32.8944043,-117.123156
7597,Frozen Yogurt,34.0484115526,-118.2392345829
7598,Craftsman,34.1453244333,-118.4669662667
7599,24 Hour Fitness,34.1545817833,-118.46720135
7600,Police Station,34.0527658333,-118.24450705
7601,Corporate Office,37.448201855,-122.1596489148
7602,High School,37.4524612716,-122.1910357475
7603,Mediterranean,37.7691881781,-122.4519824982
7604,Coffee Shop,37.42719795,-122.1440613333
7605,Health & Fitness,37.5197211204,-122.2521928975
7606,Corporate Office,37.39730335,-122.14492555
7607,Mexican,37.4240078333,-122.1963976167
7608,Pizza,37.4484671483,-122.1585464314
7609,Asian,37.4446419298,-122.1627486855
7610,Sports & Outdoors,37.5197197833,-122.2512296167
7611,Chalet,39.1962421667,-120.2360997167
7612,Saloon,39.3281246167,-120.18394255
7613,Library,37.4539127667,-122.18001425
7614,Gondola,39.19569355,-120.2369566167
7615,Corporate Office,37.4951782162,-122.2292556786
7616,Sports & Outdoors,37.5192906373,-122.2524244636
7617,Corporate Office,37.5283442382,-122.2644476612
7618,Health & Fitness,34.0323607195,-118.4543217981
7619,Church,33.7508538333,-117.8100574333
7620,Seafood,33.6882281157,-117.8338086605
7621,Italian,33.72168938,-117.7921271324
7622,Zoo,33.7433443347,-117.8424668312
7623,Disneyland Resort,33.8152589833,-117.9188838
7624,Disneyland Resort,33.8155059333,-117.9190145833
7625,Apartment,33.870295833,-117.8759392
7626,Other - Entertainment,33.870097267,-117.875928233
7627,Chick-fil-A,33.8310824667,-117.8354034333
7628,Starbucks,33.8180357305,-117.914918444
7629,Other - Food,33.8089323916,-117.9258491628
7630,American,34.15989865,-118.50360775
7631,Sandwich Shop,33.8699334,-117.92510955
7632,Asian,33.8053523465,-117.9113566875
7633,Cineplex,33.80915,-117.87033
7634,Corporate Office,33.81032884,-117.91698783
7635,In-N-Out Burger,36.1448223333,-115.1805410833
7636,Other - Entertainment,36.11413782,-115.1733098
7637,National Park,34.0936061833,-116.26503305
7638,Beach,32.9308208833,-117.2605101333
7639,Starbucks,38.4253024322,-121.4822888374
7640,National Park,37.7238965,-119.64482545
7641,Casino,39.5330154157,-119.7575081185
7642,Discount Store,37.2929215678,-121.9934162218
7643,Bank & Financial,37.2924693833,-121.9922263167
7644,Walgreens,37.2854604167,-121.9777773
7645,BBQ,37.32153295,-122.0319700167
7646,Grocery,37.2888040746,-121.9931638241
7647,Grocery,34.0624056167,-118.3506776833
7648,American,34.1052462794,-118.3189480578
7649,Theatre,34.1052347733,-118.3189990701
7650,Grocery,34.0175117296,-118.4902810813
7651,BBQ,34.0003166333,-118.4654560167
7652,Diner,34.0168110338,-118.4878706932
7653,Steakhouse,34.0686227245,-118.3765912056
7654,Other - Food,36.1040017811,-115.1799988747
7655,Chipotle,34.0730879206,-118.3614680497
7656,Wine & Spirits,34.0907168642,-118.345131558
7657,Asian,34.0765513833,-118.35313065
7658,Sandwich Shop,37.6508187,-122.43065325
7659,Trader Joe's,37.66479945,-122.44582745
7660,Tacos,37.6652869284,-122.4451965094
7661,Costco,37.6652275597,-122.4481626742
7662,Burgers,37.6995723667,-122.4825568167
7663,Trader Joe's,37.7002268833,-122.4823568333
7664,Corporate Office,36.0667320458,-115.213483572
7665,Other - Travel & Lodging,35.98913759,-115.205483921
7666,McDonald's,35.9971085667,-115.20683645
7667,Apartment,35.989513448,-115.204518016
7668,Grocery,35.9969572148,-115.2056622505
7669,Starbucks,35.9978412833,-115.20637525
7670,Mexican,36.1087295333,-115.1513852
7671,Mission,36.11316945,-115.11756595
7672,Craftsman,33.7842357,-117.8210735167
7673,Starbucks,33.7873476,-117.8149182167
7674,Gas & Automotive,33.6977349751,-117.8237020969
7675,Mall,33.8255602333,-117.8390697667
7676,Other - Services,33.8085117505,-117.9190807442
7677,Pavilion,33.8127054667,-117.9187475667
7678,Starbucks,33.91789175,-117.9308333667
7679,University,33.8830641928,-117.8853607178
7680,Other - College & Education,33.8740369667,-117.9197436
7681,Starbucks,33.9189968577,-117.9010632651
7682,Trader Joe's,33.9104277833,-117.8703299667
7683,Grocery,33.8902932833,-117.8728281833
7684,Apartment,33.8994258642,-117.882758975
7685,Bookstore,33.9172897339,-117.9663085938
7686,Vegetarian / Vegan,33.87190875,-117.9222949
7687,Barnes & Noble,33.8787676505,-117.9625467856
7688,Best Buy,33.9165939,-117.93200205
7689,Other - Shopping,33.6886387624,-117.8955316544
7690,Target,33.9431845,-117.9960334667
7691,Mall,33.6894415866,-117.8949453087
7692,Trader Joe's,36.1484678833,-115.2099913667
7693,French,37.7712066235,-122.4302458763
7694,Bakery,37.7767570641,-122.4248063564
7695,Coffee Shop,37.7635013,-122.4241416
7696,Coffee Shop,37.7767943797,-122.3948050219
7697,Beach,37.75988355,-122.51093095
7698,Pizza,37.2671206358,-121.8315962244
7699,Sandwich Shop,37.3682557422,-121.912997961
7700,Bakery,37.38528845,-121.9263699
7701,Trader Joe's,37.2512372167,-121.87961355
7702,Gas & Automotive,37.2587637667,-121.87673845
7703,Coffee Shop,37.3489984833,-121.8947703167
7704,Five Guys Burgers and Fries,37.302026745,-121.864973005
7705,Pub,37.4536053667,-122.1827463
7706,Gas & Automotive,35.317420064,-119.091286763
7707,Gas & Automotive,35.303951778,-119.056866437
7708,Target,35.3498208575,-119.1253995895
7709,Mall,35.3377088255,-119.033946991
7710,Bakery,35.3493107167,-119.1236804667
7711,History Museum,35.39456,-119.019077
7712,Starbucks,35.1311910816,-118.4669333696
7713,Pan Pacific,35.35374705,-119.1153759167
7714,H&M,34.1013265449,-118.3405905962
7715,Other - Entertainment,34.1420659,-118.3600292833
7716,Other - Entertainment,34.1411246333,-118.3571813167
7717,Other - Entertainment,34.1420848667,-118.3606342167
7718,Train Station,33.9295363426,-118.3771651983
7719,Breakfast,33.92611895,-118.3964582833
7720,Craftsman,38.545557801,-121.530241686
7721,Corporate Office,38.4279769001,-121.4789903461
7722,Theatre,38.5794115716,-121.4922674238
7723,Brewery / Microbrewery,38.5793994365,-121.4923545364
7724,Paper Goods,38.5765995333,-121.48017335
7725,Cineplex,38.5937971958,-121.4184951782
7726,Pizza,38.57487405,-121.4737914833
7727,Italian,38.5766534167,-121.4806895333
7728,Apartment,38.558016078,-121.532301574
7729,Bridge,38.0404217667,-122.1229428667
7730,Corporate Office,37.9303630938,-122.0587332377
7731,Apartment,37.3172996283,-121.9094574451
7732,Starbucks,37.3041644167,-121.91421565
7733,Starbucks,38.4814376831,-121.5032908122
7734,Starbucks,38.59113425,-121.5546727833
7735,Sandwich Shop,38.5896718833,-121.5506366333
7736,Starbucks,38.588883,-121.2661806333
7737,Burgers,38.664100647,-121.2722473145
7738,Gas & Automotive,38.5931521654,-121.2660491467
7739,Modern Hotel,33.121037222,-117.3264527321
7740,Coffee Shop,32.75305795,-117.1956976167
7741,Seafood,32.7191954833,-117.1733930333
7742,Plaza / Square,32.70856715,-117.1705233167
7743,Bakery,34.0443269833,-118.467393
7744,Mexican,34.0247094167,-118.4921992833
7745,Technology,33.901294534,-118.3953022957
7746,Bookstore,33.9065206,-118.3951561333
7747,Stadium,33.9667127833,-118.4258588167
7748,Sandwich Shop,34.0118186,-118.48292675
7749,Other - Food,34.0117609,-118.48290665
7750,Coffee Bean and Tea Leaf,33.99009345,-118.4470871667
7751,Bakery,34.0159656333,-118.4955106167
7752,Mexican,34.0156173749,-118.4943007544
7753,REI,34.0162817167,-118.4950546167
7754,Toys & Games,34.0155386833,-118.4956812833
7755,Gas & Automotive,33.9825335833,-118.4407944833
7756,Grocery,33.9797262502,-118.439224882
7757,Mexican,33.9861494664,-118.4437649147
7758,Starbucks,33.9859016667,-118.44292765
7759,Other - Food,34.0166242838,-118.4970545769
7760,Sushi,34.0155652167,-118.4900276667
7761,Wine Bar,34.0034381667,-118.4850645
7762,Peet's Coffee,34.0034551,-118.4848532333
7763,Mexican,34.0120007333,-118.4825495333
7764,Vegetarian / Vegan,34.0175363994,-118.493849023
7765,Corporate Office,33.9722810833,-118.4305587167
7766,In-N-Out Burger,33.9915414,-118.4462091667
7767,The Home Depot,33.9759104833,-118.4234038333
7768,Modern Hotel,36.1406473448,-115.1607513428
7769,Frozen Yogurt,34.0390390833,-118.4417511667
7770,Chipotle,33.9792056333,-118.4385574
7771,Trader Joe's,34.0263724167,-118.4555483167
7772,Coffee Shop,34.0255222833,-118.48093765
7773,Salon & Barbershop,33.9999999667,-118.4657170333
7774,Grocery,33.9609093667,-118.4199518167
7775,Grocery,34.00682835,-118.47496915
7776,Middle Eastern,34.0471801559,-118.4439852259
7777,Dessert,32.7360095833,-117.1602448667
7778,Coffee Shop,32.7455130393,-117.1602523327
7779,Other - Food,34.0005535833,-118.46569405
7780,Sandwich Shop,34.01786965,-118.4890714833
7781,Corporate Office,34.16230952,-118.287611
7782,Breakfast,34.01453145,-118.4965037333
7783,Ultra-lounge,34.0849025667,-118.3766999333
7784,Sushi,34.04459885,-118.4549076833
7785,Bar,37.7830445667,-122.46513605
7786,Corporate Office,37.4063265571,-121.9833523035
7787,Ice Cream,37.7442383667,-122.4224781833
7788,Sushi,37.7770407353,-122.4635133133
7789,Subway,37.73314475,-122.4339151333
7790,Playground,37.7340685919,-122.4209654331
7791,City Park,37.7429942789,-122.414689064
7792,Sandwich Shop,37.7268791167,-122.4414253167
7793,Sculpture,37.38835215,-121.9772100333
7794,Grocery,37.7437663,-122.43927955
7795,Coffee Shop,37.7247118833,-122.4601793167
7796,Tacos,37.7561044667,-122.41215705
7797,Sculpture,37.7766595428,-122.3874592781
7798,Dessert,37.7505000814,-122.4182949289
7799,Italian,37.7616405333,-122.4242806333
7800,Italian,37.761835,-122.422918
7801,Burgers,37.7282825773,-122.4317845872
7802,Playground,37.7405678203,-122.4345266819
7803,Playground,37.73701283,-122.4201929569
7804,Asian,37.7331094128,-122.4344404122
7805,Furniture,37.7774119333,-122.3944544667
7806,Other - Parks,37.7773582833,-122.3931241
7807,American,37.7513158645,-122.4318983585
7808,Other - College & Education,37.7444315049,-122.4289401822
7809,Coffee Shop,37.8502070491,-122.2525012493
7810,Pub,37.8113181511,-122.2670710087
7811,Breakfast,37.7954141,-122.2764857833
7812,BBQ,37.7958233167,-122.2764868833
7813,Grocery,37.7968525833,-122.2792482333
7814,Monument,37.7937727167,-122.27480265
7815,Dive Bar,37.7601814167,-122.4206542833
7816,American,37.7617194167,-122.4193929833
7817,Mexican,37.7801971436,-122.483039856
7818,Home,37.7254642971,-122.4593397975
7819,Mexican,37.7537184833,-122.4196408833
7820,French,37.7475465667,-122.4592453333
7821,Playground,37.7720086,-122.4479615
7822,Coffee Shop,37.7549149167,-122.4234159167
7823,Sushi,37.7749714438,-122.4227104861
7824,Coffee Shop,37.7339199167,-122.4340679667
7825,Mexican,37.74031765,-122.46651895
7826,Light Rail,37.761385,-122.47370405
7827,Asian,37.7809527715,-122.4638282881
7828,Diner,37.7809825333,-122.4550768167
7829,Theatre,37.7820218667,-122.4517800333
7830,Breakfast,37.7345965795,-122.4339580959
7831,Coffee Shop,37.7485920833,-122.4250681667
7832,Sushi,37.7661708252,-122.429113583
7833,Coffee Shop,37.7664851667,-122.4288030667
7834,French,37.7670066694,-122.4290749888
7835,Other - Art & Culture,37.7694226667,-122.42815735
7836,Coffee Shop,37.7695558,-122.4290939333
7837,Corporate Office,37.7827666667,-122.3881248
7838,Condo,37.7736149721,-122.3968559743
7839,Mexican,37.7524630631,-122.4152351725
7840,Dive Bar,37.7527469,-122.4130287333
7841,Other - Architecture,37.7830874833,-122.4067282667
7842,Corporate Office,37.7812556258,-122.4024260044
7843,Warehouse & Industrial,37.7623987333,-122.4192866667
7844,Burgers,37.7618716333,-122.41741875
7845,Technology,37.7562449667,-122.4115068333
7846,Tower,37.7774328628,-122.4188896874
7847,Other - Entertainment,37.7794247312,-122.3944562778
7848,Asian,37.7808355465,-122.4085439944
7849,Mexican,37.7818407155,-122.4100327492
7850,Pub,37.7375736866,-122.4696428278
7851,Asian,37.85933635,-122.2668751667
7852,Coffee Shop,37.8734009722,-122.2663521767
7853,South American / Latin,37.8724157667,-122.2668242333
7854,Coffee Shop,37.8699673861,-122.2678042573
7855,Coffee Shop,37.8718042333,-122.2677469167
7856,Italian,37.8750154833,-122.2687351
7857,Rental Car,37.7682607667,-122.4275488333
7858,American,37.7552939144,-122.4232050536
7859,Grocery,37.7487434833,-122.4226489167
7860,Coffee Shop,37.7344184963,-122.4337980911
7861,Middle Eastern,37.7602288227,-122.4214969641
7862,Asian,37.7596923833,-122.4210160333
7863,Pizza,37.7641766833,-122.4654035667
7864,Dessert,37.764106,-122.46495905
7865,Trade/Tech School,37.7831318403,-122.3925507739
7866,Library,37.7825114373,-122.472199281
7867,Coffee Shop,37.7826907746,-122.470655775
7868,Pizza,37.78274115,-122.4679226
7869,Asian,37.7825946723,-122.4630813365
7870,Warehouse & Industrial,37.7832213833,-122.46450145
7871,Dessert,37.7830748,-122.4635874
7872,Salon & Barbershop,37.7626469333,-122.4660405
7873,Coffee Shop,37.7358949667,-122.5030553333
7874,Pub,37.767915328,-122.4533129448
7875,Coffee Shop,37.7817926333,-122.4847474667
7876,Castle,37.7818894728,-122.4847684801
7877,Burgers,37.78235,-122.48419
7878,Mexican,37.7820934833,-122.4835751333
7879,Italian,37.742816,-122.421277
7880,South American / Latin,37.7451234,-122.4203160167
7881,American,37.7451035536,-122.420200809
7882,Coffee Shop,37.745128874,-122.4201793891
7883,Saloon,37.7451197656,-122.4201159887
7884,Dive Bar,37.74580995,-122.4197584333
7885,Saloon,37.7464683236,-122.4193027772
7886,Coffee Shop,37.7235804865,-122.4548420101
7887,Bakery,37.7610968819,-122.4349880219
7888,Home,37.7331289167,-122.4305701833
7889,Toys & Games,37.7370667713,-122.4293323691
7890,Bakery,37.7345241333,-122.4323826167
7891,Coffee Shop,37.7390888833,-122.4177425
7892,Burgers,37.7520639333,-122.4206202667
7893,Sandwich Shop,37.7804529026,-122.4079645709
7894,Coffee Shop,37.7758659477,-122.4951886152
7895,Other - Shopping,37.78289415,-122.4615271833
7896,Pub,37.7830231167,-122.4604797333
7897,Corporate Office,37.4234035493,-122.2203522921
7898,Corporate Office,37.4238210518,-122.2209370136
7899,Corporate Office,37.4210892904,-122.2129413766
7900,Other - Food,37.4469845282,-122.1587526798
7901,Light Rail,37.6831634167,-122.4677850667
7902,Sandwich Shop,37.7589199667,-122.4170644333
7903,Other - Shopping,37.7589335,-122.41713955
7904,Saloon,37.75869495,-122.41588465
7905,Coffee Shop,37.7760760896,-122.4312815222
7906,Coffee Shop,37.7770836333,-122.4381744833
7907,Mediterranean,37.77035235,-122.4460387167
7908,Other - Food,37.7700795167,-122.4459442333
7909,Breakfast,37.77017905,-122.4463854667
7910,Pizza,37.7692901833,-122.4512706667
7911,Arcade,37.77367265,-122.2760254667
7912,Breakfast,37.5782567,-122.3473687833
7913,Asian,37.5664325,-122.3207270333
7914,Indian,37.7561341972,-122.4210881354
7915,American,37.7615709167,-122.4238493
7916,Sushi,37.7663447404,-122.4290205212
7917,Frozen Yogurt,37.7634143167,-122.48007315
7918,Asian,37.76305255,-122.4807380833
7919,Other - Airport,37.6171452333,-122.3864945667
7920,Apparel,37.7767146635,-122.4249726534
7921,Sushi,37.7765153806,-122.4249941111
7922,Dessert,37.7762991367,-122.4246561527
7923,Coffee Shop,37.7771188167,-122.42461395
7924,Coffee Shop,37.7526873018,-122.4095429911
7925,South American / Latin,37.7640866935,-122.4216413498
7926,Hospital,37.6831100572,-122.4720489586
7927,Nature Preserve,37.3824505,-122.0686078833
7928,Starbucks,37.38891465,-121.98371895
7929,Corporate Office,37.3927768437,-121.9762764135
7930,Coffee Shop,37.76041745,-122.5090599
7931,Other - Shopping,37.7360349667,-122.5033271
7932,24 Hour Fitness,37.72518015,-122.46220595
7933,Burgers,37.3830396754,-122.0776963234
7934,Bank & Financial,37.3213726833,-121.99256365
7935,Corporate Office,37.3249188013,-122.0079267025
7936,Dessert,37.7553649674,-122.4208191146
7937,Dive Bar,37.73412525,-122.4339183833
7938,Gate,37.6139594559,-122.3891973495
7939,Gate,37.6133475433,-122.3887789249
7940,Modern Hotel,37.40444845,-121.9771727167
7941,Modern Hotel,37.3906171667,-121.9746201667
7942,Mexican,37.3894289453,-121.983910203
7943,Condo,37.3966965072,-121.9583287465
7944,Sushi,37.315907741,-121.9783448613
7945,Burgers,37.2898881102,-121.9904065132
7946,Sushi,37.38926705,-121.9838502833
7947,Theatre,36.1191222612,-115.1861572266
7948,Starbucks,36.1437379667,-115.1543666833
7949,Saloon,36.1007727124,-115.1728314979
7950,Dive Bar,37.7746497266,-122.4379706383
7951,Other - Travel & Lodging,37.6171549175,-122.3891973495
7952,Bakery,37.486311,-122.23119485
7953,Breakfast,34.1686216167,-118.6042058
7954,Modern,34.265642617,-118.774846333
7955,Breakfast,34.1799341833,-118.8766186833
7956,Dive Bar,34.172667133,-118.359364533
7957,Health & Fitness,34.2736107667,-118.7740168833
7958,Condo,34.165495888,-118.522850321
7959,Modern,34.253892117,-118.76834565
7960,Starbucks,34.1797969833,-118.8768570833
7961,Coffee Bean and Tea Leaf,34.2873722167,-118.71604035
7962,Cineplex,34.2833124,-118.7177637
7963,Sushi,34.1410440707,-118.3717694146
7964,Five Guys Burgers and Fries,34.18501898,-118.87552997
7965,Casino,36.0203640928,-115.0901126862
7966,Target,36.040554208,-115.19515872
7967,Grocery,36.0351839864,-115.2066493034
7968,Craftsman,35.993833,-115.20258271
7969,Health & Fitness,36.1023516,-115.05517135
7970,City Park,37.7470579947,-122.4120819569
7971,Coffee Shop,37.7462984667,-122.4268076
7972,High School,33.9843849333,-117.8389500833
7973,Costco,33.9942024059,-117.9219996929
7974,Target,33.9917206046,-117.9185771942
7975,Mall,33.9848404833,-117.8445907167
7976,Coffee Shop,33.9932393,-117.9042441167
7977,Church,34.0265762,-117.8661883
7978,Church,34.003114944,-117.8492635489
7979,Other - Architecture,34.0329371167,-118.02836175
7980,Target,34.0738812333,-118.0704061167
7981,City Park,34.0841987167,-118.0698381
7982,High School,34.0851694774,-118.0717206001
7983,Furniture,34.145996745,-118.1520688534
7984,Discount Store,34.1343081,-117.98359905
7985,Mexican,34.0076100667,-118.4995222
7986,Arcade,34.00916575,-118.4976553833
7987,Beach,34.00871625,-118.4949889667
7988,Seafood,34.0099806667,-118.49653895
7989,Other - Entertainment,34.0100347833,-118.4963464667
7990,Other - Nightlife,34.0288014333,-118.2400015167
7991,Burgers,34.0320998667,-118.23825055
7992,Mexican,34.032142371,-118.125297597
7993,Mall,34.036677889,-118.0848846428
7994,Brewery / Microbrewery,34.0374491188,-118.0845515224
7995,Burgers,33.4211246268,-117.6082312563
7996,Other - College & Education,33.7594313,-117.8892485
7997,Costco,32.7121250333,-117.11608985
7998,Other - Shopping,32.7701559943,-117.1618875406
7999,Starbucks,33.94550085,-117.4539756667
8000,Drugstore & Pharmacy,32.7124249833,-117.1635246167
8001,AMC Theatre,32.76727735,-117.14934402
8002,Bakery,33.9545334333,-117.3900272333
8003,Starbucks,33.8643317333,-117.7405957833
8004,In-N-Out Burger,37.9852101667,-121.3457529333
8005,Music,38.4067750512,-121.3718891144
8006,City Park,38.395491533,-121.3738632202
8007,Grocery,38.4076147285,-121.4483951032
8008,Mexican,38.4226463481,-121.4498126507
8009,Burgers,38.40851895,-121.4787908667
8010,Hardware Store,38.4256034333,-121.4176017167
8011,Convention Center,38.5948457667,-121.4326616667
8012,In-N-Out Burger,37.6992919667,-121.7733198667
8013,Other - Food,37.6915172833,-121.7736949333
8014,Corporate Office,37.3258231536,-122.0103192329
8015,Other - Food,37.32653375,-122.00995025
8016,Other - Food,38.4241341035,-121.4168965816
8017,Mexican,34.1743934667,-118.5960958
8018,Asian,34.1056076167,-118.3422183667
8019,Grocery,34.1364124833,-118.153185
8020,Brewery / Microbrewery,34.1873486333,-118.5966836333
8021,Other - Shopping,34.1501677186,-118.0824074851
8022,Racetrack,38.1606534,-122.4543331833
8023,Stadium,38.1386701593,-122.2344253876
8024,Drugstore & Pharmacy,38.2153482294,-122.1406096235
8025,Corporate Office,38.2392756094,-122.0788657665
8026,Mall,38.2605910833,-122.0557730333
8027,Chipotle,38.2615653167,-122.0581245
8028,Cineplex,38.2609544805,-122.0557773113
8029,Barnes & Noble,38.2603428333,-122.0586176667
8030,24 Hour Fitness,38.2615147833,-122.0546852833
8031,Department Store,38.2597073126,-122.0551936548
8032,Starbucks,38.2585535249,-122.053899765
8033,Cineplex,38.3525022667,-121.9852317833
8034,Casino,37.321626135,-121.9696547777
8035,American,37.3205205936,-121.9708693027
8036,Coffee Shop,37.32387245,-121.9684201833
8037,Starbucks,37.3285844833,-121.9661575167
8038,City Park,37.8394874792,-122.0184516907
8039,Police Station,37.8301934831,-122.002148447
8040,Wine & Spirits,37.8229842122,-121.9996915847
8041,Bowling,37.3639386333,-121.9078310833
8042,Courthouse,37.3503819667,-121.9069489667
8043,Asian,37.3154500333,-121.9497705333
8044,Banana Republic,37.32440847,-121.9478079
8045,Health & Fitness,37.320564875,-121.9502102032
8046,Men's Apparel,37.32385528,-121.94860464
8047,Walmart,37.510965,-121.942348
8048,Gas & Automotive,37.5145478833,-121.9442142667
8049,REI,37.5108016833,-121.9479432333
8050,Pool / Waterpark,37.6799569303,-121.9192743301
8051,Modern Hotel,37.7580034733,-121.9653064013
8052,Bank & Financial,37.7681809817,-121.9671658073
8053,Bakery,37.3221886154,-121.9481670856
8054,Best Buy,37.3229810833,-121.9491035167
8055,Starbucks,38.3532710167,-121.9858718667
8056,Tobacco & Cigars,38.35618996,-121.9883541
8057,Victorian,37.3245014833,-121.8798939833
8058,Antique Hotel,37.3344395487,-121.895070076
8059,Italian,37.3313850159,-121.8873437145
8060,Theatre,37.3308054273,-121.8890190125
8061,Other - Nightlife,37.7464461167,-121.9602558333
8062,Corporate Office,37.6588927657,-121.9028051508
8063,Other - Services,37.3782297667,-121.9014139333
8064,Gas & Automotive,37.3236256333,-121.9648251833
8065,Modern Hotel,37.3194617833,-121.97180745
8066,Grocery,37.3190501833,-121.9745602
8067,Plaza / Square,37.3198166833,-121.9736832167
8068,Burger King,37.3198715667,-121.9736247
8069,Bakery,37.3197056833,-121.9744863167
8070,Special Event,37.6591587067,-121.892645359
8071,Asian Food,37.33470455,-121.8943135833
8072,Corporate Office,37.3346186909,-121.8931388855
8073,Other - Travel & Lodging,37.3363930295,-121.8934178352
8074,Bar,37.336257817,-121.894132817
8075,Pub,37.3399299167,-121.8934959833
8076,Peet's Coffee,37.3078670381,-121.9004325757
8077,Starbucks,37.2940522833,-121.9442537333
8078,Corporate Office,37.4189045998,-122.0797562599
8079,Airport,37.51045,-122.25052935
8080,Peet's Coffee,37.5445408217,-122.2916884047
8081,Starbucks,37.5443645908,-122.2925429892
8082,Tram,37.6215212,-122.3995447
8083,Other - Travel & Lodging,37.6330769,-122.39999055
8084,Other - Airport,37.636287,-122.40095575
8085,Train Station,37.6569506976,-122.4055051804
8086,University,37.656729817,-122.058800267
8087,Bridge,38.0570210006,-122.2247457504
8088,Seafood,38.2579843263,-122.0575596088
8089,Mexican,37.3227034,-121.9659920667
8090,Saloon,37.6916673423,-121.9223525004
8091,Pizza,38.5441469667,-121.7389732667
8092,University,38.5393712671,-121.757440567
8093,Train Station,38.54338765,-121.7376809833
8094,Target,37.3724335741,-121.8450388374
8095,History Museum,37.3184024512,-121.9513508677
8096,Steakhouse,37.24690385,-121.77347225
8097,McDonald's,37.3237595333,-121.96893065
8098,Chipotle,37.2909434333,-121.93190755
8099,Frozen Yogurt,37.290679851,-121.930906578
8100,Costco,33.6603084718,-117.745102644
8101,Other - Art & Culture,33.5504169333,-117.7795768333
8102,Burgers,33.6790773283,-117.6684236526
8103,Asian,33.6551683,-117.6316299333
8104,Grocery,33.6802022581,-117.6631772518
8105,Starbucks,33.6712291944,-117.6528668404
8106,The Home Depot,33.6704255886,-117.6629878041
8107,In-N-Out Burger,33.7227334402,-117.7935326099
8108,Tower,37.4278824,-122.1669259333
8109,Church,37.4273132,-122.1702962167
8110,Gas & Automotive,35.9870123,-119.9589501833
8111,In-N-Out Burger,37.490009781,-122.228427707
8112,Corporate Office,37.4422176833,-122.1612414167
8113,Stadium,37.4344963947,-122.1610915661
8114,Coffee Shop,37.4235739588,-122.1720349789
8115,Pizza,37.4503602333,-122.1859657833
8116,Gate,37.6138319745,-122.3884034157
8117,Theatre,36.1001450415,-115.1745619125
8118,Casino,39.5325020274,-119.8166958577
8119,Asian,37.60299925,-122.0677791333
8120,Grocery,37.9747852623,-122.0553351548
8121,Asian,37.9743849548,-122.0552995841
8122,Italian,38.3688312215,-121.9576728344
8123,Corporate Office,34.15936219,-118.25895231
8124,Other - Zoo,34.209883917,-118.235069333
8125,Burgers,33.7735182833,-117.8668440333
8126,American,36.11193698,-115.17703646
8127,Pub,34.0326548228,-118.4751509308
8128,Castle,34.1440583333,-118.1490100167
8129,Courthouse,34.1463619491,-118.2482488573
8130,Castle,33.371903967,-117.553578333
8131,City Park,33.9951634167,-117.6876323
8132,Other - Parks,33.9402105333,-117.8763889833
8133,Starbucks,33.8710521167,-118.05966875
8134,Mall,33.8709322223,-118.0599081516
8135,Cineplex,33.8707031054,-118.0596878957
8136,BBQ,33.9825556125,-117.7044239045
8137,Technology,33.871552,-118.058688
8138,Mexican,34.0884972833,-118.3086443833
8139,McDonald's,34.0806238167,-118.2607796333
8140,Corporate Office,34.0723397667,-118.2504797667
8141,Pizza,34.0508501333,-118.2440772
8142,Pizza,34.0774548,-118.2598747667
8143,Women's Apparel,34.1437420333,-118.2570163833
8144,French,34.0854538187,-118.275128603
8145,Pizza,34.1134004167,-118.1512585333
8146,Live Music,34.0830732833,-118.2734911333
8147,Other - Food,34.0837499781,-118.273870647
8148,Chalet,37.6506443667,-119.0371893167
8149,Light Rail,33.9282681167,-118.2382123167
8150,Sports Bar,33.6887151167,-117.9880157167
8151,Chick-fil-A,33.69965105,-117.88507775
8152,Sushi,33.6965401667,-117.8845404333
8153,Sports Bar,34.0995736833,-118.3289331167
8154,Diner,33.7242667333,-118.0776058333
8155,Breakfast,33.5716137333,-117.7007403
8156,Bowling,33.8314505,-117.9594067333
8157,American,32.7439437833,-117.1606355167
8158,Cineplex,34.0975663833,-118.3654421667
8159,American,33.6946484667,-117.8685605167
8160,Tea Room,33.6739199167,-117.9200983667
8161,Bowling,33.7595083762,-118.01623106
8162,Brewery / Microbrewery,33.7297331142,-117.9892945723
8163,Cineplex,33.6130396833,-117.8733791833
8164,American,33.6909382333,-117.9547911833
8165,Other - Architecture,34.1342841472,-117.9574799538
8166,Stadium,34.073930848,-118.240154625
8167,Gas & Automotive,33.8050938129,-118.0376780033
8168,Grocery,33.7898835303,-118.029255867
8169,American,33.789975,-118.0300663333
8170,McDonald's,33.787431444,-118.0291163921
8171,Cineplex,33.7866973877,-118.0285186768
8172,City Park,33.7884568704,-118.0341160297
8173,Gas & Automotive,33.7820098548,-118.0291485786
8174,Bank & Financial,33.7820111333,-118.0302157667
8175,Police Station,33.7818315072,-118.0300927162
8176,Other - Travel & Lodging,33.7815354167,-118.0225621
8177,Mexican,34.09653805,-117.7693542667
8178,Other - Entertainment,34.086788,-117.7712918
8179,Courthouse,33.7670345,-118.19745615
8180,Bar,33.7631937333,-118.1957138
8181,Steakhouse,33.76299245,-118.1939935333
8182,Luxury Hotel,33.7641104264,-118.1946184046
8183,Asian,33.76252065,-118.19357295
8184,24 Hour Fitness,33.7667936,-118.1976435
8185,Lighthouse,33.7604092333,-118.1938885667
8186,BBQ,33.7623591333,-118.1926701333
8187,Karaoke,33.76453745,-118.1924899833
8188,Pub,33.7648819333,-118.1925631667
8189,Pizza,33.7652674,-118.1925008167
8190,Modern Hotel,33.7633883631,-118.1911540031
8191,Frozen Yogurt,34.0681385833,-117.9325777
8192,Starbucks,33.9462387667,-117.3861258167
8193,Target,33.94753725,-117.38186375
8194,Indian,37.7566691942,-122.4209654331
8195,Pizza,37.7515880536,-122.429022789
8196,Corporate Office,37.75881063,-122.41543281
8197,Mexican,37.7586116415,-122.4167382717
8198,Breakfast,37.8586721333,-122.2438216167
8199,Rental Car,33.9574305288,-118.3800244331
8200,Rental Car,33.95231855,-118.3805272
8201,Rental Car,33.9532879333,-118.3856084333
8202,Music,34.1456027,-118.0955257
8203,Cineplex,34.2162057667,-119.00349015
8204,Starbucks,34.2158155833,-119.0045129833
8205,Peet's Coffee,34.1725727333,-118.54685125
8206,Mexican,34.21699745,-119.0457667667
8207,Cineplex,34.2170987958,-119.0632474422
8208,Apple Store,34.1831542826,-118.8874830188
8209,Dessert,34.1830420174,-118.8882827479
8210,Health & Fitness,34.1827160333,-118.8787371
8211,Pizza,34.2227666667,-119.0385907833
8212,Starbucks,34.0855398437,-117.6701409546
8213,Cineplex,34.0862472833,-117.6715150333
8214,Sushi,34.2593092833,-119.2101839667
8215,Cineplex,34.2487886167,-119.19465555
8216,Starbucks,34.2227072333,-119.0685810833
8217,Gap,34.21432685,-119.0677224833
8218,American,34.265713,-119.2474101
8219,Starbucks,34.4217514333,-119.65060885
8220,American,33.9598837846,-118.385410005
8221,In-N-Out Burger,33.9352494833,-118.1232071
8222,Brewery / Microbrewery,36.1220920361,-115.1695059498
8223,In-N-Out Burger,34.2173810333,-119.0527526167
8224,Corporate Office,33.9887302733,-118.4730818184
8225,Target,33.8889391,-118.3948727667
8226,Peet's Coffee,33.9810214,-118.4380875
8227,Health & Fitness,34.0151577,-118.4967103
8228,Whole Foods,33.8477420667,-118.3892282667
8229,Sandwich Shop,33.9787522833,-118.43783555
8230,Asian,33.9945021667,-118.4529448667
8231,Brewery / Microbrewery,33.8332985959,-118.3469203343
8232,AMC Theatre,33.8338040981,-118.3477413654
8233,Pizza,33.9946185,-118.4388893167
8234,American,33.8626288167,-118.40170575
8235,American,33.8193513,-118.3855056833
8236,Mexican,33.884954013,-118.4110201453
8237,Italian,33.8856268833,-118.4085529167
8238,Italian,33.8985075676,-118.3949174872
8239,Italian,33.98943942,-118.45162051
8240,Italian,33.9904523667,-118.4476215333
8241,Beach,33.8618632944,-118.4012031555
8242,REI,33.9011642833,-118.37962135
8243,Mall,33.8709980333,-118.355034
8244,Bar,33.7675756862,-118.1696233138
8245,Asian,33.9852794833,-118.4699873167
8246,Starbucks,36.6159839167,-121.9004669833
8247,Starbucks,36.6078666833,-121.85565135
8248,Starbucks,36.5835463167,-121.8970453833
8249,Frozen Yogurt,33.8381159,-118.354463
8250,Coffee Shop,37.7753016,-122.4582098667
8251,Bakery,37.3935711333,-122.0790423667
8252,Asian,37.3946456057,-122.0783615987
8253,Other - Food,37.3944019667,-122.0784547
8254,Corporate Office,37.3945135454,-122.078704834
8255,Starbucks,37.3613448833,-122.0978991167
8256,Asian,37.3933609,-122.0795003167
8257,Bakery,37.3781395167,-122.1166604
8258,Asian Food,37.394116644,-122.0788048448
8259,Other - Shopping,37.6171821042,-122.3940717944
8260,Accessories,37.6160987935,-122.3918499182
8261,City Park,37.358953,-122.0922486333
8262,Peet's Coffee,37.3788710667,-122.1178732667
8263,Corporate Office,37.4314656997,-122.1048858393
8264,Luxury Hotel,37.5238858667,-122.2605893
8265,Asian,37.40134335,-122.11454285
8266,Asian,37.3939724333,-122.0797844333
8267,Student Center,37.4243376,-122.17058185
8268,Toys & Games,37.3256731167,-121.9450225167
8269,Gap,37.3245348749,-121.9458067417
8270,Indian,37.3913968,-122.0802124167
8271,Tea Room,37.3940914958,-122.0796231577
8272,Grocery,37.3605290833,-122.0970769167
8273,Grocery,37.54854175,-122.3110417833
8274,Corporate Office,37.3879606122,-122.082387507
8275,Asian Food,37.39054675,-122.0810268167
8276,Trader Joe's,37.3372178333,-122.0671816167
8277,Bakery,37.3795725246,-122.0714685545
8278,Trader Joe's,37.4383424167,-122.15767305
8279,Fine Dining,37.4381446833,-122.1588277667
8280,Corporate Office,37.407937278,-122.1462106705
8281,Discount Store,37.4022237667,-122.1100004167
8282,City Park,37.3894106,-122.08289755
8283,Diner,33.6793905167,-117.8619188
8284,American,33.6786563167,-117.8628731333
8285,Technology,37.3897443454,-121.9856053591
8286,Asian,37.314801814,-121.9771030912
8287,Corporate Office,37.44863225,-122.15873225
8288,Wine Bar,37.4483692167,-122.1603290833
8289,Frozen Yogurt,37.44766115,-122.1601366833
8290,Modern Hotel,37.4404965118,-122.1637299011
8291,Soccer Field,37.4228667571,-122.1437323093
8292,Seafood,37.4209815632,-122.1388882399
8293,Library,37.3811501833,-122.1135515667
8294,Sports & Outdoors,37.3787702,-122.0710223
8295,Gas & Automotive,37.3799535356,-122.0709478855
8296,Asian Food,37.3933774,-122.0793558833
8297,Ultra-lounge,37.3932728333,-122.0792315667
8298,Italian,37.3933692833,-122.07924285
8299,Asian Food,37.3930017619,-122.0794693707
8300,American,34.0885134167,-118.3774442167
8301,Coffee Shop,34.1963725833,-118.3515062
8302,Gate,34.1965922833,-118.35252735
8303,Other - Shopping,34.1965023667,-118.3520002167
8304,Other - Airport,37.3682712833,-121.9412660833
8305,Modern Hotel,37.4069119,-122.1203299
8306,Technology,37.4215951167,-122.1384998333
8307,American,37.3781633833,-122.1145705833
8308,Grocery,37.3717685333,-122.08812
8309,Gas & Automotive,37.3799287833,-122.0729444167
8310,City Park,37.3721353146,-122.0817089081
8311,Corporate Office,37.4038468371,-122.0554349557
8312,Light Rail,37.3951083,-122.0771515667
8313,Bookstore,37.3919951333,-122.08025435
8314,Mediterranean,37.3913728833,-122.08022995
8315,Drugstore & Pharmacy,37.3918029381,-122.0814836025
8316,Italian,37.3926569167,-122.0797753667
8317,Seafood,37.3908456833,-122.0810465167
8318,Health & Fitness,37.3864940167,-122.0651114
8319,Student Center,37.38709185,-122.06364665
8320,Gas & Automotive,37.4037755,-122.0974603167
8321,Zoo,37.4435690333,-122.14429485
8322,Luxury Hotel,37.4478202407,-122.1593036382
8323,Corporate Office,37.4443339046,-122.1598484997
8324,Corporate Office,37.4467342167,-122.1636418167
8325,Italian,37.3940836667,-122.0787175167
8326,Asian,37.3940125818,-122.0789384968
8327,Antique Hotel,37.2576349424,-122.0342067895
8328,Fine Dining,37.256627997,-122.0351859927
8329,Garden,37.2523987287,-122.0416688919
8330,Best Buy,37.4615485442,-122.1367478371
8331,Grocery,37.45817995,-122.13742733
8332,Brewery / Microbrewery,37.4596458961,-122.1371983291
8333,Asian,37.45211975,-122.1845272333
8334,Bakery,37.4514847737,-122.184425325
8335,City Park,37.3593365,-122.0869132167
8336,Asian,37.3151671667,-121.9782978333
8337,Sandwich Shop,37.3763436378,-122.0762521639
8338,Burger King,37.3790979333,-122.0711551167
8339,Sandwich Shop,37.3794139833,-122.07235575
8340,Corporate Office,37.5177173,-122.2522838
8341,History Museum,37.3805917667,-122.1123281833
8342,REI,37.5045748833,-122.2466342
8343,Other - Shopping,37.4044912,-122.111631
8344,BBQ,37.4003661543,-122.11400695
8345,Wine & Spirits,37.4000304333,-122.1141320167
8346,Sandwich Shop,37.3971042833,-122.0600355667
8347,Corporate Office,37.3915761333,-122.0813978333
8348,Bank & Financial,37.3889351833,-122.08216425
8349,Middle Eastern,37.3846114551,-122.0844592098
8350,Pizza,37.3795776,-122.1147901333
8351,Diner,37.3796167303,-122.1160722548
8352,Other - Food,37.3783486074,-122.1163979173
8353,Bakery,37.3782421725,-122.1166617653
8354,Starbucks,37.37852705,-122.1170827167
8355,Gas & Automotive,37.3878363333,-122.08862335
8356,Starbucks,37.3909595167,-122.0947408333
8357,Pet Store,37.3933779802,-122.0975491784
8358,Apartment,37.3985465991,-122.1082897829
8359,Peet's Coffee,37.4011220409,-122.1135081091
8360,Gas & Automotive,37.4036268833,-122.1162162167
8361,Bowling,37.4055059667,-122.1182824167
8362,Asian Food,37.4133187532,-122.1256045874
8363,Asian,37.4209273833,-122.1370914333
8364,Gym,37.4221203,-122.1379674333
8365,Historic Landmark,37.4050911667,-122.11106955
8366,Sushi,37.3938024897,-122.0789257857
8367,Asian,37.3938285167,-122.0791481833
8368,Coffee Shop,37.3879234167,-122.08300695
8369,Bridge,37.3917262214,-122.0693600178
8370,American,37.6186846111,-122.3847448826
8371,Gate,37.6192879816,-122.3843371868
8372,Gate,37.6194239517,-122.3841977119
8373,Other - Airport,33.93541383,-118.39859861
8374,Corporate Office,37.4074471118,-122.1452878434
8375,Asian,37.3112719,-122.0236700667
8376,Starbucks,37.3372576833,-122.0672005
8377,Peet's Coffee,37.33721185,-122.06599715
8378,Asian,37.3794249574,-122.1170282364
8379,Other - Food,37.4425855,-122.1729379167
8380,Asian Food,37.3362103167,-121.9938768
8381,Starbucks,37.3383128833,-121.9950521333
8382,Peet's Coffee,37.5786982834,-122.3470652103
8383,Coffee Bean and Tea Leaf,36.1611968333,-115.3317681833
8384,Bank & Financial,36.1612292333,-115.3317122833
8385,Golf Course,36.14720124,-115.34689676
8386,National Park,35.259995999,-116.067465769
8387,Grocery,37.9457393167,-122.0630128
8388,Five Guys Burgers and Fries,37.945098713,-122.061655273
8389,Music,37.9678679513,-122.0522869637
8390,Apartment,37.9282226167,-122.0515943833
8391,Corporate Office,37.7822801,-122.3875685333
8392,Victorian,37.7609301833,-122.4257359167
8393,Bank & Financial,37.4223725639,-122.2056055069
8394,Corporate Office,37.4220999043,-122.2060990334
8395,Corporate Office,37.7814994577,-122.3916791473
8396,Other - Food,37.7511225667,-122.4299983
8397,Diner,33.5420320514,-117.7836839932
8398,Starbucks,34.06493765,-118.39841711
8399,Breakfast,34.0694192754,-118.4014284136
8400,Corporate Office,37.4257090833,-122.1453592333
8401,Asian,37.4435347406,-122.1682369709
8402,Luxury Hotel,34.0186937667,-118.5009904333
8403,Coffee Bean and Tea Leaf,34.0148668,-118.4970328833
8404,Asian,34.0136766113,-118.4954771635
8405,Italian,33.9795012167,-118.4663101667
8406,Bakery,37.5664291403,-122.3226089559
8407,Starbucks,37.7704773,-122.4037487333
8408,Dancefloor,37.7759328333,-122.4089049
8409,Dancefloor,37.7774411333,-122.4039120167
8410,Sandwich Shop,37.56055215,-122.2738893333
8411,Mexican,37.5435299293,-122.270577997
8412,Starbucks,37.7763584407,-122.3935156712
8413,Sandwich Shop,37.5570688,-122.2762893
8414,Coffee Shop,37.5641851726,-122.324271014
8415,BBQ,37.5601088833,-122.2814538167
8416,Scenic Lookout,37.75165433,-122.44766231
8417,Seafood,37.5559308381,-122.2935835211
8418,Apparel,37.7703717546,-122.4066944426
8419,Italian,37.7822369638,-122.4072367386
8420,Mexican,37.54475125,-122.2848892333
8421,Other - Shopping,37.5607794391,-122.2800325134
8422,24 Hour Fitness,33.9102301833,-117.9771402167
8423,Costco,33.9327266,-117.9685212
8424,In-N-Out Burger,33.8594776333,-117.7916588833
8425,Coffee Shop,33.9151859667,-117.9690306333
8426,Pub,36.04071865,-115.1717959
8427,Target,33.87894326,-117.96162736
8428,Starbucks,33.9177481167,-117.9613592833
8429,South American / Latin,34.0831914,-118.3855566833
8430,Mexican,37.7614955304,-122.4192488194
8431,Dancefloor,34.0834736667,-118.3855175833
8432,Coffee Shop,37.7628996167,-122.4284039833
8433,Asian Food,37.5670159667,-122.3247190667
8434,Asian Food,37.7647768775,-122.4222582579
8435,Sandwich Shop,37.42753765,-121.9113426167
8436,Coffee Shop,37.890654,-122.1275952
8437,BBQ,37.9330602167,-122.0580522167
8438,Modern Hotel,34.0101557,-118.4854992333
8439,American,33.8080723,-117.8701179167
8440,Corporate Office,33.7449055644,-117.8377783298
8441,Luxury Hotel,33.7883142031,-117.8915941715
8442,American,33.7825270333,-117.8898808833
8443,Mall,33.6925665876,-117.8931498528
8444,Trader Joe's,33.7007611667,-117.88393165
8445,Pub,33.746254613,-117.8696200949
8446,Starbucks,33.6998155893,-117.8661630572
8447,Technology,33.7245083,-117.83231925
8448,Nike,33.781970767,-117.892641117
8449,Grocery,33.6646021833,-117.8989359
8450,Condo,33.7773752833,-117.85475355
8451,Other - Nightlife,32.72299098,-117.16841149
8452,Other - Entertainment,32.708905,-117.158892
8453,Big Blue Wet Thing,32.71516575,-117.17356625
8454,Apartment,34.09519945,-118.3479645167
8455,Dancefloor,34.0821650543,-118.3855021952
8456,South American / Latin,34.0981130333,-118.3465708667
8457,Italian,34.0906018,-118.3670638833
8458,Skyscraper,34.0511429542,-118.252325346
8459,Thai,34.1015453167,-118.3030176667
8460,Dessert,34.0846109,-118.3844181667
8461,Apartment,34.0865467466,-118.3838653564
8462,American,34.074273751,-118.3765435891
8463,Costco,33.8991767,-118.3729275333
8464,American,34.1614949,-118.5138037
8465,Historic Church,34.0516794833,-118.4329585
8466,Starbucks,34.0666677333,-118.4101229
8467,Thai,34.1018387,-118.3059529
8468,Department Store,33.6917088333,-117.89059985
8469,Mall,33.9352956802,-118.119635582
8470,Asian,34.09059375,-118.3520636333
8471,Other - Travel & Lodging,33.9465551307,-118.37996662
8472,American,34.0826475167,-118.3748390833
8473,Asian,33.7385637167,-117.9543341167
8474,Seafood,33.7611054833,-117.9541613833
8475,Crowne Plaza,33.7870658542,-117.9163455963
8476,Best Buy,33.7500765333,-118.0142456167
8477,Asian,33.8409014879,-117.9418623811
8478,Walmart,33.7675981731,-117.9929494858
8479,Luxury Hotel,33.8612841333,-118.1361178167
8480,Fountain,33.858517,-118.137705
8481,Other - Shopping,36.0157453167,-114.7409050833
8482,Luxury Hotel,34.0495525778,-118.2602879702
8483,Lowe's,33.7686773496,-117.9929280281
8484,Grocery,36.1181863833,-115.1364585167
8485,Asian,36.1179410667,-115.13626115
8486,Coffee Bean and Tea Leaf,36.0836711215,-115.1487003283
8487,Mall,33.8447918548,-117.9893660545
8488,Mall,36.1062565167,-115.1726036333
8489,Walmart,36.080459352,-115.1222133636
8490,Other - Shopping,36.1001930833,-115.1111782333
8491,Best Buy,36.1964070833,-115.23890625
8492,Burgers,33.7923349833,-118.3301153833
8493,Asian,33.8231544,-118.3354338
8494,Burgers,33.9809888748,-118.4635626013
8495,Modern Hotel,33.9823860833,-118.4599802333
8496,American,36.1006851196,-115.1748580933
8497,Steakhouse,36.1047169167,-115.1750206947
8498,American,36.1013565063,-115.1744918823
8499,Corporate Office,34.0027239667,-118.4840958667
8500,Seafood,34.0034083167,-118.4856930667
8501,Asian,33.8338091193,-118.3103628441
8502,Corporate Office,34.05091869,-118.41093873
8503,Health & Fitness,34.04871833,-118.41233634
8504,American,34.04764294,-118.41120123
8505,Health & Fitness,34.0443251333,-118.3794347
8506,American,34.076201262,-118.352337169
8507,Bakery,34.0761329324,-118.3457000955
8508,American,34.0627234966,-118.3438333869
8509,Corporate Office,37.7808570838,-122.39564538
8510,Hospital,37.7552856333,-122.4053969
8511,Grocery,35.1229536647,-118.4683817625
8512,American,35.3706844737,-119.0561342239
8513,Bank & Financial,35.1246297339,-118.491255641
8514,Grocery,35.125647644,-118.469234705
8515,Other - Entertainment,37.3545519984,-122.0153617859
8516,Other - Parks,36.8624718914,-120.7837128639
8517,Starbucks,35.9874635667,-119.95904265
8518,Modern Hotel,37.523705924,-120.8840242
8519,Modern Hotel,37.5910432947,-122.3497581482
8520,Rental Car,37.628117407,-122.4011577253
8521,Dive Bar,37.6567850833,-120.9935899833
8522,Mall,37.6874699333,-121.05394555
8523,Starbucks,38.0122374333,-122.27429365
8524,The Home Depot,38.0104312,-122.2685564833
8525,Gas & Automotive,38.01272375,-122.2732464
8526,Burgers,37.9700935167,-122.0559910667
8527,Starbucks,37.9930189333,-122.1194670333
8528,Post Office,37.9759891,-122.0569855167
8529,Grocery,38.0083325,-122.2703532833
8530,Zoo,37.7487340333,-122.1454910833
8531,Toys & Games,37.9762085667,-122.0660919
8532,American,37.9470654787,-122.0600754969
8533,Barnes & Noble,37.9783475667,-122.0672917833
8534,Starbucks,38.1338814617,-122.2215914726
8535,Starbucks,37.9798431,-122.0564921167
8536,Asian Food,37.5049055847,-121.9707037378
8537,McDonald's,37.9538148833,-122.0599154
8538,Warehouse & Industrial,37.96392895,-122.0295950833
8539,McDonald's,37.9744707,-122.06676255
8540,Chipotle,37.9458473514,-122.0617693663
8541,Asian,37.9448868167,-122.0573599167
8542,Corporate Office,37.9606226167,-122.0539942333
8543,Other - Architecture,37.9584680333,-122.0536385667
8544,Walmart,37.6984909088,-121.8867874146
8545,Burgers,37.6834180333,-122.0633682
8546,McDonald's,37.6891642483,-122.0623862891
8547,Veterinarian,37.7049046823,-121.9275393086
8548,Other - Airport,37.7266593333,-122.20526545
8549,Corporate Office,37.7123701,-121.8902190333
8550,Other - Shopping,37.6959571326,-121.930465457
8551,American,37.5047419833,-121.9724652833
8552,Bar,37.6836182167,-122.06396425
8553,Salon & Barbershop,37.77496575,-121.98034285
8554,Lake & Pond,34.1006062,-118.26323091
8555,Mexican,34.13938645,-118.2004048167
8556,Other - Art & Culture,34.1866807333,-118.15946405
8557,Bakery,34.1407760667,-118.1782755333
8558,Ultra-lounge,34.082450071,-118.3440264957
8559,American,34.09446695,-118.12782965
8560,Coffee Shop,34.0888442167,-118.2687598833
8561,Corporate Office,34.0518416211,-118.2456243038
8562,Grocery,34.1225998333,-118.2248634167
8563,Indian,34.0826922833,-118.27195165
8564,Mexican,34.1359402,-118.1478488667
8565,Italian,34.057979485,-117.1825515823
8566,College,34.0391485167,-117.1018714833
8567,Post Office,34.0577422167,-117.1954838833
8568,Other - Food,34.0712622,-117.2045916833
8569,Sports & Outdoors,34.0729241247,-117.2019338608
8570,Mexican,34.0563864,-117.1766092167
8571,Mexican,34.06247755,-117.1980085333
8572,City Park,34.0499763167,-117.0435605833
8573,Barnes & Noble,32.623871022,-116.966004659
8574,Walgreens,32.6297389974,-116.9655668736
8575,Best Buy,32.62157495,-116.9643277167
8576,Discount Store,32.7658870167,-117.1557101
8577,Mexican,37.2750702,-121.9237412833
8578,Vegetarian / Vegan,37.3413974047,-121.8792182207
8579,Bakery,37.2943887466,-121.9407601326
8580,Indian,37.28782225,-121.9328810833
8581,Italian,37.4247838,-122.1447993833
8582,Vegetarian / Vegan,37.2521776667,-121.90947155
8583,Starbucks,37.5228216167,-122.25183865
8584,Pizza,37.3184307333,-122.03281575
8585,Bakery,37.2947177333,-121.9308974167
8586,Starbucks,37.3517862167,-121.9677686667
8587,Starbucks,37.2947552,-121.9310640833
8588,Trader Joe's,37.2445928529,-121.9576728344
8589,Vegetarian / Vegan,37.2519360667,-121.8616750833
8590,Sports & Outdoors,37.4595607043,-122.1373374254
8591,Starbucks,37.1556357667,-121.6509047667
8592,Asian,37.33781655,-121.9776224333
8593,Starbucks,37.25216545,-121.8791142833
8594,24 Hour Fitness,33.49260805,-117.69973495
8595,McDonald's,33.5230686591,-117.6861573332
8596,Bakery,33.6767005186,-117.8528970879
8597,Mexican,33.9962838833,-118.4276762167
8598,Frozen Yogurt,33.4895410167,-117.6987929167
8599,Terrain Park,34.3769587381,-117.6912009716
8600,Asian,33.6884870019,-117.8337872028
8601,McDonald's,36.2538569,-120.2494933833
8602,Asian,37.3484182333,-121.89519525
8603,Coffee Shop,33.77162005,-118.1642013833
8604,Mexican,33.7906392045,-118.1897217035
8605,Luxury Hotel,34.0658885144,-118.4120114124
8606,Mexican,34.0910052167,-118.37138095
8607,Dancefloor,38.5753936823,-121.480392455
8608,American,33.7715498167,-118.1691401833
8609,BBQ,33.8288365,-118.0864706333
8610,Dessert,33.75832873,-118.12985336
8611,Performing Arts,33.7654843749,-118.189394474
8612,Bus Station,34.0154339172,-118.498924887
8613,Other - Shopping,33.81345236,-117.918953
8614,Other - Shopping,33.8107161,-117.9196018333
8615,Frozen Yogurt,32.7470129,-117.16153595
8616,Starbucks,33.226345798,-117.3313343525
8617,Coffee Shop,38.10050075,-122.2627094833
8618,Dive Bar,37.7638336166,-122.4151999935
8619,Victorian,38.1072887833,-122.25438135
8620,Ferry,38.1000805833,-122.26285575
8621,Tower,37.7521919333,-122.4057441833
8622,Middle Eastern,37.7484485751,-122.4183553387
8623,American,37.7526997523,-122.4080575979
8624,Starbucks,36.0295889167,-115.08565335
8625,Sushi,35.9940523167,-115.1004432833
8626,Rec Center,36.0458240167,-115.0748413833
8627,Trader Joe's,36.0695632833,-115.0812398167
8628,South American / Latin,36.02836725,-115.1149577667
8629,Mexican,33.01114955,-117.27900625
8630,In-N-Out Burger,36.0213164502,-115.1181015372
8631,Target,36.0118708667,-115.1216750167
8632,Terminal,39.5069545541,-119.7743225098
8633,Lowe's,36.0569281115,-115.0371734896
8634,Sandwich Shop,37.3891028833,-121.9838819167
8635,Seafood,37.352654,-122.0002497833
8636,Starbucks,37.3239089333,-121.9140133167
8637,McDonald's,37.32324695,-121.91299265
8638,Bakery,37.3208981414,-121.9492185116
8639,Music,37.2945567667,-121.9245153816
8640,Other - Nightlife,37.3638296972,-121.9209924318
8641,Theatre,37.3665210235,-121.9416286821
8642,City Park,32.7358664,-117.2129758833
8643,History Museum,32.7138428142,-117.1749293804
8644,Other - Food,37.2947785333,-121.9311392333
8645,American,37.2951356,-121.93090995
8646,Corporate Office,37.29527925,-121.9307784833
8647,Pool / Waterpark,37.3420292,-121.97375975
8648,Convention Center,37.3769242341,-121.921043854
8649,Lake & Pond,37.3766026667,-121.9219381
8650,Italian,37.2223066435,-121.9843125343
8651,Farmers Market,37.22208185,-121.9835326667
8652,Sandwich Shop,37.2214093667,-121.9809545
8653,Plaza / Square,37.2235817167,-121.98359745
8654,Other - College & Education,37.32784616,-121.91543984
8655,Mexican,37.2562886781,-122.0352057384
8656,French,37.2560406333,-122.03581795
8657,Burgers,36.966955983,-122.040227733
8658,High School,37.2219905402,-121.9761693478
8659,Bank & Financial,37.2347697667,-121.9614935
8660,Mexican,37.2344039667,-121.9612828167
8661,Health & Fitness,37.243031,-121.9597953
8662,Corporate Office,37.2953184333,-121.9277609667
8663,Asian,36.1184253167,-115.1540662667
8664,Health & Fitness,36.1917241066,-115.2433848381
8665,Costco,36.2761956641,-115.2076363564
8666,American,36.1210856,-115.1702342
8667,Italian,36.1224060059,-115.1700744629
8668,Coffee Bean and Tea Leaf,36.1222949465,-115.1703085708
8669,Casino,36.170360279,-115.1435637474
8670,Starbucks,36.12054479,-115.17206305
8671,Starbucks,38.64634285,-121.1136452667
8672,Coffee Shop,38.6547869167,-121.12176965
8673,Casino,38.961703,-119.9405019
8674,Peet's Coffee,38.76813805,-121.2676043333
8675,Brewery / Microbrewery,38.6560374,-121.1241056333
8676,Warehouse & Industrial,34.0642411149,-118.2181799412
8677,Trader Joe's,34.1153122833,-118.1626043667
8678,Mexican,34.1160415852,-118.1628513336
8679,Technology,34.1910737541,-118.3502626419
8680,Starbucks,34.1221914667,-118.1060343
8681,Cineplex,33.1346143667,-117.1923903333
8682,Pet Store,34.1313113333,-118.1476184167
8683,LEGO Store,34.1451650364,-118.2584154821
8684,Asian,34.0496928278,-118.2420707671
8685,Apartment,36.0129711667,-115.1444128833
8686,Diner,35.9652856878,-115.1693022251
8687,Sandwich Shop,36.0017850333,-115.1029600667
8688,Corporate Office,36.0559427659,-115.1557517052
8689,Mexican,36.0212,-115.1272057167
8690,Government,36.0405975847,-115.0441503525
8691,Sports Bar,35.9976863436,-115.1262903214
8692,Sonic,36.05768735,-115.1232675833
8693,The Home Depot,36.0219085333,-115.1224004
8694,Resort,35.2669528833,-120.6745698
8695,Other - Art & Culture,35.2790548915,-120.6637725234
8696,Sports Bar,35.2789432209,-120.6633996964
8697,Bridge,34.14503155,-118.1641025833
8698,Arts,34.1680422513,-118.1852561039
8699,Theme Park,34.42684765,-118.5980233833
8700,Theme Park,34.4274221333,-118.5978982833
8701,Theme Park,34.4277086,-118.5982271167
8702,Discount Store,34.0379219,-118.2552907833
8703,Other - Food,37.8311834833,-122.2924578
8704,City Park,37.773886491,-122.3927164078
8705,Grocery,38.5014257667,-123.00062715
8706,Train Station,37.9365203667,-122.3534418
8707,Subway,37.8737863113,-122.2840547562
8708,Hall,34.07126212,-118.44183218
8709,Duplex,37.87937957,-122.30085438
8710,Corporate Office,37.6572867355,-122.400095485
8711,Seafood,37.8814916167,-122.2967831333
8712,Corporate Office,37.6550480542,-122.381901741
8713,Other - College & Education,37.8716325667,-122.2532200667
8714,Furniture,37.8705986167,-122.3008171333
8715,Coffee Shop,37.847595608,-122.2880244255
8716,Starbucks,36.0261359833,-115.1194310167
8717,Hospital,37.2376909067,-121.8002198864
8718,Breakfast,36.0279456667,-115.1172406833
8719,Cineplex,36.0286420585,-115.1147997379
8720,Seafood,34.07768845,-118.1316002333
8721,Grocery,35.9425730667,-115.1165588167
8722,Mexican,34.0832691833,-118.3284811167
8723,Other - College & Education,34.0221497333,-118.2860526667
8724,Dancefloor,34.1047389833,-118.3306422333
8725,Other - Nightlife,34.1013221029,-118.3283650875
8726,Dive Bar,33.8479272667,-118.3897969
8727,Chipotle,34.0171002376,-118.282734258
8728,Pub,34.1013789167,-118.33673405
8729,Mexican,34.08811085,-118.3266104667
8730,Grocery,34.0842504667,-118.3270666333
8731,Gym,34.0890790864,-118.3297276497
8732,Mexican,34.0903896536,-118.3381015062
8733,Other - Services,34.0911126667,-118.3382871833
8734,Breakfast,34.0837258,-118.3505302167
8735,Trader Joe's,34.0692028,-118.3442677333
8736,Ultra-lounge,34.0977370333,-118.3221043
8737,Apartment,34.149752602,-118.438013792
8738,AMC Theatre,34.1794051905,-118.6052398636
8739,Mall,34.1805687333,-118.6040186667
8740,Condo,34.1494748169,-118.4390565789
8741,Starbucks,34.1477259694,-118.4281727672
8742,Historic Landmark,34.1448,-118.1489005
8743,Coffee Shop,34.01927721,-118.48855543
8744,Breakfast,34.0721654833,-118.3594679667
8745,Mexican,34.01241075,-118.0865378167
8746,Other - Food,34.0110220333,-118.0823742333
8747,Starbucks,33.9985275667,-118.05594665
8748,Other - Services,34.0257326667,-118.2208431167
8749,Dive Bar,34.0228869833,-118.1348029167
8750,Health & Fitness,34.020817,-118.1231625167
8751,Bowling,34.0180451,-118.1108364
8752,Other - Shopping,34.0247692,-118.2207855667
8753,Wine Bar,34.0469763333,-118.2187294667
8754,Mexican,34.0961514658,-118.2073652744
8755,Dive Bar,34.1139044,-118.2351786667
8756,Corporate Office,34.0748994833,-118.2885868667
8757,American,34.08399095,-118.3526916167
8758,Subway,34.0908497191,-118.3223238257
8759,Other - Food,34.1346891176,-118.2549457911
8760,Mexican,34.1027048333,-118.2918780667
8761,Seafood,33.9985691833,-118.48087015
8762,Starbucks,33.9792571302,-118.0371201038
8763,Other - College & Education,34.13352955,-117.5878298667
8764,Cineplex,34.1096445333,-117.571361
8765,Church,34.133113,-117.58760195
8766,Burgers,34.1209434333,-117.6145437
8767,BBQ,34.1122836,-117.5295888
8768,Other - Food,34.1071886667,-117.6093001167
8769,Apartment,34.1382052833,-117.5713164667
8770,Mexican,32.7075417243,-117.1549522877
8771,Sandwich Shop,32.70859905,-117.1557314667
8772,American,32.7116672733,-117.1566152573
8773,Other - Entertainment,32.70801705,-117.16278296
8774,Other - Entertainment,32.708578417,-117.156299567
8775,Live Music,32.7176362998,-117.1612692573
8776,History Museum,32.7200787167,-117.1733557667
8777,High School,32.8492355596,-117.0151019096
8778,Corporate Office,38.6257466,-121.2269992
8779,Best Buy,38.6750467701,-121.2756360929
8780,Bakery,38.5748056527,-121.4026111364
8781,Steakhouse,38.5752742718,-121.4834903077
8782,Other - Food,36.8077011111,-119.7764587397
8783,Luxury Hotel,36.6125167,-121.8977022833
8784,Coffee Shop,36.61245075,-121.8977269833
8785,Grocery,36.9879364667,-121.3822730667
8786,Theatre,36.8076611987,-119.8531794548
8787,Barnes & Noble,36.85047875,-119.7919576333
8788,Pizza,36.8513693833,-119.7917696
8789,Asian,36.8514407799,-119.8036444187
8790,Coffee Shop,36.5547581667,-121.9224669833
8791,Chocolate,36.6158321333,-121.8997334333
8792,Casino,37.210696057,-119.698770315
8793,Burgers,36.850343033,-119.806813617
8794,Other - Street Fare,36.1186395833,-115.1721746667
8795,Gallery,36.1061142443,-115.1736468965
8796,Garden,37.3180917167,-121.95123945
8797,Corporate Office,36.8532307611,-119.8051196337
8798,Starbucks,36.8367343833,-119.8079522333
8799,Wine Bar,34.0978861496,-118.3329730614
8800,Other - College & Education,34.1657387667,-118.3742193
8801,Steakhouse,34.0141851553,-118.4978544179
8802,American,34.0847289333,-118.3208252
8803,Starbucks,33.4254895617,-117.6114688519
8804,Starbucks,33.6521797833,-117.6471195333
8805,Starbucks,33.6003959401,-117.6734712175
8806,Starbucks,33.6431365608,-117.5992816687
8807,In-N-Out Burger,33.56490005,-117.70739865
8808,Other - Parks,33.0960699667,-116.9976139
8809,Dive Bar,33.4258446833,-117.6156283667
8810,Starbucks,33.5269867667,-117.7170354833
8811,Starbucks,33.4585822667,-117.6514988833
8812,American,33.1247504583,-117.3237558311
8813,Italian,32.7082398167,-117.1600277167
8814,Mexican,33.4299080003,-117.6172229648
8815,Chick-fil-A,33.6784720167,-117.6635384
8816,Starbucks,33.4906157667,-117.6980706
8817,Italian,33.8063516333,-117.9200780667
8818,Mexican,33.5942398833,-117.67852475
8819,24 Hour Fitness,33.5957323333,-117.6789111167
8820,Other - Shopping,33.5703175,-117.6997447
8821,Ultra-lounge,33.5562362627,-117.6900634754
8822,Toys & Games,33.5703656333,-117.7072337833
8823,American,33.5640523237,-117.7082015775
8824,College,33.553483872,-117.6653444767
8825,Church,33.5045796833,-117.6622966833
8826,Mission,33.50202825,-117.6627011
8827,McDonald's,36.0420878,-115.11790845
8828,Burgers,36.0418664333,-115.1202113
8829,Gas & Automotive,36.0287564,-115.1186927833
8830,Starbucks,36.0628259667,-115.2243074667
8831,Grocery,36.0347231485,-115.1178579792
8832,Gas & Automotive,36.04276355,-115.10054665
8833,Burgers,36.143769467,-115.29615065
8834,Conference,36.09014588,-115.17655646
8835,Convention Center,36.0916754,-115.1805183
8836,Corporate Office,33.9829314435,-118.433007928
8837,Other - Food,33.9852610833,-118.4384786833
8838,Grocery,33.98512695,-118.4396030333
8839,Apple Store,33.8993333318,-118.3944293058
8840,American,34.0233455333,-118.39539825
8841,Trade/Tech School,37.7739210235,-122.3996723012
8842,Other - Entertainment,37.7725295833,-122.4407258167
8843,Light Rail,37.7695402,-122.42963545
8844,Chipotle,34.10617315,-117.5688746833
8845,Apartment,34.1157696667,-117.5658288333
8846,High School,34.09726828,-117.64879846
8847,Starbucks,34.1059419333,-117.5684198833
8848,American,34.1068255525,-117.573620975
8849,Bakery,34.1071497962,-117.5753831863
8850,Target,34.1085267078,-117.5742566586
8851,Starbucks,32.7149851,-117.162257
8852,Mexican,34.1292701667,-117.9078233167
8853,McDonald's,34.1070555333,-117.5601123667
8854,Ferry,37.9446774167,-122.5089660667
8855,Modern Hotel,37.6017356167,-122.3760970833
8856,Modern Hotel,37.6014104016,-122.3698354136
8857,Sandwich Shop,37.60343807,-122.38081377
8858,High School,37.9374675811,-122.5220774486
8859,Brewery / Microbrewery,37.9474645,-122.5095624
8860,In-N-Out Burger,38.3611763833,-122.7147664667
8861,Pub,39.7299809,-121.8409162667
8862,Target,38.3480617813,-122.7197594482
8863,Other - College & Education,38.339232661,-122.6754158735
8864,Luxury Hotel,37.3217382,-122.0315728
8865,Mediterranean,37.3780820881,-122.1172107685
8866,Diner,37.3803798055,-122.1156603098
8867,Breakfast,37.3752718,-122.1143291833
8868,Breakfast,37.2988396,-122.0319927
8869,City Park,37.2362065167,-121.9743776167
8870,Starbucks,37.25360055,-121.9523338
8871,Other - Shopping,37.2951068,-121.9403261833
8872,City Park,37.2686796167,-121.9499539667
8873,Coffee Shop,37.2689239333,-121.9437474667
8874,Playground,37.2395802667,-121.9298987167
8875,City Park,37.2788633667,-121.9408457333
8876,Modern Hotel,37.3989431931,-122.0760374405
8877,Corporate Office,37.393594983,-122.076806633
8878,Corporate Office,37.4044418667,-122.0770019167
8879,American,37.22818135,-121.97963475
8880,Light Rail,37.2856364333,-121.9430918167
8881,Mexican,37.2888888333,-121.9331925333
8882,Corporate Office,37.2882065679,-121.9355821609
8883,Modern,37.2860009667,-121.9361778667
8884,Library,36.1077651284,-115.1420212706
8885,Wine & Spirits,36.1611473412,-115.2911965929
8886,American,36.0625550167,-115.2522683167
8887,Chipotle,36.0036296667,-115.1106606167
8888,Wings,36.0543718,-115.1717168333
8889,Burgers,36.1965676333,-115.2508450667
8890,Sandwich Shop,36.0486199167,-115.2243654833
8891,Sandwich Shop,36.0622665333,-115.2432167667
8892,Chipotle,36.1440337167,-115.2063511
8893,Sandwich Shop,36.1588858667,-115.21097775
8894,Sandwich Shop,36.0677479964,-115.1772365085
8895,Men's Apparel,33.65057685,-117.74438675
8896,Coffee Shop,35.10170455,-114.5948513167
8897,South American / Latin,36.0701489208,-115.1753425598
8898,Brewery / Microbrewery,36.157152425,-115.334495436
8899,Bar,34.1318353075,-117.6406306028
8900,Train Station,34.0617613613,-118.1716489792
8901,Courthouse,34.062509533,-118.1687511
8902,Chipotle,34.1085579333,-117.6696251
8903,Craftsman,34.148271317,-117.65772855
8904,South American / Latin,34.0949219333,-117.7182256833
8905,Train Station,34.0945310333,-117.6472384333
8906,AMC Theatre,34.1125951286,-117.5301826
8907,Grocery,34.1314421167,-117.6383191667
8908,Starbucks,34.1333512,-117.6382827167
8909,Starbucks,34.0632539333,-118.0193902167
8910,Coffee Shop,34.0626146181,-118.3518826962
8911,Corporate Office,34.0175879,-118.4870553
8912,Grocery,33.99900175,-118.4617973833
8913,Theatre,34.0501904866,-118.2467279499
8914,Grocery,34.03438105,-118.44880925
8915,Other - Shopping,34.0333103,-118.449718
8916,Pub,33.99155425,-118.4695077667
8917,Starbucks,34.0462725,-118.5267331333
8918,Peet's Coffee,33.7323762333,-117.99223685
8919,Technology,34.0183101167,-118.4951452333
8920,American,33.9727376667,-118.4236553333
8921,Beach,34.0239013167,-118.5127124667
8922,French,34.0643983333,-118.46943575
8923,American,34.027174511,-118.4548426736
8924,American,34.0185680333,-118.5009216833
8925,Warehouse & Industrial,33.96807336,-118.12058562
8926,South American / Latin,34.0620076,-118.0546918667
8927,Diner,33.9610790665,-118.0299961567
8928,Grocery,34.0434933318,-118.0300929132
8929,Starbucks,32.7310679667,-117.16014105
8930,Burgers,33.6853635,-117.9882251
8931,In-N-Out Burger,33.7881126333,-117.81640245
8932,Starbucks,33.6726635167,-117.9539897667
8933,Grocery,33.6806577124,-118.0015842034
8934,Gym,33.71625673,-117.99098408
8935,Breakfast,33.7520649,-118.1085391333
8936,American,33.6976283333,-117.954508
8937,Tobacco & Cigars,33.8135741667,-117.9206415667
8938,Target,33.7253550959,-117.988915899
8939,In-N-Out Burger,33.7004392167,-117.98835265
8940,Corporate Office,33.866923483,-118.0560457706
8941,Asian,34.20064825,-118.4321561
8942,Mexican,34.1725902667,-118.4049638
8943,Subway,34.1691051,-118.37656695
8944,American,33.9009130207,-118.3943319265
8945,Bank & Financial,34.1847961833,-118.4482146833
8946,Burger King,34.1871008333,-118.4133802833
8947,Burgers,34.1518199333,-118.8017700333
8948,Subway,34.1875118,-118.41689555
8949,Starbucks,34.1866752668,-118.4137086695
8950,Middle Eastern,34.1736401667,-118.4661791333
8951,Middle Eastern,34.15207475,-118.3655507833
8952,Asian,34.1748429113,-118.8457542435
8953,Coffee Shop,34.18000345,-118.87974295
8954,Convention Center,33.7646013804,-118.1908321381
8955,Courthouse,34.18290245,-118.4460476
8956,Asian,34.1538175167,-118.7964969
8957,American,34.1607995,-118.82327371
8958,Mexican,34.2151379233,-119.0068274472
8959,Grocery,34.15658215,-118.3958957167
8960,Indian,37.7609091833,-122.4368215167
8961,Other - Airport,37.6206249352,-122.3878283209
8962,Saloon,37.7387580167,-122.4173763
8963,Bus Station,34.0547263833,-118.2331496167
8964,American,38.5840265333,-121.2849181667
8965,American,38.5832712,-121.50532385
8966,Other - Airport,38.6930350522,-121.5895378124
8967,Hospital,38.5553381333,-121.4582823833
8968,Sushi,37.7602062867,-122.4099518583
8969,Grocery,37.322964,-121.9125630333
8970,Bookstore,37.3313343479,-121.9110922515
8971,Hardware Store,37.3233463167,-121.9016403
8972,Vineyard,38.4546767444,-122.4184709787
8973,Vineyard,38.5669356167,-122.54945335
8974,Seafood,37.3322654487,-121.8894621371
8975,Sushi,38.4240560833,-121.3885878167
8976,Other - Nightlife,38.5738620249,-121.4701223373
8977,Cinemark Theatre,34.6024475098,-118.1555786133
8978,Chipotle,34.6020060197,-118.1503099999
8979,Starbucks,34.6012162333,-118.1433849833
8980,Coffee Shop,34.6021268241,-118.147676152
8981,Costco,34.6604159731,-118.1511675242
8982,Barnes & Noble,34.5967521,-118.1464183833
8983,In-N-Out Burger,34.4237331667,-118.4232206
8984,Resort,34.03925835,-118.5458572667
8985,Italian,34.60602225,-118.1496688
8986,Live Music,33.6823439598,-116.2369394302
8987,Live Music,33.6837923527,-116.236563921
8988,Other - Entertainment,33.6816506667,-116.23674095
8989,Live Music,33.6800426245,-116.2368160486
8990,Concert,33.6829018593,-116.2394821644
8991,In-N-Out Burger,34.7045337,-118.1669353333
8992,Grocery,34.1646227,-118.2565832833
8993,Other - Food,34.1545951167,-118.4482766833
8994,Corporate Office,34.1648664667,-118.3138508833
8995,Other - Entertainment,34.15608855,-118.3270950667
8996,Mexican,34.1021745333,-118.3294193333
8997,Diner,34.1551507989,-118.4488713741
8998,Mexican,34.15091545,-118.4477870667
8999,Grocery,34.1718109667,-118.4473075667
9000,Tacos,34.1574784667,-118.4139678833
9001,Drugstore & Pharmacy,34.1578299,-118.4233116333
9002,Mexican,34.16287815,-118.3142943667
9003,Frozen Yogurt,34.181648454,-118.3113116026
9004,Pizza,34.1816732,-118.3115258333
9005,Chipotle,34.1818592479,-118.3112874627
9006,Ben & Jerry's,34.1820190071,-118.3107966185
9007,Grocery,34.1604604606,-118.3453541451
9008,Other - Food,34.1854424833,-118.5972284167
9009,Cineplex,32.8293870167,-117.2050287
9010,American,32.7483313167,-117.1335887
9011,American,34.10317155,-118.2873398
9012,South American / Latin,34.0527691167,-118.2573119667
9013,Apartment,34.1546874921,-118.4495125042
9014,Frozen Yogurt,34.1432225667,-118.3938431667
9015,American,34.1517986619,-118.4486840842
9016,American,34.1434683288,-118.3936929703
9017,American,32.7144402115,-117.1592830229
9018,Live Music,34.1007407333,-118.3301458
9019,Diner,34.0462919167,-118.2491894667
9020,Mexican,34.1017440911,-118.334416151
9021,Live Music,34.0897091333,-118.2683092667
9022,Dessert,34.15450305,-118.4482169667
9023,Mexican,34.191526355,-118.3291697502
9024,Bakery,34.07227915,-118.3673346
9025,Cineplex,34.07623205,-118.3456299667
9026,Frozen Yogurt,34.078696,-118.1229367833
9027,Corporate Office,34.0976884751,-118.3299314976
9028,Other - Nightlife,33.8215471333,-116.5440909167
9029,Bar,33.8208640667,-116.54529815
9030,Vegetarian / Vegan,34.0980536438,-118.3266088885
9031,Dive Bar,34.1718677833,-118.3602993833
9032,AMC Theatre,32.6569164187,-117.0660261893
9033,Sandwich Shop,34.0726697333,-118.37184905
9034,Garden,34.1265932646,-118.1138634682
9035,Breakfast,34.044432169,-118.264721632
9036,Burgers,34.174637,-118.3003410833
9037,American,34.0228481294,-118.3954633178
9038,Breakfast,34.1605339094,-118.507676299
9039,Steakhouse,36.1155015333,-115.1598457667
9040,Cineplex,34.1454648167,-118.1432082167
9041,Contemporary Church,34.1115655833,-118.14947465
9042,Light Rail,34.05606755,-118.2348012833
9043,Mediterranean,33.7714713833,-118.15879495
9044,Corporate Office,33.8318164,-118.15360785
9045,Health & Fitness,33.796364665,-118.1224143505
9046,24 Hour Fitness,33.8118177333,-118.1249627833
9047,Coffee Bean and Tea Leaf,33.7578703667,-118.1086892
9048,24 Hour Fitness,33.7901510263,-117.9661917686
9049,Department Store,33.6898699687,-117.8879209291
9050,24 Hour Fitness,33.6888181167,-117.8801324333
9051,McDonald's,33.7745556,-117.939716167
9052,24 Hour Fitness,33.6793151333,-117.8538416
9053,24 Hour Fitness,33.7347757816,-117.9930943251
9054,Pub,33.61213445,-117.8747391667
9055,Dessert,33.7843328,-117.9146183333
9056,Other - Art & Culture,33.84259505,-118.2891291667
9057,Bar,33.843431219,-118.288638055
9058,Post Office,33.7131035328,-117.9288983345
9059,Sandwich Shop,33.7760662667,-117.9176273833
9060,Other - Architecture,34.1314703499,-117.3224056376
9061,Craftsman,34.1490971333,-117.2903669333
9062,Church,34.1516868333,-117.2990292167
9063,Bakery,34.13685675,-117.3679246
9064,Barnes & Noble,34.0724620013,-117.2052383423
9065,Hospital,34.036488624,-117.2048199177
9066,Other - Medical,33.5914304713,-117.2377359867
9067,Starbucks,34.0490707667,-117.2256679667
9068,Condo,34.042719,-118.258444
9069,Condo,34.04604119,-118.26062298
9070,Grocery,34.0453456561,-118.260825216
9071,Arts,33.8804722647,-117.8885900974
9072,Frozen Yogurt,34.1268653333,-118.0527131667
9073,Hospital,34.1305524667,-117.9726481333
9074,American,34.0508812,-118.25839245
9075,Subway,33.8326764107,-118.029062748
9076,Asian,34.06185065,-118.30244145
9077,Bakery,34.1859970093,-118.3158187866
9078,In-N-Out Burger,34.1452025333,-118.03125335
9079,City Hall,34.0536905496,-118.2427704334
9080,Mexican,34.14581235,-118.13602945
9081,Light Rail,34.0407280667,-118.26609485
9082,Ultra-lounge,34.0852182867,-118.3835388272
9083,Toys & Games,34.10029575,-118.2901354167
9084,Theatre,34.0980300394,-118.3625674776
9085,Sports & Outdoors,34.1911593833,-118.33195075
9086,Diner,37.86984085,-122.3004698667
9087,Furniture,37.8708132833,-122.3011303833
9088,Modern Hotel,37.8691547701,-122.2678869872
9089,Starbucks,33.94593,-117.4164203667
9090,Starbucks,33.94652955,-117.39700155
9091,Thai,33.9545336667,-117.3971304167
9092,Hospital,33.9046940667,-117.4700429833
9093,Starbucks,34.4199523638,-119.6996917584
9094,Starbucks,33.9572089833,-117.3302123
9095,Mexican,32.6831205688,-117.1786120485
9096,Bakery,34.11420345,-117.8358733833
9097,Burgers,36.8076237333,-119.6982064833
9098,Gym,34.1244741167,-117.8721180833
9099,Bakery,36.009490349,-115.1178896427
9100,Coffee Shop,36.0176191333,-115.1174329833
9101,Starbucks,35.3169151,-119.054774
9102,Monument,36.815440083,-114.0545835
9103,Historic Landmark,36.818045367,-114.050321183
9104,Casino,35.7774009198,-115.3281641006
9105,Bakery,34.1507736333,-117.4735026833
9106,Grocery,34.2535563667,-118.8107423167
9107,Train Station,34.1783286667,-118.3117389
9108,Breakfast,34.0559572098,-118.2363545895
9109,Fine Dining,34.0561705394,-118.2362365723
9110,Bus Station,34.053992001,-118.23759099
9111,Starbucks,34.06839889,-118.16911491
9112,Asian Food,34.0779159667,-118.1309804833
9113,Train Station,34.2707420761,-118.692097195
9114,Campus Commons,34.0671691895,-118.1695251465
9115,Asian Food,34.07832095,-118.1242887667
9116,Other - College & Education,34.230058078,-118.808720926
9117,Other - Architecture,34.0624101927,-118.2487142086
9118,College,34.0875330353,-118.2932710648
9119,Mexican,34.1522122167,-118.34263425
9120,Mexican,34.85178525,-117.0824192333
9121,Starbucks,36.16374965,-115.1579749667
9122,Walmart,34.050312669,-118.0854105949
9123,Modern Hotel,34.0504553362,-118.2431409376
9124,Mall,34.0489481449,-118.2399702072
9125,Grocery,34.1444339751,-118.396064043
9126,Hot Dogs & Sausages,34.1575860833,-118.49164245
9127,Fine Dining,33.9356369667,-118.37790055
9128,Breakfast,34.1063665667,-118.28759835
9129,Cineplex,33.8227257975,-116.5399217606
9130,Mexican,32.7618727833,-117.1464228167
9131,Aquatics,32.8088888889,-117.1398611111
9132,Banana Republic,32.8736805556,-117.2054861111
9133,Whole Foods,32.7478592027,-117.1580529213
9134,Breakfast,32.80064745,-117.23616225
9135,Gate,37.612633639,-122.3840475082
9136,Asian,34.1016800853,-118.3182486601
9137,Modern Hotel,34.0947073167,-118.3744730833
9138,Starbucks,34.10377305,-118.33929657
9139,Luxury Hotel,34.13726805,-118.3595967167
9140,Starbucks,37.4318663667,-122.2017546333
9141,Mexican,37.4323734667,-122.2021734167
9142,Corporate Office,37.6301364167,-122.4209232333
9143,Grocery,37.6261763833,-122.4268790333
9144,Trader Joe's,37.45133415,-122.1832728
9145,Grocery,37.4235318167,-122.1969492
9146,Other - Food,37.4436737901,-122.1605074295
9147,Asian,37.4566090203,-122.1882998943
9148,Costco,33.8751496,-117.7443357333
9149,Bakery,37.4252568174,-122.1455227215
9150,Other - College & Education,33.9186841249,-118.115901947
9151,Burgers,33.83766135,-118.35474625
9152,Mexican,33.7540436833,-118.30867515
9153,Other - Food,33.8270199744,-118.3512256448
9154,Diner,33.7892682861,-118.3273673058
9155,Asian,33.7935477333,-118.3344288167
9156,American,33.8365947667,-118.35624645
9157,Other - Art & Culture,34.0625346256,-118.238940239
9158,Dog Park,34.092138,-118.2649800167
9159,Other - Entertainment,34.1614896883,-118.2885503769
9160,Fine Dining,34.0843489333,-118.3852746167
9161,Ultra-lounge,34.0839983503,-118.3857410901
9162,Apartment,33.9571501,-117.3460379833
9163,Other - Travel & Lodging,33.5445389167,-117.7904647333
9164,Grocery,33.9550510206,-117.3309579167
9165,Ultra-lounge,37.69170885,-121.9209660167
9166,Other - Entertainment,37.6507214833,-121.8035188333
9167,Starbucks,37.6507712833,-121.80451115
9168,Victorian,37.655627015,-121.7944579561
9169,Farm,37.6550952,-121.78443
9170,Victorian,37.6541339167,-121.7882180167
9171,Beach,39.0060606333,-119.9473507833
9172,Duplex,34.070607262,-118.251614707
9173,Beach,33.9935779667,-118.4813717667
9174,Live Music,34.1198076555,-118.2957601547
9175,High School,34.0579838193,-118.2608270645
9176,Starbucks,34.0400353,-118.4631408167
9177,Apartment,34.039108061,-118.464352207
9178,Corporate Office,34.156659377,-118.482651963
9179,Pizza,33.9900627,-118.3948755667
9180,Antique Hotel,34.0136803833,-118.49758795
9181,Wings,34.0160639167,-118.49547125
9182,Bakery,34.0264948047,-118.4560840455
9183,Mexican,34.0433303,-118.4316547
9184,Vegetarian / Vegan,34.0249058667,-118.39383405
9185,Bakery,34.0252497167,-118.3943397
9186,Diner,34.0445691,-118.4547522167
9187,Pizza,34.0464012,-118.4337728
9188,Diner,34.0271147333,-118.3819759
9189,Sandwich Shop,34.0390968959,-118.4307843296
9190,Hotel Indigo,32.7106291334,-117.1563255787
9191,Other - Entertainment,34.017211211,-118.4016859531
9192,Burgers,34.0399529062,-118.4287336406
9193,Italian,34.0234649667,-118.3951379167
9194,Modern Hotel,32.7649136289,-117.1571192504
9195,Other - Architecture,34.0215330045,-117.5500738621
9196,College,34.1477814638,-117.5728833675
9197,Theme Park,34.4220221,-118.5930132833
9198,Starbucks,33.9967358333,-117.7163028
9199,Historic Landmark,34.1033120921,-118.3263587952
9200,American,34.07350445,-118.3615366167
9201,Starbucks,34.0717403833,-118.3608487167
9202,Other - Entertainment,34.0743124167,-118.3608488667
9203,Coffee Bean and Tea Leaf,34.0641344604,-118.3728468418
9204,Coffee Shop,34.08359025,-118.3418437167
9205,Starbucks,34.0577152667,-118.3633002833
9206,Ultra-lounge,34.0958157167,-118.3710748
9207,Pub,34.0837843,-118.3509456833
9208,Four Seasons,34.1523332107,-118.8040026611
9209,Other - Food,33.8113152833,-117.9188132167
9210,Apartment,33.88854801,-117.52040731
9211,Racetrack,33.8071531451,-118.0432140827
9212,Skyscraper,33.78167356,-117.8936739339
9213,Fountain,33.67998198,-117.85346237
9214,Gas & Automotive,33.9274967333,-116.9472522833
9215,Other - Parks,35.03153395,-116.4702088333
9216,Other - Architecture,33.883344217,-117.640653933
9217,Cineplex,36.0637130737,-115.0412445068
9218,Burgers,33.5606586233,-117.6706214981
9219,Italian,32.7524715167,-117.2072471167
9220,Historic Landmark,32.75259135,-117.1945162167
9221,Mexican,37.3887358,-122.0045904333
9222,Salon & Barbershop,37.2214093667,-121.9809545
9223,Sandwich Shop,37.3716365237,-122.0457485318
9224,Farmers Market,37.2870670333,-121.9433219333
9225,Starbucks,37.2871619833,-121.94494135
9226,Mexican,37.3848207167,-121.9953375833
9227,Pavilion,37.3877518,-121.9927902833
9228,Subway,33.52445995,-117.6863758667
9229,Other - Services,33.5243894333,-117.6861326667
9230,Other - Shopping,33.52440815,-117.6862955833
9231,Starbucks,33.524562,-117.6861046167
9232,Asian,33.5750706667,-117.7243887
9233,Asian,33.57536845,-117.7248461333
9234,Victorian,33.5165127167,-117.6815831167
9235,City Hall,33.5962874,-117.6597332333
9236,Library,33.5964351376,-117.6591217518
9237,Asian,33.5974376504,-117.6578938588
9238,Starbucks,33.7243485851,-117.7929639816
9239,Burgers,33.723723947,-117.7917730808
9240,Dormitory,34.0545883321,-117.8182733059
9241,Drugstore & Pharmacy,33.5228199667,-117.6877411
9242,Corporate Office,33.6786133368,-117.8478860492
9243,Children's Apparel,33.7201812707,-117.792545557
9244,Mexican,33.5240791208,-117.6867638072
9245,Grocery,33.5238569541,-117.6874351501
9246,Condo,33.521308,-117.6869808
9247,Modern,33.5250696,-117.7069126667
9248,Gap,33.5589398206,-117.669607238
9249,Other - College & Education,33.9468007,-118.36842101
9250,Corporate Office,33.6676016664,-117.7680522725
9251,Doctor's Office,33.8317537308,-117.9479634762
9252,Other - Travel & Lodging,34.0346199167,-118.3456304667
9253,Target,33.8317251388,-117.9422880219
9254,Target,33.8428581833,-118.2605803013
9255,Sushi,37.5661471242,-122.3237943649
9256,Old Navy,37.6360180728,-122.41970328
9257,Coffee Shop,37.7831411333,-122.4611449167
9258,Pizza,37.7831136,-122.4610562833
9259,Ice Cream,37.7802529167,-122.47717365
9260,American,37.7694511333,-122.5105619333
9261,American,37.7692481333,-122.50978855
9262,Golf Course,37.7822646907,-122.4944257736
9263,Bakery,37.7554646816,-122.4182403088
9264,Starbucks,37.7832901333,-122.4326708
9265,Mexican,37.3523403,-121.9645145
9266,Rec Center,37.4285226667,-122.11667535
9267,Burger King,37.3957324344,-122.0289766788
9268,Health & Fitness,37.42841475,-122.1159267833
9269,Italian,37.2502942,-121.864736187
9270,Other - Food,37.2903490339,-121.9911360741
9271,Technology,37.37523505,-122.0584013167
9272,American,37.3270858,-122.0158198
9273,Performing Arts,37.4176370833,-122.1094288333
9274,Ultra-lounge,33.8783575,-117.8807606
9275,Plaza / Square,33.77225515,-117.4871880167
9276,BBQ,33.7463420333,-117.8696975
9277,Dancefloor,36.11753696,-115.17367887
9278,Frozen Yogurt,36.0035778333,-115.1107632333
9279,Sandwich Shop,36.0066815,-115.1160340167
9280,Hall,37.7757664847,-122.4530867909
9281,The Home Depot,37.69842287,-122.4819520238
9282,Warehouse & Industrial,37.7757995833,-122.4004535167
9283,Wings,37.7554053312,-122.4187416657
9284,Rec Center,37.77718405,-122.4543304667
9285,Sandwich Shop,37.7755665667,-122.4583983333
9286,Corporate Office,37.4069858333,-121.9810347167
9287,McDonald's,37.3815927833,-121.9787900833
9288,Grocery,37.5642728667,-122.3217988
9289,Sandwich Shop,37.50183005,-122.2553858333
9290,Bookstore,37.42008775,-122.0955508
9291,Toys & Games,37.3572442667,-121.9350637333
9292,Indian,37.3539182667,-121.9977483
9293,Other - Food,37.3945774737,-121.9463646412
9294,Steakhouse,37.4295216833,-121.9199176833
9295,Church,34.6960730467,-118.0583953857
9296,Walmart,34.6921034712,-118.0968260765
9297,American,34.67314745,-118.14768905
9298,Other - Food,34.6738202833,-118.1468931667
9299,Grocery,34.6719220167,-118.14560535
9300,Beach,34.2758037,-119.2904098333
9301,Frat House,34.7074779006,-118.0665385723
9302,Mall,34.6032428741,-118.1524443626
9303,Soul Food,34.0985772833,-118.3223606833
9304,Arts,33.790111,-117.8567684667
9305,Theatre,33.791628,-117.8503790667
9306,Coffee Shop,33.7880148167,-117.8524718667
9307,Grocery,33.80265445,-117.83765605
9308,Burgers,33.79577565,-117.8361784
9309,Asian,33.78793155,-117.868655
9310,Pizza,33.8094721,-117.8349803667
9311,Seafood,33.8087671167,-117.8688617667
9312,Train Station,33.78875615,-117.8575621667
9313,Trader Joe's,33.8232462167,-117.8366059167
9314,Breakfast,33.7900279333,-117.8530525
9315,Starbucks,33.7874974667,-117.8536586333
9316,Stadium,33.7942662333,-117.85134195
9317,Other - College & Education,33.6494289014,-117.8431761939
9318,Vegetarian / Vegan,33.6510629333,-117.7432586167
9319,Old Navy,33.6503464667,-117.7440501833
9320,Lab,34.134015088,-118.358398026
9321,Trader Joe's,34.1522654124,-118.3516282647
9322,Other - Shopping,34.1305453644,-118.3504933119
9323,Starbucks,34.1579057167,-118.37885325
9324,Mexican,34.13436055,-118.361485
9325,Mexican,34.1524051308,-118.3514133096
9326,In-N-Out Burger,34.1349934333,-118.3606316167
9327,Holiday Inn,34.1450373167,-118.3699318833
9328,Coffee Shop,34.1056451167,-118.3189411833
9329,Chick-fil-A,34.417912817,-118.55775925
9330,Other - Architecture,34.0158516167,-118.1727472
9331,Other - Architecture,33.7865064667,-118.0937214333
9332,Other - Art & Culture,34.1004063,-118.2940657333
9333,Coffee Bean and Tea Leaf,34.0981018333,-118.3621107333
9334,Coffee Bean and Tea Leaf,34.1013754068,-118.3412504196
9335,Coffee Bean and Tea Leaf,34.1681632559,-118.3768312406
9336,Starbucks,34.1405692667,-118.36956795
9337,Pizza,34.1879585333,-118.3163621167
9338,Coffee Shop,34.1524577768,-118.3515638566
9339,Other - Parks,34.1109765333,-118.34875195
9340,Other - Entertainment,34.1495128714,-118.3408856392
9341,Other - Food,34.0836367333,-118.3448305667
9342,Pizza,34.1650607167,-118.3749301667
9343,Corporate Office,37.78242611,-122.39536869
9344,French,37.7815050922,-122.3940478699
9345,Bookstore,37.8408779667,-122.2937478333
9346,Health & Fitness,37.8411161833,-122.2933118338
9347,Peet's Coffee,37.8415590765,-122.293587327
9348,Other - Food,37.8415934167,-122.2934347333
9349,Health & Fitness,37.8422042833,-122.2944560667
9350,Other - Entertainment,37.8421632,-122.2951468333
9351,American,37.8190350167,-121.9971375667
9352,Candy Store,37.8225770833,-122.0011301667
9353,Pub,37.823115,-122.0017226667
9354,Whole Foods,37.893472516,-122.05495176
9355,Ice Cream,37.3756736508,-122.0637273788
9356,Gate,37.6148773153,-122.3832321167
9357,Pet Store,37.4208899353,-122.092804569
9358,Grocery,37.3755260667,-122.0628433833
9359,Grocery,37.4185169,-122.1098883833
9360,Pet Store,37.4189680833,-122.1101383
9361,Modern Hotel,37.3758813667,-122.0610430667
9362,Modern Hotel,37.3762791333,-122.0620569333
9363,Nature Preserve,37.3950080833,-122.06946325
9364,Antique Hotel,37.4442445333,-122.1615649667
9365,Gas & Automotive,37.3883491,-122.0889099333
9366,Flower Shop,37.41739715,-122.1034826167
9367,Drugstore & Pharmacy,37.3739788167,-122.05381605
9368,Hardware Store,37.38802475,-122.0890224667
9369,Breakfast,37.3960298184,-122.101800484
9370,Peet's Coffee,37.4194426167,-122.1104508
9371,Corporate Office,37.4257566,-122.1437229667
9372,Gas & Automotive,37.387298584,-122.0881576538
9373,City Park,37.3891348547,-122.0862901211
9374,Sandwich Shop,37.4144248167,-122.0785966333
9375,Corporate Office,37.4267861042,-122.0955061913
9376,Health & Fitness,37.422134968,-122.1037942641
9377,Hardware Store,37.42125115,-122.0999755
9378,Furniture,37.4397620342,-122.1719796634
9379,Other - Medical,37.3770372633,-122.06440116
9380,Walgreens,37.40414725,-122.0976104333
9381,Asian,37.4162228333,-122.0791143833
9382,Sushi,37.3755217167,-122.0637412167
9383,Italian,37.4272274333,-122.1433902833
9384,Asian Food,37.4028711667,-122.10840295
9385,Subway,37.3839487667,-122.0804861333
9386,American,37.3365306538,-121.8866374826
9387,Burgers,37.3846720333,-122.0824086167
9388,Library,37.3903588167,-122.08401205
9389,Post Office,37.45183425,-122.1250230667
9390,Historic Landmark,37.3693369167,-122.0372702167
9391,French,37.7686718833,-122.4151149333
9392,Vineyard,38.2238295333,-122.4715858833
9393,Luxury Hotel,38.3128483,-122.4832384
9394,Gate,37.6177158088,-122.3880386353
9395,Nature Preserve,37.3924952667,-122.0692610167
9396,Sandwich Shop,37.37002,-122.04179535
9397,Gas & Automotive,37.4064430167,-122.0775568167
9398,City Park,37.3894540833,-122.0838162667
9399,Ice Cream,37.4185209833,-122.10945535
9400,Farmers Market,37.3673263203,-122.030403614
9401,Thrift Store,37.3752926667,-122.0615887
9402,City Park,37.3897436,-122.0865684333
9403,BBQ,37.42215645,-122.0968364167
9404,Nature Preserve,37.37164535,-122.0681612167
9405,Performing Arts,36.1020643811,-115.1740980148
9406,Diner,33.8722761416,-117.9244736654
9407,Mexican,33.6985404833,-117.8867774167
9408,Starbucks,34.985374814,-118.9470259651
9409,Target,33.64151355,-117.5979129833
9410,24 Hour Fitness,33.5591995,-117.6291989833
9411,Gym,33.646503,-117.585592
9412,Theatre,34.05752365,-118.2482537667
9413,Gas & Automotive,37.3722703333,-122.05272475
9414,Nature Preserve,37.3273076327,-122.0972442627
9415,Sculpture,37.4325134,-122.17074905
9416,City Park,37.3773958649,-122.0406711102
9417,Plaza / Square,37.3778014,-122.03137145
9418,Fountain,37.3777858333,-122.0298681
9419,Italian,37.3762576333,-122.0309488
9420,Subway,37.4290661833,-122.142318
9421,Historic Landmark,37.376596569,-122.030197911
9422,Dive Bar,37.3771341167,-122.0303360167
9423,Pub,37.3771803667,-122.03047865
9424,Farmers Market,37.3781120215,-122.0304894447
9425,City Park,37.4225493667,-122.1123893167
9426,Vineyard,38.2145200167,-122.4542291167
9427,Bike Shop,37.3767158167,-122.0278776833
9428,Sports & Outdoors,37.4140691667,-121.89949035
9429,Corporate Office,37.5227970553,-122.2550868988
9430,Luxury Hotel,33.72227567,-116.32852655
9431,Bar,37.7792120153,-122.3979198933
9432,Pub,37.7697225833,-122.44872535
9433,Modern Hotel,37.7789237006,-122.4109876156
9434,Concert,37.767851238,-122.49438724
9435,Corporate Office,34.03151735,-118.45702705
9436,Library,34.0182943267,-118.493421004
9437,Asian,33.8008138,-118.07225085
9438,Fire Station,33.8998875433,-118.125
9439,Trade/Tech School,34.1011810667,-118.3375942333
9440,Other - Shopping,33.9016329207,-118.1249436736
9441,Train Station,33.9105302095,-118.1037461758
9442,Dancefloor,34.0371564833,-118.4693921
9443,Temple,33.89980785,-118.12422345
9444,Walmart,33.9852266597,-118.104647398
9445,Salon & Barbershop,37.78106825,-122.4024706667
9446,Breakfast,37.7650085298,-122.3984560559
9447,Coffee Shop,37.773064597,-122.4375045523
9448,Asian Food,37.7623910167,-122.39754325
9449,Coffee Shop,37.7623859667,-122.3984482333
9450,Other - Art & Culture,37.7629713667,-122.4212633333
9451,Seafood,37.76034533,-122.41932755
9452,Coffee Shop,37.7439835667,-122.4219283667
9453,Mediterranean,37.7441298667,-122.4213299833
9454,Corporate Office,37.7834025592,-122.393253791
9455,Bridge,37.77022535,-122.2377570167
9456,Peet's Coffee,37.8700152167,-122.3010822
9457,Other - Entertainment,33.1274842333,-117.3123906833
9458,Beach,33.8840479333,-118.4127590333
9459,Asian,37.7627879427,-122.2451238334
9460,Vegetarian / Vegan,34.140733925,-118.371461825
9461,Vegetarian / Vegan,34.0839276833,-118.2950908667
9462,Sports & Outdoors,34.0838897833,-118.2946631667
9463,Grocery,34.1078896833,-118.27269175
9464,Bookstore,34.09140475,-118.2789872
9465,Asian Food,34.1170449833,-118.2624681833
9466,Italian,34.1110288045,-118.2875512293
9467,Other - Food,34.0355728682,-118.2328891754
9468,Bike Shop,34.0839296579,-118.2949608564
9469,Live Music,34.0672551,-118.2721433833
9470,Sushi,32.7484399833,-117.15267875
9471,Seafood,34.0511833159,-118.2540780974
9472,Steakhouse,34.0719284,-118.3572541
9473,Whole Foods,34.0712011473,-118.361048919
9474,French,34.0241853667,-118.39442715
9475,Breakfast,34.0762952333,-118.3450355333
9476,Health & Fitness,34.0510771485,-118.2544434071
9477,Toys & Games,34.0837904576,-118.3634830891
9478,American,36.0825226392,-115.1452736643
9479,In-N-Out Burger,34.0264232774,-118.3933619566
9480,Burgers,34.0837620114,-118.357132554
9481,High School,34.0129603435,-118.4864974022
9482,Dessert,34.0903142,-118.34514707
9483,Pub,37.8435024,-122.25171265
9484,Pub,37.8428051667,-122.25179585
9485,Pub,37.8480700373,-122.2520184517
9486,Italian,37.8299536,-122.2474885
9487,Rec Center,37.8128869,-122.2657601833
9488,Flower Shop,37.8504760244,-122.252522707
9489,Pub,37.8246583971,-122.2549796104
9490,Hospital,37.9373324667,-122.3605973
9491,Diner,37.7963479167,-122.2748805
9492,Dive Bar,37.8592728663,-122.2890025602
9493,Asian,37.797889417,-122.2445709349
9494,Duplex,37.9284641833,-122.05265545
9495,Gallery,37.7821120667,-122.3970812167
9496,Technology,37.5370008725,-122.256138566
9497,Craftsman,37.3746289167,-122.0780977
9498,Bike Shop,37.3980726333,-122.1058077833
9499,Pizza,37.3981782005,-122.1078688397
9500,Sushi,37.4138029333,-122.1258251
9501,Gas & Automotive,37.3871955333,-122.0886826515
9502,BBQ,37.3659108484,-122.0285958052
9503,Pet Store,37.3647852733,-122.0301568508
9504,Sushi,37.3654121167,-122.0277682833
9505,Corporate Office,37.5365052747,-122.2576258396
9506,Corporate Office,37.5378890199,-122.2555378161
9507,Corporate Office,37.5378226009,-122.2568244547
9508,Bakery,37.5368046833,-122.2562472667
9509,Mexican,37.4105620833,-122.0936589167
9510,Holiday Inn Express,37.3812430973,-122.0758104225
9511,American,37.401038206,-122.1109396219
9512,Veterinarian,37.3994830958,-122.1099900967
9513,Bakery,37.3222950167,-122.0329705333
9514,UPS,37.3880266772,-122.0829749107
9515,Gas & Automotive,37.3809827,-122.07324745
9516,Corporate Office,37.5369559667,-122.2545567667
9517,Craftsman,37.5334157293,-122.2432422638
9518,Apartment,37.5358001,-122.2394551833
9519,Apartment,37.5357579667,-122.2428589833
9520,Condo,37.5389127333,-122.2408649833
9521,Modern,37.3753619667,-122.08081865
9522,Sushi,37.3763657541,-122.0762290096
9523,American,33.7881560167,-117.9152134167
9524,Starbucks,36.0816039085,-115.1376199722
9525,Asian,36.11327397,-115.15335768
9526,Casino,36.1104576514,-115.1521665229
9527,Starbucks,36.1163628,-115.1546788167
9528,Bar,36.0810663159,-115.1469755173
9529,In-N-Out Burger,32.6598239667,-117.1066763
9530,River & Stream,32.724530178,-117.1746611595
9531,Bridge,37.3336888525,-122.0505309105
9532,Plaza / Square,37.3225833167,-122.0320612167
9533,Bakery,37.3225825303,-122.032175909
9534,Coffee Bean and Tea Leaf,34.0910890667,-118.3830727667
9535,Coffee Bean and Tea Leaf,34.0836334229,-118.3530891462
9536,Sports Bar,34.0872409167,-118.3814158833
9537,Other - Food,34.0867241248,-118.3813562542
9538,Bar,33.8209234494,-116.5455325305
9539,Diner,34.1760066333,-118.3468547833
9540,Other - Food,34.10513565,-118.3305560833
9541,American,34.0908443833,-118.3704543
9542,Theatre,34.1019062229,-118.3257472515
9543,Coffee Shop,33.8010960848,-116.5388872285
9544,Other - Shopping,34.0907516479,-118.37102643
9545,Resort,33.8007075374,-116.5403401852
9546,City Park,34.0832023167,-118.38508035
9547,Ultra-lounge,34.0348971702,-118.2320138392
9548,Coffee Shop,34.0821023,-118.3787285167
9549,Dog Park,34.1209280333,-118.3801746333
9550,Corporate Office,34.1464365333,-118.1533587667
9551,American,34.1159833667,-118.1554220833
9552,Nordstrom,34.4197116996,-119.7000945853
9553,French,34.1037866167,-118.2916707167
9554,Mexican,33.940772501,-118.4068601268
9555,Grocery,38.3464962244,-122.7070230246
9556,Health & Fitness,38.4428894801,-122.7015991576
9557,Convention Center,38.4351008833,-122.7012948167
9558,Contemporary Church,33.7750062867,-118.3197690413
9559,Brewery / Microbrewery,33.8325118522,-118.3473336697
9560,Italian,34.06526175,-118.24666525
9561,Contemporary Church,34.1521248,-118.8078109333
9562,Mexican,33.7705702098,-118.3689913286
9563,Fine Dining,39.26363521,-120.12712043
9564,Coffee Shop,37.4438073222,-122.1646159887
9565,Indian,37.3971729661,-122.1042290199
9566,Sushi,37.77608585,-122.4260314167
9567,Starbucks,37.2756648333,-121.9227177
9568,American,37.4550897,-122.1647879667
9569,French,37.7763989167,-122.4266069167
9570,Cineplex,37.29065025,-121.8801155333
9571,24 Hour Fitness,37.2911086985,-121.8795132637
9572,American,37.3025085544,-121.8631804847
9573,Salon & Barbershop,37.445228837,-122.1622875149
9574,BBQ,37.2483318833,-121.8588551667
9575,24 Hour Fitness,37.3713521,-121.9116290333
9576,Steakhouse,36.1144594485,-115.1957058907
9577,24 Hour Fitness,37.3178210667,-121.9155353833
9578,Other - Entertainment,37.302458633,-121.931185267
9579,Chick-fil-A,33.6950927986,-117.8265452385
9580,Apparel,33.6497191833,-117.7438169167
9581,Stadium,33.69073505,-117.8230858
9582,Sports Bar,33.8000143605,-117.8815305233
9583,McDonald's,33.6931771167,-117.8265079333
9584,Wings,33.845540361,-117.9891622066
9585,IKEA,34.074150517,-117.8790950775
9586,Other - Shopping,33.8128858167,-117.9192102667
9587,Stadium,34.0726268833,-117.5658013667
9588,Asian Food,34.0926931833,-117.6883913833
9589,Pub,34.1010689667,-117.7701330167
9590,Modern Hotel,33.8197505167,-117.92069825
9591,In-N-Out Burger,34.1165750167,-117.8296445167
9592,Other - Entertainment,34.11307395,-117.8614636833
9593,American,33.8502892167,-118.3886539667
9594,Wings,33.8334832664,-118.3471190929
9595,American,38.5676436333,-121.4637866
9596,Pizza,38.5715217,-121.48062
9597,College,38.5405501944,-121.4922355475
9598,Pub,37.8100280762,-122.246131897
9599,Gym,35.12600284,-120.59653252
9600,University,35.3004161766,-120.6580781937
9601,Trader Joe's,35.1258883833,-120.5939150333
9602,Corporate Office,37.295303859,-121.851129055
9603,Toys & Games,37.3031502333,-121.86627405
9604,Grocery,37.2732407333,-121.93430835
9605,Grocery,37.2426407167,-121.9318156
9606,Plaza / Square,37.48668845,-122.2296339667
9607,Grocery,37.4384911167,-122.1724276
9608,Pizza,37.8687555724,-122.29185462
9609,Gate,37.6175373438,-122.3882102966
9610,Brewery / Microbrewery,37.6177162938,-122.3880667425
9611,Other - Food,37.7657843667,-122.4501155833
9612,American,37.3227703,-122.0248148167
9613,Other - Food,38.6375990667,-121.3299271333
9614,Peet's Coffee,39.73026985,-121.8405661
9615,Dive Bar,38.5724149605,-121.4654192015
9616,Grocery,38.7146797167,-121.3670689167
9617,Walmart,38.7035065,-121.3314014167
9618,Diner,38.5692991667,-121.4711576833
9619,Starbucks,38.7063093,-121.3261916667
9620,Whole Foods,38.5956983046,-121.3642178144
9621,Brewery / Microbrewery,38.7680893833,-121.2651354167
9622,Other - Food,38.7439537167,-121.2577823167
9623,Starbucks,38.7299735667,-121.28935895
9624,Arcade,38.7681119313,-121.2701864541
9625,Best Buy,38.7739168667,-121.2619102167
9626,Luxury Hotel,38.5789113378,-121.4897668362
9627,Trader Joe's,38.6620455167,-121.2734253833
9628,Casino,39.5302346916,-119.8158019665
9629,Sports Bar,38.70613075,-121.27344095
9630,Mall,38.6730500698,-121.2672698949
9631,Apartment,37.7747006087,-122.3955488205
9632,Sushi,37.3917058839,-122.0801235918
9633,Bakery,37.48581635,-122.2291767333
9634,Conference,37.768030913,-122.39257534
9635,Grocery,37.7700224667,-122.4475730833
9636,Asian,37.7720724833,-122.4075030833
9637,Pet Store,37.766559028,-122.4118566513
9638,Asian,37.7624594,-122.4128143833
9639,Bakery,33.6063445,-117.8747451333
9640,Other - Entertainment,34.0515216102,-118.4110951424
9641,Trade/Tech School,33.6957257261,-117.9182807613
9642,Starbucks,34.0546575167,-118.3836487333
9643,American,34.0369166667,-117.6892165
9644,American,34.05164965,-118.4105950167
9645,Mall,33.899019,-118.393631
9646,Bakery,34.0759514167,-118.3489479833
9647,National Park,33.8113518898,-117.9164046049
9648,Plaza / Square,33.81109869,-117.92035037
9649,Other - Shopping,34.1755074333,-118.3489188833
9650,Burgers,34.1604820675,-118.3439594507
9651,Church,34.259502396,-118.31030739
9652,Grocery,34.1743927002,-118.3495864868
9653,Toys & Games,34.1280711167,-118.2639560333
9654,Gas & Automotive,34.05974815,-117.7424078333
9655,History Museum,33.8891028126,-117.8190886974
9656,Ice Skating,33.7733030667,-118.02305135
9657,Breakfast,33.6836897667,-117.9195236167
9658,Barnes & Noble,33.7320290312,-117.9917317629
9659,Asian Food,33.73071455,-117.9961502
9660,Other - Parks,33.8137498833,-117.9204452
9661,Record Store,33.6874402936,-117.9523086548
9662,Mexican,33.8674752,-117.8200564667
9663,Starbucks,33.6972842041,-117.7407681942
9664,American,33.6929175333,-117.9550124333
9665,Peet's Coffee,33.7342396167,-117.76015825
9666,Walmart,33.7000825164,-117.9855787754
9667,Mall,33.6770932667,-117.8860363333
9668,Historic Landmark,33.730496566,-117.7848315239
9669,McDonald's,33.4395216768,-117.6201546192
9670,Starbucks,37.3691493,-121.9204678
9671,Starbucks,37.3574807333,-121.8179153833
9672,Mediterranean,37.3039245167,-121.8975570667
9673,Frozen Yogurt,37.4442247108,-122.1706402302
9674,Other - Nightlife,33.80554505,-117.9200935833
9675,Motel,33.8086062372,-117.9149723053
9676,Gallery,33.8120669,-117.9231051167
9677,Fountain,33.8152474167,-117.9189413333
9678,Mexican,33.8026956536,-116.5453076363
9679,Grocery,33.8000032162,-116.5261995792
9680,Live Music,36.11836832,-115.17536056
9681,Asian,36.11725538,-115.17382442
9682,Light Rail,34.1110416833,-118.1927244
9683,Subway,34.09830135,-118.2067627
9684,Subway,34.0875720978,-118.2130622864
9685,Subway,34.0809631348,-118.2203471661
9686,Light Rail,34.0638855992,-118.2358717918
9687,Train Station,34.1152701667,-118.1576902667
9688,Scenic Lookout,34.1224584,-118.1482173667
9689,Apartment,34.122198667,-118.148074517
9690,Mexican,34.14767395,-118.1327717167
9691,Pan Pacific,34.1175976333,-118.1508019333
9692,Cineplex,33.653004754,-117.715283469
9693,Corporate Office,33.6530505,-117.7158324
9694,Crafts & Creative,33.6524519272,-117.7154025435
9695,Motel,33.6526638667,-117.7141563
9696,Train Station,33.8990207,-117.4712403333
9697,Ice Skating,33.8339110417,-117.9175686836
9698,Grocery,34.0454769819,-118.2380637582
9699,In-N-Out Burger,33.6134173167,-117.7088274
9700,Corporate Office,33.7528151549,-117.8516486404
9701,Mexican,33.5425683436,-117.7818650007
9702,Mexican,37.8564252833,-122.2528446167
9703,City Park,37.9772865333,-122.0339878833
9704,BBQ,33.6168964667,-117.7037487
9705,Starbucks,33.6869526,-117.8553440667
9706,Diner,34.0892109833,-118.2767315
9707,Vegetarian / Vegan,34.0912442333,-118.2793629
9708,Women's Apparel,34.0837898341,-118.362918125
9709,Bar,33.99930315,-118.4806923167
9710,Target,33.9866823414,-118.3937242848
9711,American,33.5744525167,-117.84038685
9712,Gas & Automotive,36.6388969667,-120.6264615833
9713,Modern Hotel,33.7006794373,-117.8656482844
9714,Other - Nightlife,34.0975098333,-118.36839865
9715,Special Event,33.6147688,-117.8773531
9716,Mexican,33.5432395667,-117.7885271
9717,Starbucks,34.1691523,-118.60565015
9718,Tea Room,33.8724822177,-117.9247140884
9719,American,33.8010195767,-116.539632082
9720,Plaza / Square,33.8306492013,-116.5473139286
9721,American,33.8017238896,-116.5363705158
9722,Breakfast,33.8325413333,-116.54680885
9723,Pan Pacific,33.8269416032,-116.5441220999
9724,Chipotle,33.6508599908,-117.742806673
9725,Breakfast,34.0977540333,-118.3624055833
9726,Theatre,32.7145108119,-117.1612286568
9727,Big Blue Wet Thing,32.7200787167,-117.1733557667
9728,Toys & Games,34.0672362762,-118.2336187363
9729,Asian,34.0488557667,-118.2400627167
9730,Peet's Coffee,33.7597476833,-118.13394485
9731,Other - Travel & Lodging,33.94661521,-118.3691352
9732,Costco,39.5033709,-119.7843058333
9733,Sandwich Shop,34.04679615,-118.5254565
9734,Conference,37.7680941238,-122.3931884766
9735,Breakfast,34.0174152735,-118.4939203574
9736,Beach,34.0221242333,-118.8310776667
9737,Hall,34.0216463819,-118.280608356
9738,Conference,34.020813,-118.2812333
9739,American,34.0210137167,-118.4662424667
9740,Other - Nightlife,34.0363667667,-118.6356194667
9741,Mexican,37.28695945,-121.94531945
9742,Modern Hotel,37.28606485,-121.9382264833
9743,Modern Hotel,37.28530406,-121.94448852
9744,History Museum,37.7990623604,-122.2639693452
9745,Asian,37.4461517334,-122.1611709595
9746,Sushi,37.4555495667,-122.1865906833
9747,Corporate Office,37.4221823969,-122.2042644975
9748,Corporate Office,37.4797006667,-122.1693384
9749,Starbucks,37.4786911,-122.18618245
9750,Bank & Financial,37.4194840251,-122.2148537636
9751,Mexican,37.40168115,-122.1934291
9752,American,37.4431065833,-122.1657389
9753,Courthouse,37.4448165667,-122.1605058
9754,Terminal,32.7321838541,-117.2039616108
9755,Apartment,37.716476517,-122.472251427
9756,Airport,36.5875303667,-121.8505883167
9757,Walgreens,37.4524689833,-122.18377775
9758,French,37.4529065667,-122.18310535
9759,Hospital,37.82571953,-122.25472664
9760,Mediterranean,37.3135193833,-122.0320171167
9761,Mexican,37.3231525333,-122.0354787
9762,High School,33.9021002627,-117.5637410504
9763,College,33.9021280989,-117.5633948877
9764,Church,34.0726219674,-118.2228684425
9765,Starbucks,34.0630137833,-118.0900883667
9766,Contemporary Church,34.0395730833,-118.26107755
9767,Starbucks,34.1388657167,-118.2156084
9768,BBQ,34.0529083155,-118.2972407341
9769,American,34.016851638,-118.282660891
9770,AMC Theatre,33.9956710095,-117.9277983203
9771,Coffee Bean and Tea Leaf,34.20532805,-118.22820635
9772,Whole Foods,34.0911056667,-118.36082825
9773,Starbucks,34.0556994358,-118.2702147961
9774,Starbucks,34.2060969167,-118.2176654833
9775,Discount Store,32.805708662,-117.1159958839
9776,American,32.7815158167,-117.1303740167
9777,Asian,32.7926096,-117.09856375
9778,Contemporary Church,32.73680078,-117.21573102
9779,Steakhouse,32.7681092667,-117.1497331333
9780,Wings,34.0309309333,-118.27386665
9781,Library,34.0216574974,-118.2828640938
9782,Corporate Office,34.0906298,-118.3876204333
9783,Apartment,34.0250255833,-118.28007535
9784,Skyscraper,34.0903052448,-118.3880066872
9785,Frozen Yogurt,34.4198254167,-119.6995217667
9786,Theatre,34.0207997167,-118.2851678167
9787,Asian,34.0258678667,-118.2771882333
9788,Subway,34.0260619833,-118.2777585833
9789,Mexican,34.0262865,-118.27753605
9790,Dessert,34.0459428863,-118.251044174
9791,BBQ,34.0909302167,-118.3630943167
9792,Pizza,36.12121707,-115.17249971
9793,Dancefloor,36.1349633553,-115.171405077
9794,Burgers,34.0254603667,-118.2773960833
9795,Dessert,34.0248497873,-118.2788085938
9796,Burgers,34.025387517,-118.27822945
9797,Starbucks,34.0250686667,-118.2837956167
9798,Mexican,34.1532893538,-118.8282392723
9799,Sushi,34.0609745667,-118.4455649167
9800,Bookstore,34.0203414209,-118.2862007618
9801,Campus Commons,34.021012567,-118.284821183
9802,Frozen Yogurt,33.72102375,-116.3950229333
9803,Starbucks,34.0635745216,-118.3763873577
9804,Corporate Office,33.9833217963,-118.414416048
9805,Starbucks,34.0975805,-118.36511165
9806,Starbucks,33.9811438333,-118.4089311
9807,Starbucks,34.1266475667,-118.2637262167
9808,Vegetarian / Vegan,34.0977520167,-118.36512615
9809,Asian,34.0232491667,-118.3945555
9810,Bakery,33.7615452,-118.13754275
9811,Seafood,33.76896885,-118.1923013333
9812,Steakhouse,33.7892042167,-117.9152604833
9813,In-N-Out Burger,33.7914177167,-118.1400752667
9814,Apartment,34.09326,-118.3336423833
9815,Other - Nightlife,34.1018069042,-118.3022516591
9816,Other - Food,34.09730205,-118.3283780333
9817,Burgers,34.0589797333,-118.34483385
9818,Apartment,34.1513794191,-118.4674864075
9819,Ultra-lounge,34.0998034894,-118.3295030254
9820,Asian,34.1020151333,-118.3133176167
9821,Luxury Hotel,33.94484945,-118.3743753667
9822,History Museum,34.018158383,-118.2891269245
9823,Performing Arts,34.0428772253,-118.2555084651
9824,Other - Architecture,33.9230506833,-116.6856973333
9825,Light Rail,37.7764257833,-122.3933785833
9826,Library,37.7751161445,-122.393424511
9827,Bridge,37.7753431833,-122.39261315
9828,Salon & Barbershop,37.7819325,-122.3932669833
9829,Corporate Office,37.7830140644,-122.3931058104
9830,Health & Fitness,37.7796131667,-122.3948539833
9831,Other - Shopping,37.7800419833,-122.3944994167
9832,Corporate Office,37.7797117167,-122.3940299
9833,Condo,37.7813573809,-122.4013638496
9834,Dancefloor,37.7818984667,-122.3988797167
9835,Bakery,37.7760566582,-122.391653754
9836,Asian Food,32.7116763005,-117.157548666
9837,Asian,32.7116672733,-117.1563363075
9838,History Museum,32.7267054052,-117.1538794041
9839,Performing Arts,32.7179231,-117.1617782
9840,Dessert,32.7220750861,-117.1666306257
9841,UPS,37.7773549095,-122.395516634
9842,Trade/Tech School,37.7669159467,-122.3982373593
9843,Mediterranean,37.4260490833,-122.1449156
9844,Grocery,37.4260789328,-122.1451485157
9845,Technology,37.4252339167,-122.145843
9846,Running,37.4260732167,-122.14495365
9847,Gallery,37.7798649333,-122.3945738167
9848,Ultra-lounge,36.1686371,-115.1407974333
9849,Breakfast,36.1135507317,-115.1993948562
9850,French,33.9921101833,-118.4716198333
9851,Starbucks,33.8851074084,-118.4097502596
9852,Dancefloor,36.0229984,-115.1753670833
9853,Antique Hotel,34.0982304197,-118.3684372902
9854,Condo,37.7775558671,-122.3955107339
9855,Condo,37.7788110265,-122.3927623467
9856,Technology,37.7788066833,-122.3929309833
9857,Sports Bar,37.7801594718,-122.3943550699
9858,Gallery,37.7810268,-122.39516795
9859,Apartment,37.7730515167,-122.3968063333
9860,Corporate Office,37.779970151,-122.3902354637
9861,Italian,37.7814095169,-122.3959664151
9862,Technology,37.7792232615,-122.3921784358
9863,Condo,37.7775838703,-122.3933601379
9864,Wine & Spirits,37.7778425333,-122.3960274667
9865,Walgreens,37.78029304,-122.39628028
9866,Asian,37.7815730662,-122.3961240853
9867,Corporate Office,37.7809833682,-122.3953383167
9868,Ultra-lounge,37.7808504596,-122.3964924946
9869,Corporate Office,37.7804149279,-122.3968296059
9870,Condo,37.7789776902,-122.3976320927
9871,Live Music,37.7789321804,-122.3940896988
9872,Planetarium,37.7797203865,-122.3900842722
9873,Light Rail,37.7796019,-122.3900099333
9874,Corporate Office,37.7814409237,-122.3914825901
9875,Sandwich Shop,37.7820487833,-122.3909434833
9876,Bus Station,37.77957171,-122.39367139
9877,Corporate Office,37.7797778333,-122.3950473667
9878,Dancefloor,37.7785246506,-122.3937881145
9879,Other - Nightlife,37.7784882075,-122.3935833498
9880,Apartment,37.7809806097,-122.3993509272
9881,Mission,37.7747684515,-122.3954200745
9882,Canal / Waterway,37.7734576833,-122.3951941667
9883,Breakfast,37.7643224,-122.4334118
9884,Italian,37.76092745,-122.4344066833
9885,Pizza,37.7608496552,-122.4347433704
9886,Other - Travel & Lodging,37.7832027724,-122.399694822
9887,Other - Art & Culture,37.7808389167,-122.3952497
9888,American,37.7787715306,-122.3925387436
9889,Other - Entertainment,34.0238428,-118.39056015
9890,Trader Joe's,34.0252499266,-118.3928722143
9891,Starbucks,34.4296417263,-119.8723068313
9892,Coffee Shop,34.4403225044,-119.7304908269
9893,Soul Food,33.9910324,-118.4479213167
9894,American,33.9593618333,-118.3937188333
9895,Chipotle,34.023322,-118.3944875333
9896,Toys & Games,33.9959547452,-118.393907547
9897,Asian,34.0940074167,-118.3442729
9898,Bar,34.0908712411,-118.3662762709
9899,Other - Food,34.0836235167,-118.34100965
9900,Coffee Shop,34.0450403667,-118.2356500167
9901,Dive Bar,34.09079098,-118.34632915
9902,Grocery,34.0978051833,-118.3609941333
9903,Sports Bar,34.0619512,-118.3461373667
9904,Trader Joe's,38.2641251,-122.0532183667
9905,Vineyard,38.44212545,-122.4091819
9906,Modern Hotel,38.3231672548,-122.3115127593
9907,Gas & Automotive,38.2726970167,-121.9421813667
9908,Best Buy,38.2609966018,-122.0553803444
9909,Other - Food,38.25842205,-122.0543646333
9910,Conference,37.7682831,-122.39282775
9911,Corporate Office,33.9142293333,-117.8595978
9912,Wine & Spirits,33.5680929333,-117.21341925
9913,Asian,33.9125137667,-117.86731085
9914,Starbucks,33.6625958667,-117.2963239667
9915,Stadium,33.6539011667,-117.3031767833
9916,Sandwich Shop,33.9170272579,-117.9000722529
9917,Asian,33.5534391666,-117.138376236
9918,Monument,33.8119879167,-117.9181240667
9919,Grocery,33.0198711287,-117.1129920933
9920,Playground,33.0293543401,-117.11409688
9921,Hospital,32.9884978,-117.0786293
9922,Health & Fitness,33.0236527167,-117.08432415
9923,Target,32.8222131333,-117.1793285167
9924,Bakery,33.0197970333,-117.11439325
9925,Corporate Office,37.42134547,-122.09491711
9926,Pizza,37.4528871291,-122.1819806099
9927,Grocery,37.3765955167,-122.1169442667
9928,Apparel,37.4044684333,-122.1104330333
9929,Other - College & Education,37.4523507,-122.1250945833
9930,Gas & Automotive,37.4383004848,-122.1611089609
9931,Doctor's Office,37.4395481213,-122.1618103981
9932,Corporate Office,37.4248621387,-122.1454080548
9933,Other - Airport,37.3693215788,-121.9283294678
9934,Grocery,37.4052273667,-122.1102272833
9935,Burgers,37.4522114771,-122.1800863315
9936,Starbucks,37.4520599333,-122.18043195
9937,Bar,33.65600635,-117.9870938333
9938,Coffee Shop,33.6560660167,-117.9870934833
9939,Mexican,33.6560376167,-117.9871005
9940,Italian,37.4435043335,-122.1609573364
9941,Apartment,37.3963039,-121.9450114833
9942,Peet's Coffee,37.3947963333,-121.9460289
9943,Gate,37.6201802811,-122.3888003826
9944,Sushi,37.3950004641,-121.9467589259
9945,Health & Fitness,33.756854783,-118.10806895
9946,Wings,33.76914315,-118.1829388833
9947,American,33.7679460083,-118.1875061989
9948,Mexican,33.8036117667,-117.9050167667
9949,Wine Bar,34.1647399,-118.5259613333
9950,Starbucks,34.1571687833,-118.6053692167
9951,Starbucks,34.1512965,-118.4520334167
9952,Asian,34.1792354025,-118.6025386833
9953,Asian,34.1554822141,-118.4662439135
9954,Grocery,34.0266689667,-118.4898446833
9955,Starbucks,34.1883574331,-118.5990559696
9956,Seafood,33.1245055931,-117.3224830627
9957,Breakfast,33.7811687134,-118.1027329892
9958,American,33.5397458667,-117.781995
9959,Asian Food,33.8324948833,-116.5469258833
9960,American,33.7259406667,-117.9882011667
9961,Plaza / Square,33.1277154167,-117.3106278833
9962,Mexican,33.8111170667,-118.1070295833
9963,Discount Store,33.8111645167,-118.11522145
9964,Bus Station,37.720959033,-122.475515833
9965,Apartment,37.71911799,-122.48340445
9966,Other - Travel & Lodging,37.727202067,-121.637427317
9967,Coffee Shop,33.1594781641,-117.3507320881
9968,Grocery,33.1621662617,-117.3441381776
9969,Lowe's,33.1960049,-117.2487847
9970,Corporate Office,33.1376251269,-117.1891341384
9971,Pan Pacific,33.1399383545,-117.1923217773
9972,Vegetarian / Vegan,33.1588065309,-117.35031798
9973,Peet's Coffee,33.1267958667,-117.2544115167
9974,Sandwich Shop,33.1475906372,-117.1996078491
9975,Plaza / Square,33.15878297,-117.3512827898
9976,Starbucks,33.158737509,-117.3512995179
9977,Technology,33.1374164337,-117.1834051609
9978,Apparel,33.1389189927,-117.193725716
9979,Target,33.1841828833,-117.3293484833
9980,Cineplex,33.1954589833,-117.3800836833
9981,Men's Apparel,33.13831657,-117.1877737
9982,Sandwich Shop,33.0724559333,-117.2658936833
9983,Sonic,33.2010516333,-117.2424583167
9984,Grocery,33.132322404,-117.2056138515
9985,Sandwich Shop,33.1481168333,-117.2169419833
9986,Starbucks,33.6403009333,-117.85393005
9987,Modern,33.0153139833,-117.05422385
9988,Craftsman,36.1287590167,-115.2811130333
9989,Other - Architecture,36.1670662333,-115.1826756
9990,Casino,36.2011787925,-115.195877552
9991,Hall,36.1060814833,-115.13952065
9992,Hall,36.1072980833,-115.1395498167
9993,Ultra-lounge,36.1161674,-115.1856599
9994,Breakfast,32.7105524008,-117.1626931429
9995,Modern Art Museum,32.71662695,-117.1689532
9996,Brewery / Microbrewery,32.7171285333,-117.1677615333
9997,Technology,37.4489361841,-122.1588600517
9998,American,37.4421976667,-122.1588571167
9999,Antique Hotel,37.7828774839,-122.4065103563
10000,Other - Food,37.7833670147,-122.4076724052
10001,Bookstore,33.9414751651,-118.4037123286
10002,Sushi,38.7496353667,-121.2470863333
10003,Starbucks,38.45688665,-121.8433617833
10004,Mexican,38.67770015,-121.2086088
10005,Cinemark Theatre,38.64104521,-121.19033724
10006,Garden,34.1285974333,-118.1561908833
10007,Other - Entertainment,33.7281816833,-117.9567377833
10008,Starbucks,33.6935016333,-117.9544961333
10009,Ice Cream,33.7005848333,-117.9718151667
10010,Trader Joe's,33.6923671,-117.9925926667
10011,Mexican,34.1375896833,-118.1537912
10012,Grocery,34.1452621667,-118.1570551667
10013,Gas & Automotive,33.7007960833,-117.9719125
10014,Grocery,33.69542005,-117.9550689333
10015,Doughnuts,33.7005431333,-117.9711232
10016,Other - College & Education,33.6592385,-117.9409870167
10017,Light Rail,34.1412448333,-118.1481745833
10018,Modern Hotel,37.3725882994,-121.9217700189
10019,Starbucks,36.76440455,-119.7188678167
10020,Modern Hotel,34.0703092333,-117.5573470167
10021,American,34.1811045167,-118.3093058333
10022,Sports Bar,33.8851366305,-118.4095315776
10023,Pub,33.8851285094,-118.4095651528
10024,Corporate Office,38.5718928667,-121.4995504167
10025,Grocery,38.6381412167,-121.3263557167
10026,Pizza,38.576101548,-121.4863014221
10027,Other - Food,38.60038945,-121.4306595667
10028,BBQ,38.5748370026,-121.473287673
10029,Coffee Shop,34.0698488579,-118.3511654819
10030,Vegetarian / Vegan,34.076338112,-118.3837585219
10031,Music,34.06098975,-118.3839832
10032,Mexican,38.5884627833,-121.4147337
10033,Corporate Office,38.5718928667,-121.4995504167
10034,Corporate Office,34.0581527013,-118.4147429466
10035,American,34.0705203333,-118.4026537667
10036,Frozen Yogurt,38.5952619667,-121.4157928167
10037,Corporate Office,37.3998252833,-122.0520364167
10038,Asian,34.1480451833,-118.2569239
10039,Other - Nightlife,34.1484400833,-118.2547572667
10040,In-N-Out Burger,34.1457214355,-118.2549819946
10041,Ultra-lounge,34.0778844481,-118.2599428413
10042,Motel,33.8132060469,-117.9142642021
10043,City Hall,34.1476660354,-118.1436038017
10044,Asian,34.0524905285,-118.3103299141
10045,Chipotle,38.7700787553,-121.2644290924
10046,Other - Entertainment,32.705182067,-117.1585571
10047,Terminal,35.2397122,-120.6401594833
10048,Costco,36.703891843,-121.6686916351
10049,Breakfast,37.8109595833,-122.2437598333
10050,Walmart,33.83596875,-117.9392151167
10051,Gas & Automotive,32.8370284537,-117.1401679516
10052,Hospital,32.8968811167,-117.2425306
10053,Hospital,33.0378811536,-117.2847175598
10054,Other - Entertainment,32.7633411833,-117.1220678167
10055,Coffee Shop,32.7633322357,-117.1218470074
10056,Hospital,32.798186099,-117.1508855829
10057,Doctor's Office,33.05697895,-117.2617275167
10058,Coffee Shop,32.75210875,-117.1302902333
10059,Coffee Shop,32.7596685037,-117.0705327517
10060,Library,32.8054431717,-117.170803088
10061,Other - College & Education,32.8037998,-117.1676362167
10062,College,34.1450400667,-118.11835515
10063,Mexican,32.7145920546,-117.1557569504
10064,Rental Car,37.3742144509,-121.9305316551
10065,Corporate Office,37.426411219,-122.0715916157
10066,Starbucks,37.45180035,-121.92155825
10067,Asian Food,37.4335735,-121.8977375667
10068,McDonald's,37.4270811,-121.92182245
10069,Breakfast,37.2873136333,-121.9472901167
10070,Gas & Automotive,37.4521205838,-121.9208943844
10071,Steakhouse,37.3279120333,-122.01378865
10072,Starbucks,37.4283688833,-121.9211167833
10073,Bank & Financial,37.372374051,-122.0350170135
10074,Bakery,37.50315145,-121.9761940333
10075,Other - Food,37.2231981167,-121.9814020333
10076,Grocery,37.4348026667,-121.8976077167
10077,Pet Store,37.4291925833,-121.9218010333
10078,Pan Pacific,37.3492927029,-121.8936654703
10079,Asian Food,37.4156296667,-121.89991575
10080,Health & Fitness,37.2904274333,-121.88801435
10081,American,37.2543938,-121.7987315333
10082,Drugstore & Pharmacy,37.29207015,-121.9301227333
10083,Mall,37.2924572975,-121.9884109497
10084,American,37.2973950667,-121.9845072833
10085,Diner,34.0770128667,-118.3808384333
10086,American,33.8845241167,-118.411169
10087,Other - Food,34.0719050833,-118.38878895
10088,Breakfast,33.992992648,-118.4432896972
10089,American,34.0392837527,-118.4735107424
10090,Pub,33.9885101,-118.44573695
10091,Ultra-lounge,34.1032503833,-118.2914660833
10092,Gas & Automotive,33.9921008853,-118.4452691674
10093,Drugstore & Pharmacy,33.9987195145,-118.4617645827
10094,Mexican,33.98070125,-118.4644988833
10095,Live Music,34.0906534667,-118.38595625
10096,BBQ,33.9969578333,-118.43438705
10097,American,33.9588809167,-118.4486836667
10098,Coffee Shop,33.9795362833,-118.4658052333
10099,City Park,37.7694023667,-122.4840278333
10100,Wine Bar,34.0953615167,-118.3739703333
10101,Beach,34.0219423167,-118.5076643833
10102,Sushi,33.8854957238,-118.4100222588
10103,Coffee Shop,38.594817,-121.3460769667
10104,Other - Shopping,38.5975666667,-121.3445563833
10105,Peet's Coffee,38.5742519,-121.4029615
10106,Gym,38.6208111048,-121.3729888201
10107,Target,38.67226374,-121.27102905
10108,Gas & Automotive,38.590657711,-121.2651908398
10109,Gas & Automotive,38.6173018833,-121.3647218833
10110,Pub,38.6724930136,-121.1629752819
10111,Drugstore & Pharmacy,38.6181879044,-121.3650870323
10112,Wings,38.5842584333,-121.28422165
10113,Trader Joe's,38.61847835,-121.3998097333
10114,Other - College & Education,38.6185312271,-121.3555812836
10115,Grocery,37.7197701833,-122.4385195333
10116,In-N-Out Burger,38.2572603457,-122.0650577545
10117,Peet's Coffee,38.2577797833,-122.0647926833
10118,Train Station,38.5846697167,-121.5000915833
10119,Train Station,38.0189524,-122.1391111167
10120,Women's Apparel,37.8689799167,-122.3000332333
10121,Motel,33.8028293817,-117.9246282578
10122,Nordstrom,38.7730466012,-121.2693246514
10123,Crowne Plaza,37.5623093113,-122.2783441229
10124,Sports Bar,37.5616535692,-122.2753637974
10125,Bank & Financial,37.55837465,-122.27222865
10126,Corporate Office,37.45025635,-122.1201766167
10127,Corporate Office,37.4517166615,-122.1223390102
10128,Peet's Coffee,37.4418402518,-122.1592484558
10129,Apparel,37.4428786833,-122.1717407667
10130,Asian Food,37.5645295285,-122.3237862094
10131,Technology,37.3881234528,-121.8876634261
10132,Other - Food,37.52153625,-122.2519716333
10133,History Museum,37.5122702,-122.2533702833
10134,Corporate Office,37.4158966286,-122.07680583
10135,Dog Park,37.4285100333,-122.07661935
10136,Cave,37.3944325696,-122.0694512129
10137,Library,37.5306808833,-122.2584342833
10138,History Museum,34.013974757,-118.2851772412
10139,Modern Hotel,34.019219024,-118.281777438
10140,Campus Commons,34.02028735,-118.285966053
10141,Campus Commons,34.0212314167,-118.2884004167
10142,Other - Food,34.1614226602,-118.3005135834
10143,High School,34.16184705,-118.0926167167
10144,Italian,34.1398935167,-118.0217752167
10145,Starbucks,34.1400424152,-118.0130207493
10146,Pool / Waterpark,34.1513347833,-118.1648231167
10147,Golf Course,34.1648623667,-118.1675896
10148,AMC Theatre,34.1340103149,-118.0433349609
10149,City Park,37.78229375,-122.4000227667
10150,Subway,37.7820951009,-122.4015033245
10151,Administration,37.78233245,-122.4001324
10152,Luxury Hotel,34.07629295,-118.3766759
10153,Technology,34.0778134421,-118.3766269893
10154,Pub,34.07348175,-118.3809040333
10155,Technology,34.0476865833,-118.2567902667
10156,Coffee Shop,34.05422065,-118.4653342333
10157,Grocery,34.0168328,-118.4075151667
10158,Peet's Coffee,38.4222428838,-121.4015758038
10159,Corporate Office,38.57567799,-121.50455003
10160,Starbucks,38.4227782833,-121.4464114333
10161,Health & Fitness,38.5751810833,-121.4982116
10162,In-N-Out Burger,37.6998236333,-121.0676096
10163,Coffee Shop,38.5748605,-121.5062097
10164,River & Stream,35.2796534833,-120.6644814167
10165,Theatre,35.2820282667,-120.6605188833
10166,Starbucks,39.60620075,-119.2228372667
10167,Vegetarian / Vegan,38.5516143671,-121.5384013378
10168,Brewery / Microbrewery,36.61616843,-121.90039342
10169,Sculpture,37.7809334005,-122.3880641162
10170,Plaza / Square,37.7777391672,-122.391525507
10171,Corporate Office,34.15589135,-118.81085145
10172,McDonald's,34.1634362833,-118.8268323
10173,Burgers,34.1550353805,-118.7933957577
10174,Burgers,34.1543483667,-118.8277173
10175,Best Buy,34.2853439833,-118.7775752833
10176,Chipotle,34.1536080667,-118.7965771167
10177,Mexican,34.1519245,-118.82382745
10178,AMC Theatre,34.1849332833,-118.3152218
10179,Wine Bar,34.0422347094,-118.2630230899
10180,Live Music,34.0903954,-118.3846261
10181,Live Music,34.0522600333,-118.3714524667
10182,American,33.979238,-118.4667645833
10183,Live Music,34.0946677367,-118.3736300468
10184,Other - Nightlife,34.0897935,-118.3930813333
10185,Dog Park,33.9718992167,-118.4208817
10186,American,36.0890708598,-115.1773169092
10187,Steakhouse,36.1136793971,-115.1755678654
10188,Other - Food,36.17106676,-115.14430636
10189,Pub,38.4385062823,-122.720323096
10190,Brewery / Microbrewery,38.4419149,-122.711476
10191,Dessert,38.4414606235,-122.7145493031
10192,Coffee Shop,38.4369428709,-122.7210930132
10193,French,38.4413461285,-122.7136561275
10194,Peet's Coffee,38.4408985667,-122.7126809833
10195,Grocery,38.43277195,-122.7435912333
10196,Bakery,38.4051103806,-122.8285324574
10197,Dessert,38.4028932,-122.8230928
10198,Bus Station,38.438724249,-122.7136158943
10199,Brewery / Microbrewery,38.6110357743,-122.8710079193
10200,Brewery / Microbrewery,38.4011881642,-122.8227388859
10201,Other - Services,37.7615974167,-122.4178051
10202,Mexican,37.7525872833,-122.4107251
10203,Starbucks,36.0222471027,-115.0470578671
10204,McDonald's,36.01293645,-114.9631690333
10205,Grocery,36.0132088223,-114.9645938228
10206,Italian,36.07120145,-115.0771846833
10207,Asian,36.0633431167,-115.0432373167
10208,Corporate Office,37.32875685,-122.0328455667
10209,Corporate Office,37.2596146012,-121.9626510143
10210,Asian Food,37.4286490833,-121.9203564333
10211,Chocolate,37.6185232833,-122.3886062
10212,Mediterranean,37.6187731779,-122.3864207582
10213,Other - Travel & Lodging,37.61686402,-122.38758277
10214,Brewery / Microbrewery,37.6187675041,-122.3864208562
10215,Peet's Coffee,37.6187741856,-122.3864209477
10216,Subway,37.618574253,-122.3859709254
10217,Other - Services,37.6185626101,-122.3859465766
10218,Other - Shopping,37.6183198207,-122.3885484966
10219,Resort,37.6188174167,-122.3849293
10220,Corporate Office,37.3284407,-122.0061257
10221,Condo,33.75686645,-117.841200817
10222,Chalet,33.7572561194,-117.8412759304
10223,Other - College & Education,33.7752599695,-118.1133116251
10224,Terminal,33.8187415365,-118.1451916695
10225,Apartment,33.1576548682,-117.340528965
10226,Mall,37.6516844092,-122.1012247551
10227,Other - Travel & Lodging,37.6545005833,-122.0322877
10228,Science Museum,37.5903177333,-122.3197643167
10229,Hostel,37.6876692833,-122.0516885833
10230,Peet's Coffee,37.5193638167,-122.2745371833
10231,Starbucks,37.8007282667,-121.9196418667
10232,History Museum,37.7723969333,-122.3010220667
10233,Sports & Outdoors,37.5597882167,-122.2819089833
10234,Breakfast,37.5625667649,-122.2704720497
10235,Target,38.0521665167,-121.3731211667
10236,Soul Food,37.7814881944,-122.4323406852
10237,Pizza,37.44528085,-122.1603324667
10238,Hospital,37.69750665,-122.0882524167
10239,Starbucks,37.5066044992,-122.2613050467
10240,Salon & Barbershop,37.2311049667,-121.9795411
10241,Asian Food,34.07857375,-118.1208570333
10242,Other - Food,37.3232113167,-122.0473546667
10243,BBQ,37.27026245,-121.9064759333
10244,Subway,34.1014109427,-118.3258116245
10245,Corporate Office,34.132522313,-118.354482569
10246,Bank & Financial,34.0983370314,-118.3262622356
10247,Furniture,34.0308289333,-118.3845462
10248,Farmers Market,34.0997266726,-118.328404306
10249,Mall,34.0979809905,-118.3289266553
10250,Coffee Shop,38.5636117667,-121.4728433
10251,Corporate Office,37.41126075,-122.07127625
10252,American,38.5443337,-121.73991005
10253,Playground,37.5883123167,-122.3773236833
10254,Grocery,37.5943039,-122.3852294667
10255,Craftsman,37.5893837214,-122.3774009943
10256,Mexican,37.6180387443,-122.3920512199
10257,Health & Fitness,37.5955627333,-122.385794
10258,Steakhouse,37.5624766667,-122.31912935
10259,Breakfast,37.6084583167,-122.40013675
10260,Asian,37.6181237271,-122.3926734924
10261,Coffee Shop,37.5953023167,-122.3853949833
10262,Historic Landmark,37.7678645833,-122.4198896333
10263,Sushi,37.7648395492,-122.4234918825
10264,Indian,37.7649125833,-122.4236704167
10265,Ultra-lounge,37.7649125833,-122.4236704167
10266,Dive Bar,37.7540881167,-122.4186772333
10267,American,34.4133224487,-118.5569610596
10268,Casino,36.8145413167,-114.0657587167
10269,Walmart,34.3833697889,-118.5687071789
10270,Walmart,34.4144279833,-118.5073071167
10271,Subway,34.0623152667,-118.291134
10272,Apartment,34.368166695,-118.514009619
10273,Best Buy,34.4287485833,-118.53778955
10274,Coffee Shop,34.0302404667,-118.4612290167
10275,In-N-Out Burger,34.4256780667,-118.5392924833
10276,Mexican,37.3964971333,-122.10254975
10277,Italian,32.7249839599,-117.1697217146
10278,Zoo,33.0964024167,-116.99888315
10279,Historic Landmark,32.6742152833,-117.24116265
10280,In-N-Out Burger,32.76968275,-117.143336683
10281,Bridge,34.0194536167,-118.5059130333
10282,High School,34.0483922833,-118.53072235
10283,Luxury Hotel,34.0796377057,-118.4139728267
10284,South American / Latin,34.052708,-118.376452
10285,Bar,34.0618124167,-118.4464466333
10286,Bookstore,34.0501690333,-118.2422375333
10287,High School,34.1322860059,-118.2054448128
10288,Trade/Tech School,34.0896627833,-118.3293188167
10289,Grocery,34.1394348145,-118.208732605
10290,Grocery,34.1425628667,-118.23353265
10291,Nordstrom,34.1466655116,-118.2575382481
10292,Frozen Yogurt,34.1437963012,-118.2550028376
10293,Gap,34.1447433903,-118.2578448707
10294,Mall,34.1411902667,-118.2251362833
10295,Grocery,34.1413345128,-118.2247630971
10296,Mexican,34.1389203,-118.20557355
10297,Pizza,34.1392014833,-118.2028962
10298,Grocery,34.14679955,-118.2504117
10299,Modern Hotel,38.5765041515,-121.4870846272
10300,Dessert,38.5747859333,-121.4824502167
10301,Vegetarian / Vegan,38.5745186,-121.4758009833
10302,Vegetarian / Vegan,37.797373577,-122.2772312164
10303,Soul Food,38.5762799167,-121.4824536667
10304,Wine Bar,38.5678133333,-121.43663955
10305,Brewery / Microbrewery,39.4057057,-119.7488487
10306,Corporate Office,33.945763057,-118.3862578869
10307,Diner,33.9458217,-118.3771919167
10308,Historic Landmark,33.9445526099,-118.3961176872
10309,Other - Shopping,33.9418557429,-118.3995509148
10310,Motel,33.805850352,-117.909587417
10311,Corporate Office,34.4384365833,-119.7319269333
10312,Theatre,36.1198133572,-115.1724820641
10313,Sandwich Shop,36.1212064,-115.17371952
10314,Bar,36.136218942,-115.1525092748
10315,American,36.13579982,-115.1526156
10316,Convention Center,36.135491164,-115.1524970604
10317,French,36.11427152,-115.17260569
10318,Resort,36.117989738,-115.162688512
10319,Casino,36.1717373694,-115.1461681724
10320,Casino,36.1719292,-115.1460682833
10321,Steakhouse,34.0671740632,-118.4011280537
10322,American,34.0721440167,-118.3579444833
10323,Grocery,34.0719079833,-118.3592963167
10324,Nordstrom,34.0709796749,-118.3571076872
10325,Burgers,36.1052637167,-115.1723624
10326,City Park,37.7650832705,-122.4389791489
10327,Pizza,37.7721881,-122.4313001167
10328,Grocery,37.7674075333,-122.4353959167
10329,Corporate Office,37.7785164,-122.3929409167
10330,Ultra-lounge,37.7513945,-122.4324989167
10331,Coffee Shop,37.766973588,-122.4332938416
10332,Ski & Snowboard Area,39.1657694333,-120.2361603333
10333,Mission,37.761289845,-122.4207092822
10334,Mediterranean,37.7643747,-122.4336180667
10335,Corporate Office,37.5678893833,-122.2703536833
10336,Gym,37.7859306333,-122.2787761667
10337,Victorian,37.773308689,-122.260518079
10338,Condo,37.7776093103,-122.3975336552
10339,Historic Landmark,37.79053172,-122.2753000259
10340,Starbucks,33.0513349,-117.2610837167
10341,Starbucks,33.0857415,-117.2687310333
10342,Lowe's,33.2299599266,-117.3102989213
10343,Casino,33.2198635833,-116.9732352833
10344,The Home Depot,33.1411797167,-117.2427188333
10345,Grocery,33.207489945,-117.2857046127
10346,Asian,33.142021,-117.1914368
10347,Technology,33.2013431317,-117.2444113381
10348,Walmart,33.2411821356,-117.2915625572
10349,Historic Landmark,35.65077445,-121.1859178333
10350,Castle,35.68537365,-121.1679426167
10351,Dessert,33.2075831333,-117.2866635833
10352,Bakery,33.0860393167,-117.2683077333
10353,Gas & Automotive,33.0671556833,-117.2641661333
10354,American,33.2265252333,-117.3931309333
10355,Other - Shopping,33.22696655,-117.3923613
10356,Farmers Market,33.1404997333,-117.1914336333
10357,Shoes,33.1399852406,-117.1913613431
10358,Asian,33.1799995167,-117.3272929833
10359,Church,33.19830835,-117.3284128
10360,Starbucks,33.15896985,-117.3515164833
10361,Mexican,33.1576220333,-117.35148575
10362,Trade/Tech School,33.2044463667,-117.2372245833
10363,McDonald's,33.0673910333,-117.2640496667
10364,Italian,36.1151918231,-115.1682347059
10365,Casino,36.12691241,-115.16680377
10366,Hospital,36.1143339466,-115.1257412555
10367,Bakery,33.8539543167,-118.1336433
10368,McDonald's,33.875051167,-118.150804967
10369,Burgers,34.1860503667,-118.4668855333
10370,Bookstore,34.0834323,-118.34339135
10371,Mexican,32.9340972464,-117.2552778418
10372,Modern Hotel,32.7100965178,-117.1683418751
10373,Asian,37.3774076167,-122.0299054333
10374,High School,37.5214004517,-122.0022618771
10375,American,37.526711,-121.997595
10376,Farmers Market,37.5254291296,-122.0035117865
10377,Corporate Office,37.8702673709,-122.2725749016
10378,Indian,37.7642657667,-122.4649233833
10379,Vineyard,38.3971727167,-122.36447875
10380,Mexican,37.7649833691,-122.4204971995
10381,Grocery,37.7600489667,-122.4234033667
10382,Sandwich Shop,37.8693983975,-122.2672825725
10383,Sandwich Shop,37.7714769598,-122.4370959759
10384,Gate,36.0810836576,-115.1468038559
10385,Asian,37.7708569128,-122.4145186493
10386,Breakfast,37.8136171833,-122.2469165333
10387,Burgers,37.8688157667,-122.2675766333
10388,Mexican,37.7999265167,-122.2500959833
10389,Trader Joe's,37.8716389833,-122.2731525833
10390,Corporate Office,34.2795791626,-118.8684082031
10391,College,34.3013191833,-118.8339806
10392,American,34.27782845,-118.7430701333
10393,Castle,34.2531690333,-118.77786315
10394,Mexican,34.2829860667,-118.7792676333
10395,American,34.2798218333,-118.86655415
10396,Contemporary Church,33.9473205924,-117.435747385
10397,Other - College & Education,34.0538836667,-117.1995951833
10398,Bank & Financial,34.0368664833,-117.1951313833
10399,Dog Park,34.0388914333,-117.2417349167
10400,Krispy Kreme,36.09937888,-115.17549657
10401,Bank & Financial,34.0574431167,-117.1831338333
10402,Dancefloor,33.9870151576,-118.4728776017
10403,Sports Bar,33.9879274333,-118.4728670333
10404,Ultra-lounge,33.9869795833,-118.47257275
10405,Target,34.1520503667,-117.4730094833
10406,In-N-Out Burger,36.8093709333,-119.8815859333
10407,Craftsman,33.7778896093,-118.1733763218
10408,Coffee Shop,33.7669183892,-118.1658625088
10409,Grocery,33.7750696,-118.1741936
10410,Train Station,33.7512918,-117.8559163
10411,Train Station,33.8685321667,-117.9225255333
10412,Wine Bar,34.0242080688,-118.3924789429
10413,Corporate Office,34.04907357,-118.25590521
10414,Historic Landmark,34.0745775667,-118.2268731
10415,Apartment,34.0257431667,-118.4531981667
10416,Apartment,34.0259047,-118.4114984333
10417,Subway,34.04941,-118.259551
10418,Modern Hotel,34.05494915,-118.2559049
10419,Coffee Shop,34.1001254029,-118.2590418869
10420,Corporate Office,34.0268036333,-118.3793076167
10421,Bank & Financial,34.0238624333,-118.3949618167
10422,Other - Entertainment,34.0175217167,-118.4004479
10423,Other - Entertainment,34.0192743168,-118.3996796608
10424,Corporate Office,34.0264934333,-118.4779064667
10425,Frozen Yogurt,34.0437771,-118.4313234667
10426,Coffee Shop,34.0628314,-118.3991003
10427,Corporate Office,34.06146075,-118.355523008
10428,Mall,34.0551383991,-118.3090342513
10429,Sushi,34.076342339,-118.3054259868
10430,Mexican,34.1106877667,-118.2876311667
10431,Coffee Bean and Tea Leaf,34.1097521667,-118.2877761833
10432,Scenic Lookout,34.024323783,-118.51102795
10433,Mexican,34.0279804833,-118.5182730167
10434,Scenic Lookout,34.0228248667,-118.5088812833
10435,Other - Food,33.9976135333,-118.45912695
10436,Modern Hotel,33.9593571541,-118.418020606
10437,Dive Bar,33.9536839407,-118.3959567547
10438,Other - Airport,33.9547296837,-118.396125182
10439,Other - Airport,33.9505396,-118.3972392
10440,Breakfast,33.9574907333,-118.3946589
10441,24 Hour Fitness,34.0518142333,-118.2552835167
10442,Pub,34.15243245,-118.3509823167
10443,Gas & Automotive,34.1583976833,-118.4562377833
10444,Modern Hotel,34.0727452167,-118.4685173
10445,Castle,34.0877686,-118.2344744167
10446,Asian,34.0290126833,-118.4428040833
10447,Corporate Office,34.0301191667,-118.4670352833
10448,Pub,34.0930368667,-118.2812735
10449,Other - Travel & Lodging,34.196586832,-118.353457098
10450,Starbucks,37.7298218333,-122.1942684667
10451,Starbucks,37.7744697662,-122.2302533871
10452,American,37.7743441667,-122.2298587167
10453,Starbucks,37.7883517231,-122.2508418532
10454,Live Music,37.7986870833,-122.2799934
10455,Pizza,37.8351813333,-122.2631956
10456,Coffee Shop,37.8620225167,-122.2534468833
10457,Mediterranean,37.8576549333,-122.25313295
10458,Hospital,37.8556189,-122.25788675
10459,Luxury Hotel,37.8583598125,-122.242665157
10460,Sandwich Shop,37.866197725,-122.2588419914
10461,Stadium,37.8709660909,-122.2508597374
10462,Apartment,37.8647444718,-122.2614217518
10463,American,37.875116266,-122.260367072
10464,24 Hour Fitness,37.87110945,-122.26906895
10465,Apartment,37.8776795634,-122.2667516685
10466,Other - Food,37.8811474389,-122.2696273844
10467,Italian,37.872111556,-122.2689982453
10468,College,37.870017524,-122.2692918777
10469,Cineplex,37.86928045,-122.26758122
10470,Vegetarian / Vegan,37.86964685,-122.2661264333
10471,Regional / State Park,37.8442142167,-122.2279951167
10472,Farmers Market,37.8393453,-122.2592812
10473,Wine Bar,37.8358689498,-122.2623444055
10474,McDonald's,37.833623651,-122.2632302702
10475,Coffee Shop,37.83206875,-122.2635431167
10476,Asian,37.8321174333,-122.2642096167
10477,Coffee Shop,37.8284579833,-122.26067515
10478,Other - Airport,37.7174387,-122.2072836
10479,Wine Bar,37.7104904,-122.21272945
10480,Starbucks,34.1951058667,-118.3500882
10481,Brewery / Microbrewery,34.1447288,-118.7625707
10482,Other - Travel & Lodging,34.08327115,-118.2262691167
10483,Stadium,34.0700330222,-118.2677252968
10484,Grocery,34.09736605,-118.28784245
10485,Salon & Barbershop,34.0981064333,-118.2861594
10486,Other - Food,34.0957160667,-118.2847328667
10487,Other - Travel & Lodging,34.0988794,-118.2903139167
10488,Hospital,34.0980355167,-118.2906690667
10489,Library,34.0893426541,-118.2918045423
10490,Bookstore,34.1041891667,-118.2916283667
10491,Grocery,34.1091231667,-118.2878627667
10492,Asian,34.0660724,-118.2373493
10493,Starbucks,34.0479105787,-118.2393490464
10494,Brewery / Microbrewery,34.0485528167,-118.2388739333
10495,Asian Food,34.0491784,-118.2391276
10496,Holiday Inn,34.0118397865,-118.4939754009
10497,Bridge,34.01785165,-118.5030629167
10498,Coffee Shop,34.0979656844,-118.32935474
10499,Ultra-lounge,34.09806585,-118.3673599167
10500,Campus Commons,34.07359482,-118.4397634407
10501,Wine & Spirits,34.041080808,-118.471019509
10502,Other - College & Education,33.1505276,-117.1810608833
10503,Home,33.11842125,-117.1789042333
10504,Bus Station,33.1311248667,-117.2055196
10505,Corporate Office,33.1369402847,-117.2875607014
10506,High School,33.13228625,-117.2064549
10507,Pizza,33.4287350365,-117.6135885715
10508,Target,33.13782691,-117.22885477
10509,Sandwich Shop,33.1269777,-117.2528117667
10510,Pub,33.1615259586,-117.3483717442
10511,Grocery,33.9730280833,-118.4225078
10512,Trader Joe's,37.5357243167,-122.2985166667
10513,Victorian,37.7601497812,-122.3972822737
10514,Asian,37.7753992758,-122.4095860551
10515,Ultra-lounge,37.78081095,-122.4023374167
10516,Gallery,37.7827067,-122.4109708667
10517,Gym,37.77965283,-122.39628571
10518,Bus Station,36.9707373333,-122.0249881
10519,Corporate Office,37.331636,-121.896293
10520,Cineplex,36.9752111333,-122.0266127
10521,Corporate Office,37.7833416,-122.39075
10522,Dive Bar,37.3769132667,-122.06258225
10523,Other - Travel & Lodging,37.40325898,-122.097036595
10524,American,36.975602827,-121.9655523249
10525,Post Office,37.3377152257,-121.8919372559
10526,Pub,36.1054669,-115.17630863
10527,Hotels & Motels,34.4176876545,-118.5633534193
10528,Barnes & Noble,35.2800509667,-120.6615658833
10529,American,34.0907049167,-118.3729004833
10530,Coffee Shop,34.0927090574,-118.3789180746
10531,Modern Hotel,33.9464127752,-118.380625248
10532,Starbucks,34.10203965,-118.2916208667
10533,Ultra-lounge,34.1023635864,-118.2914123535
10534,Historic Landmark,37.7692332,-122.45766845
10535,Ice Cream,37.7718822167,-122.4304976167
10536,Brewery / Microbrewery,37.7635057041,-122.4659246206
10537,Soul Food,37.8202853673,-122.2887969017
10538,Gate,37.6152285167,-122.3834173833
10539,Starbucks,34.06256385,-118.02029375
10540,Grocery,34.0629982,-118.0194817
10541,Costco,34.0336768665,-118.0976012349
10542,Grocery,34.0408472833,-118.0366249833
10543,Costco,33.1200993061,-117.3158687353
10544,Starbucks,33.1413982666,-117.0948221895
10545,Grocery,33.1432962115,-117.0942914486
10546,Modern Hotel,33.7884301203,-117.9155623913
10547,Asian,36.1019731677,-115.1742043601
10548,Other - Entertainment,34.0974333333,-118.3175053667
10549,Asian,33.8319233333,-117.9471427
10550,Breakfast,33.8589301833,-118.0109507667
10551,Church,33.7292473748,-117.7831685543
10552,Barnes & Noble,33.7218690833,-117.7893371667
10553,Gym,34.1017088833,-118.3432784667
10554,Mexican,37.3851812,-121.9708515167
10555,Corporate Office,37.3408821518,-121.8949589335
10556,Condo,37.3407608424,-121.8940198629
10557,Other - Food,37.3398336833,-121.8934615
10558,Skyscraper,37.3375275606,-121.8941688538
10559,Courthouse,37.3384744117,-121.8930959702
10560,Condo,37.3380820244,-121.8952953815
10561,Light Rail,37.3379659167,-121.8920052333
10562,Corporate Office,37.3879463333,-121.9635878333
10563,Barnes & Noble,37.4840579833,-122.2319673333
10564,Post Office,37.5039291418,-122.2580490183
10565,Mexican,37.4716830167,-122.2594213333
10566,Mexican,37.5055034333,-122.26030555
10567,Grocery,37.5002190667,-122.2495632667
10568,Library,37.5038739333,-122.2624601167
10569,American,37.5001874667,-122.2525230167
10570,Modern Hotel,37.5561965317,-122.3012208939
10571,American,37.5050067833,-122.2592496833
10572,Corporate Office,37.4860199222,-122.2299277782
10573,Condo,33.970561583,-118.426984067
10574,Sports,33.8001102021,-117.8829145432
10575,Starbucks,33.6815168896,-117.8118896484
10576,Wine & Spirits,33.6185795229,-117.7029626112
10577,24 Hour Fitness,33.6266233667,-117.6778011833
10578,Craftsman,34.1399193833,-117.4429465333
10579,Bakery,37.3680850833,-118.3954988333
10580,Dive Bar,33.4328955333,-117.6302016833
10581,Starbucks,34.0416891,-118.26265595
10582,American,34.04788985,-118.2469231167
10583,Luxury Hotel,34.0080778084,-118.4905743599
10584,Theatre,34.1002915544,-118.32695961
10585,Mexican,34.09105985,-118.2790587667
10586,Corporate Office,34.0175580297,-118.4870016575
10587,Ultra-lounge,33.9996629667,-118.4814606333
10588,Luxury Hotel,33.7951780833,-116.5003018667
10589,Diner,34.07782765,-118.2612237167
10590,Theatre,34.04045492,-118.25622153
10591,Live Music,34.0998373167,-118.3306286
10592,Fine Dining,34.0981682295,-118.3663666248
10593,Theatre,34.1013046126,-118.328803941
10594,Craftsman,36.1614119333,-115.3497911167
10595,Duplex,34.1445833,-118.1010340333
10596,Craftsman,33.80226575,-118.1327895
10597,Diner,34.0168110338,-118.4886324406
10598,Sushi,34.1408048,-118.3873099
10599,Mediterranean,34.173282564,-118.2926857478
10600,Starbucks,34.1433029833,-118.39728555
10601,Seafood,37.7939098333,-122.2771446167
10602,Corporate Office,37.41846579,-122.02555495
10603,Corporate Office,37.7823169,-122.3884082889
10604,Asian,34.0718662833,-118.36047785
10605,Costco,34.23114245,-118.5498313667
10606,Target,34.2348775883,-118.5027103094
10607,Target,34.2307840333,-118.56062835
10608,Asian,34.2027370833,-118.5363916333
10609,In-N-Out Burger,34.2019589333,-118.5002580833
10610,Coffee Bean and Tea Leaf,34.1437342333,-118.2551120333
10611,Medical School,34.1709665167,-118.5898474333
10612,Grocery,34.2072879833,-118.5086430167
10613,Corporate Office,34.0620035627,-118.3542376757
10614,Corporate Office,34.0615509801,-118.3541950264
10615,Other - Shopping,34.0615081887,-118.3541870027
10616,Asian,35.999161,-115.1058626167
10617,Gym,36.0192851833,-115.1171027
10618,Breakfast,36.0169727533,-115.1176140176
10619,Mexican,36.0190362333,-115.1176702333
10620,Health & Fitness,36.01933595,-115.11702865
10621,Other - Entertainment,36.0006097,-115.105752
10622,Pub,36.0056032,-115.1130963333
10623,Subway,35.9975446167,-115.1254277167
10624,Starbucks,35.9965533833,-115.1276531
10625,American,36.0061966885,-115.1123481989
10626,Lowe's,36.0074160966,-115.117868185
10627,City Hall,34.038729072,-118.260473013
10628,Corporate Office,37.4163007667,-122.1519398667
10629,Diner,37.416990772,-122.1524284268
10630,Corporate Office,37.4162119174,-122.1521115303
10631,Asian,37.7717462,-122.4141464833
10632,Fine Dining,38.4043999413,-122.3649823666
10633,Bed & Breakfast,37.45993745,-122.2613838167
10634,Other - Travel & Lodging,37.3895440239,-122.1633553505
10635,Corporate Office,34.088398217,-118.3544898
10636,Asian,33.9881116,-118.4723757167
10637,Burgers,34.0907135333,-118.35254
10638,City Park,34.09282015,-118.3513420833
10639,Other - Services,34.0905186,-118.363157933
10640,Modern Hotel,32.695010441,-117.1660351753
10641,Burgers,36.6377173667,-120.6252056
10642,Other - Food,37.0036859,-121.55331715
10643,Warehouse & Industrial,37.15556785,-121.65638513
10644,Mosque,37.3786794817,-121.9588402344
10645,Corporate Office,37.3854517384,-121.973502332
10646,Grocery,37.4491222426,-122.1857354507
10647,Indian,37.3850936,-122.0819702
10648,Apartment,37.3893662541,-122.0718848767
10649,Shoes,37.3792331338,-122.0751455426
10650,Light Rail,37.3274098167,-121.89343075
10651,City Park,37.3348273833,-121.8986588
10652,Corporate Office,37.3679402516,-121.9204330444
10653,Technology,37.3786414,-121.9544971
10654,Modern Hotel,37.3832272268,-121.9619965553
10655,Apartment,37.3982632392,-122.0233472347
10656,Corporate Office,37.4021158979,-122.0315435057
10657,Corporate Office,37.4190946747,-122.0879194336
10658,McDonald's,37.45986985,-122.1379142167
10659,Mediterranean,37.5059326167,-122.2603213667
10660,Sculpture,37.420246612,-122.083526762
10661,Starbucks,37.4113654667,-122.0943690167
10662,Mexican,37.4142944667,-122.0930814667
10663,Corporate Office,37.4276317804,-122.0963576414
10664,Student Center,37.4304387764,-122.163833892
10665,Other - College & Education,37.4295693595,-122.1663065483
10666,Hall,37.4295393513,-122.1732818866
10667,Apartment,37.3887382316,-121.9935763018
10668,Corporate Office,37.3842734435,-121.9934483197
10669,Corporate Office,37.3877485311,-121.9840655179
10670,Corporate Office,37.42447875,-122.1363841
10671,Sandwich Shop,37.41708795,-122.1312512
10672,Record Store,37.40280105,-122.1139581167
10673,Pizza,37.4144128833,-122.1259792167
10674,Target,38.1323033553,-122.2226965427
10675,Costco,38.1336823167,-122.2140526167
10676,Breakfast,38.1332785333,-122.2161775167
10677,Italian,38.1352738667,-122.217455
10678,Best Buy,38.1353938192,-122.2176919561
10679,AT&T,38.1344197333,-122.22181165
10680,Starbucks,38.5723838333,-121.5799874667
10681,Other - Travel & Lodging,37.6697180333,-122.1191886167
10682,In-N-Out Burger,33.5733708,-117.1790510667
10683,Gas & Automotive,34.0462679244,-117.2026848793
10684,Lowe's,34.06121905,-117.2137288667
10685,Other - Shopping,34.072337583,-117.2057104111
10686,Sports Bar,34.0564697244,-117.1823358984
10687,Train Station,33.7084040167,-117.8063634667
10688,Sports Bar,33.9454364859,-118.3850238522
10689,Scenic Lookout,37.7448031415,-122.5005721136
10690,Coffee Shop,37.7798143317,-122.4930542614
10691,Seafood,37.77985,-122.4944372333
10692,Other - Nightlife,37.7703643667,-122.5119157833
10693,Big Blue Wet Thing,37.76805915,-122.5109849
10694,City Park,37.7610035809,-122.3910212517
10695,Seafood,37.46749495,-122.4305699667
10696,American,37.7814976772,-122.4323203778
10697,Toys & Games,37.7376746311,-122.469599247
10698,Brewery / Microbrewery,37.6768811,-121.8974429833
10699,Coffee Shop,37.8214238059,-121.9995706097
10700,Vineyard,38.47889145,-122.3945926833
10701,Peet's Coffee,37.8981179586,-122.0617835366
10702,Costco,37.7026573833,-121.8114189667
10703,Pub,37.4860189356,-122.2263549143
10704,Brewery / Microbrewery,37.7637607271,-121.9505133662
10705,Other - Parks,37.7576701,-122.4399318
10706,Summit,37.8818109,-121.9142950167
10707,Cineplex,37.7056124649,-121.8872052363
10708,Coffee Shop,34.4227035333,-119.7036521167
10709,Mexican,33.9591756667,-118.3961251
10710,Mexican,34.0250912731,-118.3930119133
10711,Trader Joe's,33.95873365,-118.3970500333
10712,Ultra-lounge,34.0152748374,-118.4132150568
10713,American,34.0235428333,-118.3955699667
10714,Starbucks,34.01719655,-118.40601795
10715,Breakfast,34.0220806167,-118.3963971333
10716,American,34.0244724333,-118.39513985
10717,Bakery,37.7773315333,-122.4637199333
10718,Hospital,37.7682722267,-122.4346876144
10719,Other - Shopping,37.767645305,-122.4310182944
10720,Pub,37.761151,-122.440222
10721,Plaza / Square,37.7625898,-122.434957567
10722,Apartment,37.7627348833,-122.4073290667
10723,Corporate Office,37.7786796333,-122.39496015
10724,Apartment,37.3881713833,-122.0843438667
10725,Cemetery,37.3893748,-122.0830562833
10726,Sushi,37.3950121,-122.0993839167
10727,Banana Republic,37.44299725,-122.1717732333
10728,Frozen Yogurt,37.42697515,-122.1442450167
10729,Seafood,36.6125341333,-121.8976357333
10730,American,37.4203139833,-122.1358358833
10731,Gate,37.6128043504,-122.3841687289
10732,Gate,37.6128461112,-122.3835432529
10733,Gate,37.6121891833,-122.3860275
10734,Mexican,37.4185454653,-122.1336087906
10735,Fountain,37.3883161833,-122.0846997333
10736,Sandwich Shop,37.4238828249,-122.1442848444
10737,Starbucks,37.5567600333,-122.2760526333
10738,Breakfast,37.4015810021,-122.1140224348
10739,Technology,37.3742643167,-122.0296936
10740,Asian,37.3767632333,-122.0289075167
10741,Corporate Office,37.5559841667,-122.2769426667
10742,Other - Food,37.9324870667,-122.5357973833
10743,Sushi,34.4238671833,-119.7053845
10744,Modern,33.6342824559,-117.2249686718
10745,Target,33.68077495,-117.1729797333
10746,Other - Parks,33.63408115,-117.2237430833
10747,Best Buy,33.6822491833,-117.1728871667
10748,Discount Store,33.6827713333,-117.17284885
10749,Sports & Outdoors,33.68326745,-117.1727068
10750,In-N-Out Burger,33.6810521,-117.1748082167
10751,American,33.6827867,-117.1742167667
10752,Toys & Games,33.5283126831,-117.1521606445
10753,Gas & Automotive,33.52209855,-117.1559065667
10754,Sushi,37.7643032167,-122.4625920167
10755,History Museum,34.04939825,-118.2389944667
10756,Corporate Office,33.817398139,-117.9175078198
10757,Other - Food,33.8167945333,-117.9183740833
10758,Post Office,33.80805375,-118.0689725333
10759,Mexican,33.700261034,-117.9067754745
10760,Other - Architecture,33.9410813792,-118.0968475342
10761,Target,33.9251297001,-118.1071579456
10762,Stadium,32.7667046333,-117.2266704833
10763,Sushi,33.7418414667,-118.1043033
10764,Bar,33.958201867,-118.102868533
10765,Modern,33.7712225833,-118.1238147833
10766,Church,33.82273685,-118.1871984833
10767,Steakhouse,37.4284452833,-122.1498086667
10768,Coffee Shop,33.7718289167,-118.1455082
10769,Breakfast,33.8864242833,-118.4108581
10770,City Park,33.9732604892,-118.4233367443
10771,Coffee Shop,33.9728523833,-118.4227842333
10772,Pizza,37.4433984494,-122.1719276905
10773,Antique Hotel,37.7667998167,-122.4302044333
10774,Corporate Office,37.3307286482,-122.0329838991
10775,French,37.7554733861,-122.4212385642
10776,Seafood,38.4993722167,-122.4626562667
10777,French,37.7782076667,-122.4219065667
10778,Gym,37.531875775,-122.2653865814
10779,Corporate Office,37.5285575332,-122.2668671608
10780,Sports & Outdoors,34.045307397,-118.4425375285
10781,Asian Food,34.0403759333,-118.44317435
10782,Other - Medical,34.0504107,-118.4597603333
10783,Breakfast,34.04926685,-118.3595194333
10784,Whole Foods,34.0535179833,-118.4674883667
10785,Breakfast,34.0445722167,-118.4194379333
10786,Other - Art & Culture,33.9836875664,-118.4157621502
10787,Asian,33.98978285,-118.4634745
10788,Women's Apparel,34.0722729333,-118.34372135
10789,Vegetarian / Vegan,34.0485638167,-118.4902576667
10790,Italian,36.1231112333,-115.1680254833
10791,Big Blue Wet Thing,36.1255724167,-115.1645059333
10792,Hospital,34.0581321667,-118.20904285
10793,Gas & Automotive,34.1845414,-118.323049883
10794,Breakfast,34.1868219167,-118.3172000667
10795,Ultra-lounge,37.44413965,-122.1621827
10796,Grocery,36.1006963173,-115.2800599918
10797,Corporate Office,36.1610183716,-115.3328857422
10798,Diner,36.1002841167,-115.2274334
10799,Pub,37.4859480856,-122.2333584471
10800,Frozen Yogurt,37.3364503667,-121.8900403667
10801,Mexican,37.5574351333,-122.0079819667
10802,American,37.6832122803,-121.767036438
10803,Gas & Automotive,37.6840782,-121.77176855
10804,Coffee Shop,37.5626858295,-122.0090693235
10805,Starbucks,37.6889830333,-121.9026409833
10806,Peet's Coffee,37.6816970833,-121.7679400833
10807,Coffee Shop,37.6810545833,-121.7698218
10808,Starbucks,37.5514555,-122.0498971167
10809,Gallery,37.7810140833,-122.3958543667
10810,Starbucks,37.5043569667,-121.9764018333
10811,Trader Joe's,37.5437272333,-121.9855264333
10812,UPS,37.53206865,-121.9583436667
10813,Asian Food,37.5051269531,-121.9697113037
10814,Barnes & Noble,37.5486275833,-121.9880937
10815,Starbucks,37.6989972,-121.8174304167
10816,Target,37.7012498086,-121.7466259003
10817,Theatre,37.6831359863,-121.7671585083
10818,BBQ,37.502948931,-121.976070106
10819,Grocery,37.6960464263,-121.7446314578
10820,Indian,37.54884415,-121.98700385
10821,Starbucks,37.6915172833,-121.7736949333
10822,Starbucks,37.5489497167,-121.9873637
10823,Cineplex,37.6799935667,-121.7749183
10824,Nature Preserve,37.7688288667,-122.4984169
10825,Playground,34.0208612904,-118.4897157364
10826,Bar,33.7480350164,-117.8696506391
10827,Mexican,33.78722075,-117.8135028833
10828,24 Hour Fitness,33.88361035,-117.5222840667
10829,Diner,34.1051776645,-118.2920372486
10830,Other - Architecture,33.9332483387,-116.9911766052
10831,Other - Architecture,34.0651032345,-118.0001914501
10832,Other - Architecture,33.9151295833,-118.18724495
10833,Other - Architecture,33.9300437054,-118.368370235
10834,Other - Architecture,33.8725608587,-118.2858842611
10835,Other - Architecture,33.8262820617,-118.2074403763
10836,Other - Travel & Lodging,33.8570522736,-117.981222868
10837,Other - Entertainment,34.0838156167,-118.319669
10838,In-N-Out Burger,33.94193035,-117.26029175
10839,Other - Architecture,33.8764800667,-118.1065377
10840,Beach,33.8376642214,-118.3905405959
10841,Stadium,33.9210250683,-118.3873961931
10842,Historic Landmark,34.0724590833,-118.40362635
10843,Dessert,33.8212689667,-116.5442470167
10844,Church,34.0749829833,-118.0908136
10845,Other - Architecture,33.8568023,-118.2844368
10846,Starbucks,33.80973375,-118.29010985
10847,Luxury Hotel,34.0928928333,-118.3770864333
10848,Coffee Shop,32.7608864833,-117.1463352333
10849,Starbucks,37.3862226,-121.9609165
10850,Starbucks,37.3709565,-121.9174763
10851,City Hall,37.3377578768,-121.8858325481
10852,Doughnuts,37.3263089,-122.0317379167
10853,Seafood,37.32937575,-121.8593969667
10854,Asian,37.3066331952,-122.032045126
10855,Big Blue Wet Thing,38.057049933,-121.785893117
10856,Mediterranean,37.7705016667,-122.4034463333
10857,Other - Entertainment,34.1574583833,-118.2852210667
10858,Seafood,32.74196665,-117.1797951
10859,American,37.7760853715,-122.4084232688
10860,Hardware Store,39.3262558803,-120.2079606056
10861,Lake & Pond,39.3280367,-120.2401895
10862,Brewery / Microbrewery,39.5138273833,-119.8057374833
10863,Gate,37.6206561698,-122.3899269104
10864,Diner,39.7535703637,-121.6080737114
10865,Monument,37.7717037333,-122.4660703667
10866,Mall,39.53118195,-119.7215213667
10867,Resort,37.4177714,-122.1354057833
10868,Gym,37.4467966333,-122.1625607833
10869,Pizza,37.4381084565,-122.1602010727
10870,Asian,37.4261641345,-122.1447984874
10871,Dog Park,37.77074185,-122.4987669333
10872,Resort,39.19584953,-120.23473566
10873,Sandwich Shop,37.4426272235,-122.1731575282
10874,Hospital,37.4796772063,-122.25461483
10875,Craftsman,37.27783045,-121.982371
10876,McDonald's,37.2919057,-121.9969802833
10877,Wine Bar,37.7733080954,-122.4215352759
10878,Chipotle,37.2924924361,-121.9912972305
10879,Target,37.5454036,-121.98445475
10880,Pizza,37.3235280333,-122.0190413667
10881,Burgers,37.6004452,-122.0690761
10882,Frozen Yogurt,37.5990664767,-122.0693119218
10883,Grocery,37.59848595,-122.06970225
10884,Other - Food,37.6000202645,-122.0687897623
10885,Asian Food,37.5753754833,-122.0401233667
10886,Bookstore,37.5019296813,-121.9760620594
10887,Asian Food,37.52292355,-122.0055192667
10888,Hardware Store,37.5335014333,-121.9971422667
10889,Peet's Coffee,37.4346847667,-121.8972881667
10890,Asian Food,37.3764351833,-122.0311196167
10891,Italian,37.4264114167,-122.1408391333
10892,Asian,37.3980324,-122.1081958
10893,Pet Store,37.5437036333,-121.9856487667
10894,Theme Park,37.8090721333,-122.2598309833
10895,Coffee Shop,37.7957446283,-122.2733547067
10896,Bookstore,37.8666479167,-122.2671826
10897,Farmers Market,37.7933465383,-122.2745811939
10898,Stadium,36.0862513308,-115.0167703629
10899,Modern Hotel,37.5913267478,-122.3475358823
10900,Mediterranean,37.8034894,-122.2749712833
10901,Coffee Shop,37.8481236833,-122.2852218
10902,Modern Hotel,37.8386516056,-122.2969259386
10903,Grocery,36.5364569667,-121.9114331167
10904,Coffee Shop,36.5366213667,-121.9091504167
10905,Burgers,36.5370953833,-121.9086507833
10906,Chipotle,36.58352661,-121.89706647
10907,Beach,36.6112906333,-121.8579971
10908,American,37.8161836167,-122.26402875
10909,Soul Food,37.811936907,-122.2663414478
10910,Grocery,37.8276159777,-122.2111523151
10911,Asian,38.4663564288,-122.7512026989
10912,Other - Food,37.8749892833,-122.2937493667
10913,Corporate Office,33.84897435,-118.3506281333
10914,Barnes & Noble,33.8323660303,-118.3516855038
10915,Bookstore,33.8361371,-118.3529348
10916,Other - Shopping,34.0156497975,-118.4957184884
10917,Other - Food,33.8486229,-118.3952992
10918,Starbucks,34.2750897,-118.5634100167
10919,Health & Fitness,34.2585456,-118.5400343167
10920,Sushi,34.2362890667,-118.5375883333
10921,Sports Bar,34.1680942703,-118.3767585964
10922,Big Blue Wet Thing,34.0820927,-118.29663014
10923,Frat House,34.07926195,-118.29261481
10924,In-N-Out Burger,34.0713325333,-117.8819849333
10925,Dessert,34.2386003,-118.5364118167
10926,Frozen Yogurt,34.0982427833,-118.31074145
10927,Technology,36.0480666983,-115.0776672363
10928,City Park,36.0461288833,-115.0758111
10929,Mexican,36.0292699833,-115.0861926167
10930,Starbucks,36.0561422595,-115.0845122337
10931,Grocery,36.0554049978,-115.0850433111
10932,Technology,36.0764064167,-114.97421805
10933,24 Hour Fitness,36.0348360167,-114.97412905
10934,Bowling,36.06976295,-115.0739931
10935,Mexican,36.0724541,-115.0996256167
10936,Grocery,36.0413957119,-115.1018071175
10937,Corporate Office,36.1075947298,-115.1828312874
10938,Bank & Financial,36.02806745,-115.0851228333
10939,McDonald's,36.05360635,-115.0833809667
10940,College,36.0064620833,-114.96455565
10941,Home,36.0387486333,-115.132008
10942,Subway,36.0296117748,-115.0854948561
10943,Bridge,36.0662463865,-115.2793478966
10944,Drugstore & Pharmacy,34.0642411149,-118.2919943333
10945,Arcade,34.138867667,-118.215588467
10946,24 Hour Fitness,34.1496160167,-118.2546670833
10947,City Park,34.1177018,-118.29271735
10948,Warehouse & Industrial,33.6774657961,-117.877984643
10949,Asian Food,33.6807616499,-117.8855800796
10950,Gas & Automotive,33.6773497289,-117.8777915239
10951,Warehouse & Industrial,33.6775929317,-117.8783788151
10952,Bank & Financial,33.77355605,-118.1195951
10953,Burgers,33.9017219696,-118.1171143055
10954,Historic Church,33.7757425667,-118.1142612667
10955,Burgers,33.7756067667,-118.1228253667
10956,Mexican,33.8873571788,-118.1061708927
10957,Mexican,33.8532863833,-118.136016
10958,In-N-Out Burger,33.7586098909,-118.019605279
10959,Administration,33.68570327,-117.91905933
10960,Coffee Bean and Tea Leaf,33.76100455,-118.13655705
10961,Starbucks,33.8580548667,-118.1158896333
10962,Drugstore & Pharmacy,33.6802218833,-117.9058388
10963,Mexican,33.7617947833,-118.1383515
10964,Pub,33.7770659167,-118.0343941333
10965,American,33.8532738,-118.1370898833
10966,Sushi,33.803803967,-118.134397083
10967,Terminal,33.81299459,-118.16599631
10968,McDonald's,35.9868702407,-119.9589335918
10969,Coffee Shop,34.145794914,-118.149304886
10970,Health & Fitness,33.5826403234,-117.7298784256
10971,Mexican,33.73443075,-117.7600227
10972,Mexican,32.7296748205,-117.1299219131
10973,Coffee Shop,32.7296152833,-117.1293295333
10974,Dessert,34.0471529167,-118.4904625167
10975,Sushi,34.0168432667,-118.4065477167
10976,Grocery,34.0235537,-118.49220205
10977,American,37.3232610833,-122.0478731
10978,Diner,36.0264020167,-115.1193138
10979,Starbucks,35.9416464667,-115.1167356833
10980,Chipotle,36.1070157333,-115.1371907667
10981,Coffee Bean and Tea Leaf,36.10660515,-115.1369543333
10982,Pub,36.01720505,-115.117727217
10983,Craftsman,36.017882269,-114.9531912804
10984,Victorian,36.000140444,-115.129898794
10985,Lake & Pond,36.01402815,-114.7543544333
10986,Rec Center,34.115742024,-117.73354208
10987,Stadium,34.145842527,-117.568539327
10988,Starbucks,34.12303485,-117.5740880333
10989,Church,34.1191021,-117.594178644
10990,Pavilion,34.115884938,-118.06592709
10991,Other - Architecture,34.12088135,-117.82621805
10992,Resort,34.1237997667,-117.7223905
10993,Soccer Field,34.114038762,-117.732892432
10994,Other - Nightlife,34.112234683,-117.5542222
10995,Modern,34.1252088547,-117.8851515055
10996,Peet's Coffee,37.9812984833,-122.5659249333
10997,Ultra-lounge,34.0735926193,-118.4678133851
10998,Breakfast,38.0637246667,-122.5330068833
10999,Other - College & Education,37.990699583,-122.575014067
11000,Brewery / Microbrewery,38.00496405,-122.5445395
11001,Pool / Waterpark,36.1143894833,-115.1929852667
11002,Gas & Automotive,33.63414585,-117.9229282667
11003,Fountain,33.6520320167,-117.7456751333
11004,Wings,33.62908295,-117.7188341
11005,Brewery / Microbrewery,34.6070676167,-118.1555658167
11006,Sushi,33.6342920723,-117.710275011
11007,American,33.8313335451,-118.1850642495
11008,Coffee Bean and Tea Leaf,33.7010516333,-117.9351782
11009,Sandwich Shop,33.7053268167,-117.92041775
11010,Mexican,33.9469578,-118.4009248167
11011,Other - Food,33.7717385833,-118.1592197667
11012,Farmers Market,33.7549770429,-118.1108808517
11013,Contemporary Church,32.5797811601,-117.074303627
11014,Asian Food,32.7481411667,-117.1509365
11015,Pan Pacific,37.5462178,-121.9859906
11016,Asian Food,37.5497869167,-121.9833890667
11017,Bridge,34.4731565667,-114.34666765
11018,Monument,37.7731278333,-122.4414624333
11019,Gas & Automotive,37.8114876738,-122.2416248918
11020,Soul Food,37.79798126,-122.27706807
11021,Mexican,37.8006883009,-122.2774136066
11022,Other - Food,37.7234880167,-122.4020139
11023,Asian,37.5825101167,-122.3518992
11024,Asian,37.7832569333,-122.4604139
11025,Toys & Games,37.5642157667,-122.3210104
11026,Duplex,37.7597304167,-122.4046904167
11027,Gas & Automotive,37.43568355,-122.1640205667
11028,Courthouse,37.4160401333,-122.0768826
11029,Other - Architecture,37.4156857,-122.077503
11030,Corporate Office,37.4191687501,-122.0812261105
11031,Hall,37.4277794776,-122.1638399481
11032,Hall,37.4255592002,-122.1737408638
11033,High School,37.4370539,-122.15601785
11034,City Park,37.44401785,-122.1573532833
11035,Baseball Stadium,37.4320808333,-122.1583461667
11036,Mexican,32.7092930747,-117.1572160721
11037,Seafood,32.7071806168,-117.1591043472
11038,Cineplex,32.7144675833,-117.16207405
11039,University,32.7748627027,-117.0706987381
11040,Coffee Shop,32.7174806333,-117.1404469013
11041,Antique Hotel,32.7136983816,-117.1588146687
11042,Plaza / Square,32.7164040167,-117.1697672
11043,Mexican,32.7112068823,-117.1611750126
11044,Pub,32.71067154,-117.1605339
11045,Luxury Hotel,32.7159269775,-117.162194851
11046,Pub,32.7585769167,-117.1821477833
11047,REI,32.83897245,-117.1626044833
11048,Technology,32.7134028667,-117.1594498833
11049,Apparel,32.76849055,-117.1648893833
11050,City Park,32.7630866667,-117.1434808333
11051,American,32.7116729,-117.1685435
11052,Starbucks,32.72794275,-117.2176473
11053,Asian,32.7698039333,-117.1633428333
11054,Seafood,32.67882293,-117.17518925
11055,The Home Depot,32.75245405,-117.2134788
11056,Pub,32.7227825,-117.1684656167
11058,Bakery,37.6024811,-122.0664823
11059,24 Hour Fitness,37.5531698667,-121.97730925
11060,Wings,37.6059314833,-122.0648955167
11061,Aquarium,33.1260160833,-117.3119856667
11062,Asian,36.0895084434,-115.1776851467
11063,Golf Course,36.0829811667,-115.17582605
11064,Terminal,36.0831993233,-115.1516103745
11065,Breakfast,38.949075983,-119.957153433
11066,Starbucks,38.9548283,-119.9448375667
11067,Theatre,37.7798049648,-122.4060286401
11068,French,37.7700701006,-122.4466513225
11069,Light Rail,37.7693009377,-122.4333626032
11070,Modern Hotel,37.7724861,-122.4375526
11071,Light Rail,37.7657067667,-122.45007275
11072,Apparel,37.7700990833,-122.4462801
11073,Health & Fitness,37.77191615,-122.4350554667
11074,Dog Park,37.7598106,-122.4364308333
11075,Historic Landmark,37.7635113909,-122.4488085589
11076,Other - Parks,37.75824455,-122.44122265
11077,Dive Bar,37.77241027,-122.43478572
11078,Pub,37.7653137167,-122.4499921833
11079,Bridge,40.5912637667,-122.3772883333
11080,Historic Landmark,38.05418565,-122.12852405
11081,Craftsman,37.8353996648,-122.0249191942
11082,Pool / Waterpark,37.257409933,-121.863196783
11083,Apartment,37.2567105333,-121.8640499167
11084,Corporate Office,37.317201504,-121.9486016035
11085,Mediterranean,37.2214514203,-121.9771897838
11086,Asian,33.9919935333,-118.4223643167
11087,Tacos,33.9968643333,-118.4265017833
11088,Motel,34.035076532,-118.472073768
11089,Asian,34.0400489167,-118.4647302333
11090,Seafood,34.014495,-118.49822175
11091,McDonald's,33.9415903555,-118.4047768035
11092,Mexican,33.9406882333,-118.4045274167
11093,Pizza,33.9411072667,-118.40426245
11094,Corporate Office,34.019218,-118.489486
11095,Coffee Shop,36.9763953,-122.0272412167
11096,Peet's Coffee,37.6212668167,-122.3903919167
11097,Breakfast,37.4339485333,-121.8934105
11098,McDonald's,37.4572587833,-121.9110336833
11099,Target,37.4140156667,-121.87635095
11100,Mexican,34.0195027707,-118.4977705
11101,Italian,34.1457316589,-118.4169186517
11102,Breakfast,34.0340665667,-118.4801999833
11103,Coffee Shop,33.6279321656,-117.9086183375
11104,American,34.1649333,-118.3727204
11105,Asian,34.1499602,-118.3653478167
11106,Asian Food,37.7648812167,-122.4235066833
11107,Sushi,37.5650585771,-122.3227214813
11108,Starbucks,34.00122535,-118.4826519
11109,Corporate Office,34.1577787436,-118.2540678978
11110,Technology,34.1562321279,-118.2563966044
11111,Fountain,34.0283312333,-118.4735324833
11112,Bookstore,34.146261098,-118.2549064744
11113,Mexican,34.0949036331,-118.2831429475
11114,Chipotle,33.9197442333,-118.3966197333
11115,Diner,34.12625665,-118.26397725
11116,Asian,34.0359221333,-118.44530305
11117,Frozen Yogurt,33.9045625808,-118.3955383301
11118,Coffee Shop,34.13910945,-118.2137068667
11119,Bakery,33.9916192833,-118.4695602167
11120,Sports Bar,36.0762965167,-115.2083430167
11121,Hostel,36.0251886733,-115.1234579086
11122,Sports Bar,36.0345547167,-115.1354788167
11123,Gym,36.0422633804,-115.1516409659
11124,Bar,36.0135952984,-115.1509022713
11125,Discount Store,36.0234792784,-115.1265585423
11126,Starbucks,36.0118037167,-115.1361693667
11127,Diner,36.10747539,-115.15390783
11128,Starbucks,37.3257037114,-121.9442081451
11129,Trader Joe's,37.554489,-122.3026711833
11130,Starbucks,37.779693434,-122.2760162184
11131,Drugstore & Pharmacy,37.5574297969,-122.2745060921
11132,Frozen Yogurt,37.56428255,-122.3236056667
11133,Hospital,37.4891595,-122.2245277667
11134,Starbucks,33.0235632167,-117.0814163
11135,Target,32.9108177333,-117.14643845
11136,Church,33.13747685,-117.141120817
11137,Women's Apparel,33.13714253,-117.17850893
11138,AT&T,33.141992961,-117.190995145
11139,Toys & Games,33.1361991042,-117.1782928705
11140,Music,33.1340811333,-117.1239090333
11141,Women's Apparel,32.9111623654,-117.1474850178
11142,AT&T,32.9122630667,-117.1464369667
11143,Chipotle,32.9137602167,-117.1457287333
11144,Corporate Office,32.89682632,-117.20193004
11145,Corporate Office,32.9021402507,-117.201653445
11146,Health & Fitness,33.01699165,-117.1096710667
11147,Corporate Office,32.9582159732,-117.157908082
11148,Corporate Office,32.905365383,-117.111330583
11149,Toys & Games,33.1320067833,-117.1187987333
11150,Brewery / Microbrewery,33.1162991,-117.1198944667
11151,Modern Hotel,32.7654644833,-117.1507558333
11153,Sandwich Shop,33.20165725,-117.2407448667
11154,Mexican,33.8369098167,-117.8888937833
11155,Breakfast,33.8391374,-117.8983107
11156,Pizza,33.8460899167,-117.9902244667
11157,Corporate Office,37.32294025,-122.0335792
11158,Asian,37.3245305708,-122.0326501662
11159,Other - Food,37.32273765,-122.0222021167
11160,Steakhouse,37.3315984833,-122.0334809667
11161,Other - Food,37.3222338167,-122.0320181167
11162,Italian,37.3225064833,-122.03860415
11163,Wine Bar,37.3233633,-122.02955725
11164,Asian,38.55401785,-121.5388735167
11165,Coffee Shop,38.5514611167,-121.4689887
11166,Coffee Shop,38.5685887833,-121.4340367833
11167,Burgers,38.6677919333,-121.2717199333
11168,Chipotle,33.68456805,-117.17478975
11169,Walmart,33.5523502833,-117.1939915333
11170,Other - Food,33.5555671215,-117.2156667709
11171,Corporate Office,33.5575251514,-117.2159993649
11172,Hospital,33.5569618871,-117.2156131268
11173,Corporate Office,33.5569797685,-117.2153073549
11174,Mission,33.6183386333,-117.2642089333
11175,Other - Shopping,33.5570857333,-117.2153549167
11176,Dessert,33.52444475,-117.1528960333
11177,Sushi,33.52540315,-117.1526161333
11178,Other - Shopping,33.5245412,-117.1535015833
11179,Other - Shopping,33.5249749666,-117.1538686752
11180,Breakfast,33.5237204667,-117.1502283167
11181,McDonald's,33.5965207667,-117.24297445
11182,Contemporary Church,33.5602076667,-117.2186895333
11183,Corporate Office,33.6223795131,-117.7013375008
11184,Gas & Automotive,33.529059,-117.15505705
11185,Mexican,33.6214651,-117.7010651833
11186,Modern Hotel,33.7899102799,-117.9153263569
11187,Corporate Office,33.7881820402,-118.0080878841
11188,Gas & Automotive,33.7449051167,-117.8507341667
11189,French,33.5264370833,-117.1583453333
11190,Steakhouse,32.7177019167,-117.1734464
11191,Contemporary Church,33.6776725791,-117.2416690983
11192,Corporate Office,33.5977462,-117.2144466
11193,Corporate Office,33.6006021833,-117.21683195
11194,Corporate Office,33.7316241333,-117.8502267167
11195,Corporate Office,33.5602620833,-117.1323826667
11196,Lake & Pond,37.548524313,-121.9618463516
11197,Resort,38.3485093,-122.2644340167
11198,Mall,36.3121814333,-119.3153532833
11199,American,36.0662213833,-119.0380275167
11200,McDonald's,36.0649931431,-119.0085142851
11201,Gym,36.0782057047,-119.0376752615
11202,Target,36.0785826833,-119.0467633167
11203,Theme Park,33.1277367333,-117.3094916
11204,Starbucks,36.0648729,-119.01607685
11205,Other - Entertainment,37.5915958817,-122.3479449749
11206,Other - Food,37.6884020196,-121.9024732089
11207,Hospital,37.3368640167,-121.9983636333
11208,Bike Shop,37.2608366667,-121.9305716667
11209,American,37.31658265,-121.9762020333
11210,REI,37.28921265,-121.9918248167
11211,Mexican,37.3177561179,-121.9496208429
11212,Grocery,37.4260213,-122.1479797833
11213,Mexican,37.3302027,-121.9120321
11214,Gallery,37.7796489,-122.4071359634
11215,Farmers Market,37.7295913,-122.4777697667
11216,Big Blue Wet Thing,37.7639659,-122.5102592
11217,Apartment,38.1809213833,-122.25190195
11218,Peet's Coffee,38.3226691333,-122.30622825
11219,Trade/Tech School,38.5146655178,-122.4846839905
11220,Modern Hotel,33.9464394759,-118.3908176422
11221,American,38.3010129667,-122.2821683
11222,Italian,37.5356810333,-122.29764175
11223,Diner,37.5660762333,-122.3240920667
11224,Pub,37.5666063502,-122.3238050938
11225,American,37.5650048803,-122.3234788496
11226,Modern,37.428283605,-122.1296091442
11227,Corporate Office,37.5370606667,-122.3278893833
11228,Corporate Office,37.4597425667,-122.1422263333
11229,Corporate Office,37.4425226487,-122.1624860385
11230,Corporate Office,37.3904210671,-122.0810700739
11231,Breakfast,37.491439,-122.240558
11232,Home,37.4248891426,-122.1419789061
11233,Corporate Office,37.5778203663,-122.349114418
11234,French,37.7799376591,-122.4030531623
11235,Campus Commons,37.4235204499,-122.1707102653
11236,Other - Travel & Lodging,37.4360808667,-122.1328245667
11237,Other - Street Fare,37.4230523,-122.0715227667
11238,Mexican,37.4156798667,-122.12916175
11239,Starbucks,37.413435648,-122.125837246
11240,Luxury Hotel,32.90400451,-117.24530392
11241,Wine Bar,32.9038057667,-117.2444327
11242,Golf Course,32.9051361084,-117.2435836792
11243,Corporate Office,37.4463796167,-122.15965015
11244,Corporate Office,37.5801252167,-122.3439255833
11245,Regional / State Park,37.0120574333,-122.0541767833
11246,Craftsman,37.2402486833,-121.9368758833
11247,Corporate Office,37.5547286833,-122.3006131667
11248,Grocery,38.6104321587,-122.869259119
11249,Banana Republic,37.5388968493,-122.3004462239
11250,Italian,37.5642253833,-122.3250242833
11251,Scenic Lookout,37.5310419743,-122.3640167713
11252,City Park,37.5604352667,-122.3221329333
11253,Burgers,37.5670177497,-122.3240197084
11254,Coffee Shop,38.3013796451,-122.2827355709
11255,Diner,37.4834913667,-122.2300108167
11256,Warehouse & Industrial,37.7819139667,-122.2381435833
11257,Starbucks,37.7681641167,-122.2326509333
11258,Modern Hotel,37.8022057336,-122.2732400894
11259,Coffee Shop,37.7731587,-122.2348441333
11260,Gallery,37.7739817667,-122.4112717833
11261,Indian,37.7773544667,-122.2750437167
11262,Sandwich Shop,37.7625822667,-122.3960954167
11263,American,37.5529133,-121.98471
11264,Apartment,37.3663201442,-122.0260584354
11265,Grocery,37.3542788,-121.9979767833
11266,Indian,37.3770335141,-122.0300843071
11267,Modern Hotel,37.3914170333,-121.9771225667
11268,Hall,36.10699462,-115.1377899
11269,Student Center,36.1066558249,-115.13775349
11270,Casino,36.170137,-115.1426941
11271,Dessert,36.065122633,-115.039385062
11272,Sushi,36.2763176167,-115.1785991
11273,Coffee Shop,34.0763487,-118.35630575
11274,Mexican,34.04749977,-118.25801503
11275,Ultra-lounge,34.0447744315,-118.2495725155
11276,Breakfast,34.0762964667,-118.3608455167
11277,Cineplex,34.0212758,-118.3969028667
11278,South American / Latin,34.0762938,-118.35597435
11279,Chipotle,34.4428261333,-118.5740056167
11280,Walmart,34.4440273836,-118.5748428121
11281,Theme Park,34.4205328333,-118.59952085
11282,Other - Architecture,34.2888545167,-118.4672776333
11283,BBQ,34.0230226833,-118.3953298833
11284,Other - Food,34.0297992437,-118.472170131
11285,Coffee Shop,34.00020105,-118.46974085
11286,Stadium,32.766173517,-117.225560767
11287,Bus Station,37.7423930667,-122.42464905
11288,Corporate Office,37.4200614946,-122.0823723312
11289,Sushi,37.7528429,-122.4083375833
11290,Ultra-lounge,37.7560958862,-122.4179992676
11291,Technology,32.810091167,-117.1172297001
11292,National Park,34.1339435833,-116.3155337667
11293,Starbucks,32.76832875,-117.053389
11294,Pub,32.7652349333,-117.0544246667
11295,Bookstore,32.8059812,-117.05366585
11296,Breakfast,33.02128405,-117.2820180167
11297,Pub,34.41903735,-119.6974972333
11298,Technology,32.7196650589,-117.1608531475
11299,Drugstore & Pharmacy,37.3048872333,-121.8993559667
11300,Train Station,37.3124136167,-121.88468475
11301,Starbucks,37.3039502833,-121.8972941667
11302,Pizza,37.3070871333,-121.9005115833
11303,Starbucks,37.2507729333,-121.8657459833
11304,The Home Depot,37.8290090333,-122.28335435
11305,Italian,37.8287262167,-122.2495165833
11306,Modern,37.835483198,-122.188451451
11307,Playground,37.46263275,-122.1922008833
11308,South American / Latin,34.0073101833,-118.49036795
11309,Sushi,34.0631485008,-118.2948494391
11310,Grocery,34.06014295,-118.3086769333
11311,Bridge,36.1146619833,-115.1732253833
11312,Cineplex,34.1873651333,-118.4129906833
11313,Modern,34.08256455,-117.355077625
11314,Administration,34.0842372,-117.348793
11315,Grocery,34.0797605167,-117.3523709333
11316,Bank & Financial,34.1063573333,-117.3640570667
11317,Mexican,34.0609098333,-117.1827821167
11318,Costco,34.1374899551,-117.4439442158
11319,Craftsman,34.14416235,-118.4234296167
11320,Frozen Yogurt,34.1471399461,-118.4246751666
11321,Steakhouse,34.1402558667,-118.1471491333
11322,Sushi,34.1457695167,-118.4155165833
11323,Salon & Barbershop,38.5727964333,-121.4658631833
11324,Bakery,38.6401795833,-121.5000369
11325,Mexican,38.5993672333,-121.4238730333
11326,Brewery / Microbrewery,38.5474088667,-121.7256786
11327,Tower,37.3371458312,-121.8788802624
11328,Historic Landmark,37.2859445356,-121.9447606802
11329,Apartment,33.6533517042,-117.7507460117
11330,Resort,33.6159613333,-117.9145453
11331,Furniture,33.6913168445,-117.8928172588
11332,Diner,34.07242865,-118.3609014833
11333,Coffee Bean and Tea Leaf,34.0731462986,-118.3761942387
11334,Gas & Automotive,33.6595047662,-117.7438285947
11335,24 Hour Fitness,33.6527023,-117.7512057
11336,Frozen Yogurt,37.868633106,-122.2678675515
11337,Grocery,37.3347240372,-121.887928396
11338,Health & Fitness,37.7720398522,-122.4373269081
11339,Other - Food,37.3410768333,-121.9088516
11340,Coffee Shop,37.7715110333,-122.4351862833
11341,Bar,37.7601765167,-122.41884655
11342,Mexican,37.3330962,-121.88771981
11343,Target,37.1577366434,-121.6533772261
11344,American,37.7267499167,-122.2408745167
11345,Asian,37.766845,-122.42903845
11346,Contemporary Church,34.4600830672,-118.5309255123
11347,Craftsman,34.4701051,-118.5582389167
11348,Hospital,34.1512239577,-118.2306958298
11349,Mall,34.23832505,-118.5550526
11350,BBQ,34.0527471,-118.3118150167
11351,Resort,34.4166548946,-119.6771943569
11352,Asian,34.20073015,-118.4159317333
11353,Garden,37.90443255,-122.2743254167
11354,Pan Pacific,34.0452544857,-118.2655799389
11355,Dive Bar,37.8012240712,-122.264059662
11356,Hall,34.0530099,-117.2658060667
11357,Starbucks,34.89072915,-116.9993931833
11358,Corporate Office,34.032608,-118.477033
11359,Theatre,34.0820150021,-118.3617505431
11360,Conference,36.090492278,-115.17679238
11361,Coffee Shop,37.7736461667,-122.4476314667
11362,Walgreens,37.7539038755,-122.418680191
11363,Coffee Shop,37.7555154558,-122.4210957748
11364,American,37.7657108951,-122.4497938156
11365,Italian,37.7650263333,-122.4500381333
11366,Health & Fitness,37.25601755,-121.9679819167
11367,Frozen Yogurt,37.25766245,-121.876462567
11368,Coffee Shop,34.1505209669,-118.4215392496
11369,Lighthouse,34.1479486,-118.1395325
11370,Mexican,34.0806601833,-118.1522674167
11371,Italian,34.1446375333,-118.1522023667
11372,Library,34.14752175,-118.1400178833
11373,Coffee Shop,34.1497921833,-118.1398343833
11374,Mexican,34.1449767472,-118.1372845208
11375,Castle,34.1484317833,-118.1389691
11376,Campus Commons,34.1478069667,-118.1393020833
11377,Light Rail,34.4136487,-119.6925131667
11378,Starbucks,33.9475955333,-118.4014664667
11379,Coffee Shop,34.12127245,-118.2069102667
11380,Bookstore,34.1459878657,-118.136318922
11381,McDonald's,33.7306527137,-117.7983337641
11382,Brewery / Microbrewery,39.5305722839,-119.8145124051
11383,Stadium,39.5285045,-119.8074259667
11384,Other - Food,33.6887532009,-117.7711497699
11385,Grocery,32.7373326333,-117.21660945
11386,Italian,32.7229992667,-117.1669394333
11387,Starbucks,33.8612615167,-117.7915867167
11388,Bank & Financial,34.1684711,-118.3459208333
11389,Farmers Market,34.1868440667,-118.3185721333
11390,In-N-Out Burger,34.1868892,-118.3174181
11391,Church,34.1403306225,-118.2198463547
11392,Pizza,34.1747109833,-118.34897465
11393,Mexican,34.1912730667,-118.3293081
11394,Warehouse & Industrial,37.753285383,-122.391926117
11395,Historic Landmark,37.7740391387,-122.4585485458
11396,Garden,37.7723095167,-122.4646677333
11397,Lake & Pond,37.7710709314,-122.4941682816
11398,Grocery,37.7752085485,-122.4648435829
11399,Other - Services,37.740605917,-122.398304483
11400,Dancefloor,37.7618179321,-122.3916397095
11401,Peet's Coffee,37.7803402667,-122.4752965333
11402,Special Event,37.751283184,-122.41387981
11403,Burgers,37.7639467333,-122.4668840167
11404,Regional / State Park,37.870846,-122.3147569667
11405,National Park,37.7602741324,-122.5104010105
11406,Burgers,37.7812874243,-122.3877556622
11407,Fountain,33.8011622228,-116.5390527248
11408,Canal / Waterway,33.9848694333,-118.4663205167
11409,Historic Landmark,34.1279175167,-118.1111569833
11410,Library,34.12843513,-118.114124
11411,Duplex,34.0988688833,-118.30145165
11412,Coffee Shop,37.7760233228,-122.4261180236
11413,Breakfast,37.8106128,-122.2445467
11414,Motel,37.4209195375,-122.1374291182
11415,Other - Architecture,37.4205501833,-122.1474752333
11416,Apartment,37.3533761501,-121.8943405151
11417,Apartment,37.3526821167,-121.8941214167
11418,Dessert,37.3504900333,-121.8968828
11419,Resort,36.0593948025,-115.1712656021
11420,Pizza,37.3969072167,-121.9965766667
11421,Toys & Games,37.8019768491,-122.2744202614
11422,Plaza / Square,37.4178565103,-122.0255970955
11423,Other - Shopping,37.5014528435,-122.2451859446
11424,Casino,36.1164788791,-115.1930987835
11425,Airport,36.210061001,-115.198366642
11426,Mexican,37.4819926333,-122.2299134333
11427,Diner,37.5454044667,-122.2855237167
11428,City Park,37.4970912167,-122.2579468167
11429,American,37.5923564167,-122.3618838
11430,Grocery,37.5241044562,-122.2527527022
11431,Pizza,37.4861369543,-122.2290923527
11432,Grocery,37.5032901667,-122.2575759833
11433,Other - Entertainment,37.3064297167,-122.03140155
11434,Veterinarian,37.3223832667,-122.0682997667
11435,Grocery,37.340596,-122.0421411667
11436,Bank & Financial,37.3232879167,-122.0336437667
11437,Dive Bar,37.3232710333,-122.0514750333
11438,Post Office,37.3230092833,-122.05389135
11439,Modern,37.300538755,-121.9381026588
11440,Light Rail,37.7467594833,-122.42702145
11441,Other - College & Education,36.9755891667,-122.0559629667
11442,City Park,37.7460408167,-122.4220705
11443,Grocery,33.9103369985,-117.8650392283
11444,Asian Food,34.0787402209,-118.1200402918
11445,Asian,34.0037585,-118.4085638
11446,Pub,33.9989155826,-118.4800765069
11447,Starbucks,34.0790766,-118.1142529
11448,Other - College & Education,33.9568399712,-118.4162975594
11449,Corporate Office,37.76779025,-122.4067902833
11450,Corporate Office,37.7663695333,-122.40769295
11451,Corporate Office,33.4598927,-117.6517861167
11452,Chick-fil-A,33.6991322667,-117.7399039
11453,Starbucks,33.6716335167,-117.78928595
11454,Sushi,33.6808777667,-117.7788956
11455,Sandwich Shop,38.5691105167,-121.49298785
11456,Starbucks,36.1284792333,-115.3145991333
11457,Grocery,38.7695336833,-121.3320351333
11458,Casino,38.8405078,-121.31170315
11459,Starbucks,38.7141793667,-121.3658266833
11460,Starbucks,38.7689068,-121.3307201333
11461,Beach,35.1790086667,-120.7343494892
11462,Beach,35.176722617,-120.7515027
11463,Pub,32.6843751833,-117.1788188
11464,Starbucks,37.9587244481,-122.0932916827
11465,Gas & Automotive,37.1521222667,-121.6555370667
11466,Antique Hotel,35.6258128333,-120.6917417833
11467,Other - Food,36.104940152,-115.1744608977
11468,Record Store,37.6873957833,-122.1293006167
11469,Gas & Automotive,34.0705868207,-117.2083282471
11470,Mexican,34.107887113,-117.1956145763
11471,Gas & Automotive,34.06747624,-117.2643756866
11472,Grocery,34.1238222439,-117.1936780214
11473,Brewery / Microbrewery,33.6842375994,-116.2381893396
11474,Grocery,34.0473798333,-117.0325779667
11475,Bank & Financial,34.0696576,-117.2047170333
11476,Golf Course,37.4347937333,-122.4398882
11477,Corporate Office,37.4386756,-122.1605475833
11478,Corporate Office,37.4239008333,-122.2034442333
11479,Grocery,37.7828602,-122.4669757667
11480,Burgers,37.7658805225,-122.4495792389
11481,Starbucks,37.5524239333,-122.3140414167
11482,Fine Dining,38.2938774745,-122.4600076675
11483,Coffee Shop,38.2933854667,-122.45847715
11484,Technology,37.4477961685,-122.1592673935
11485,Corporate Office,37.4149772199,-121.9380417439
11486,Sports Bar,37.2579982333,-121.8768163
11487,Steakhouse,37.2502567167,-121.8451341
11488,Modern,33.2293843333,-117.26193135
11489,Duplex,33.7784104667,-117.8571909833
11490,Sushi,33.9192255167,-117.9019101
11491,Apartment,33.7650503287,-117.8978716126
11492,Mexican,37.7133622857,-121.7252540588
11493,Bakery,37.706437,-121.9293177
11494,Candy Store,37.6505425,-121.9039784667
11495,Other - Medical,37.6527036587,-121.8782043457
11496,Asian,37.7054346513,-121.923404932
11497,Sonic,37.7570987,-121.4609694167
11498,Ultra-lounge,37.6734693682,-122.1109127998
11499,Breakfast,37.6523256,-121.8797281333
11500,Grocery,37.6517098166,-121.8783009052
11501,Toys & Games,37.7048716333,-121.91371665
11502,Italian,37.69976215,-121.8709830167
11503,Rental Car,37.73696375,-122.2152431
11504,Gas & Automotive,37.7019968161,-121.8109345436
11505,Brewery / Microbrewery,37.6736041277,-122.0815758442
11506,Trader Joe's,37.6797176333,-121.7819480667
11507,Other - Nightlife,37.3366927754,-121.8893432523
11508,Doctor's Office,37.7048022667,-121.92131455
11509,In-N-Out Burger,37.50421865,-121.9745101833
11510,Hospital,37.564419858,-122.326376195
11511,Corporate Office,37.5668470333,-122.3263712
11512,Sports Bar,37.5643142167,-122.3249624333
11513,Coffee Shop,37.56399455,-122.3271627167
11514,Dessert,37.5646936,-122.3240197167
11515,Asian,37.5651164074,-122.3233232245
11516,Asian Food,37.5646961333,-122.3238380333
11517,Bank & Financial,37.5360836656,-122.2581634461
11518,Dessert,37.5659950167,-122.3236410667
11519,Grocery,33.8027067976,-118.0572849512
11520,Mexican,33.7351320667,-117.9549235167
11521,Resort,33.7676231167,-118.0783975833
11522,Starbucks,33.7721535667,-118.0068882667
11523,Mexican,33.7767307667,-118.07205245
11524,Apartment,34.0889080333,-118.3249799333
11525,Modern Art Museum,34.0945873333,-118.2802432
11526,Campus Commons,34.3921324667,-118.56807655
11527,Other - Food,34.0774121167,-118.2568178
11528,Other - Food,34.09137935,-118.27909065
11529,French,34.09879335,-118.3257521667
11530,Asian,33.7145087833,-116.2353336833
11531,Italian,33.7298805333,-116.4041472
11532,In-N-Out Burger,33.7141006333,-116.2332935167
11533,Burgers,33.8229835167,-116.5186162667
11534,Diner,33.7152580833,-116.2331072667
11535,McDonald's,33.70815695,-116.2419769667
11536,Other - College & Education,33.8222359333,-116.5191830333
11537,Cineplex,33.8000049833,-116.3922499333
11538,Corporate Office,33.8778290167,-117.9245408333
11539,Dive Bar,33.8427024167,-118.3919691167
11540,Sports Bar,33.8596963,-118.39953115
11541,Mexican,33.8621004333,-118.4006514333
11542,Wine Bar,33.8708421333,-117.925515
11543,Mexican,33.8709082833,-117.9245924167
11544,Brewery / Microbrewery,33.8846956333,-118.4110177667
11545,Bar,33.8719450167,-117.9252014333
11546,Bar,33.8844426,-118.41142715
11547,Condo,37.2410056367,-121.8669605255
11548,Grocery,37.2494651,-121.8572033333
11549,Bar,37.3299118,-121.8868172
11550,Asian,37.3219425667,-122.0147731667
11551,Whole Foods,34.4124734667,-118.5562212167
11552,Modern Hotel,37.5900113583,-122.3428380489
11553,American,37.4305693667,-122.08611565
11554,Grocery,37.0460160833,-122.0274713333
11555,Corporate Office,36.0690475585,-115.1557731628
11556,Middle Eastern,36.0717235167,-115.13439865
11557,Saloon,36.1162131833,-115.3064031333
11558,Sports Bar,36.0706634521,-115.2251815796
11559,Grocery,33.9611807984,-117.6948619796
11560,Other - Food,38.5819774167,-121.41580215
11561,Starbucks,38.5979611667,-121.4507534333
11562,Luxury Hotel,36.1092188018,-115.1647787255
11563,Apartment,37.7820288833,-122.4329563167
11564,Bus Station,37.78322725,-122.4328151
11565,Other - Nightlife,37.6143651402,-122.3855896683
11566,Corporate Office,33.3027351067,-117.3116898537
11567,Brewery / Microbrewery,33.1251348167,-117.3140886167
11568,Asian,32.824234712,-117.1549390629
11569,Sushi,32.8248247167,-117.1549950333
11570,Gas & Automotive,33.552793767,-117.1390506
11571,Bank & Financial,33.5510967333,-117.14028145
11572,Grocery,33.5539049667,-117.1386842167
11573,Corporate Office,37.36749749,-121.918385133
11574,Corporate Office,37.3970706323,-121.9769847393
11575,Starbucks,36.7918857,-119.8260669
11576,Cineplex,36.8061202,-119.7125696
11577,Mexican,34.24138145,-118.46720375
11578,Diner,34.1800954936,-118.6035153318
11579,High School,36.8183550717,-119.8096954823
11580,Sandwich Shop,36.8074187667,-119.6927888667
11581,The Home Depot,36.8410923,-119.785203899
11582,BBQ,36.8467396,-119.79116095
11583,Mexican,33.6905551167,-117.8869100833
11584,Grocery,34.0334581833,-117.0747758333
11585,Bank & Financial,34.0501777081,-117.2612601885
11586,Bank & Financial,34.0344207,-117.0732618
11587,Starbucks,34.0343644,-117.071327
11588,Tea Room,34.0493064167,-117.24388285
11589,Asian Food,34.0749666422,-117.7192652732
11590,Grocery,34.035364317,-117.070153633
11591,Asian Food,32.9799237333,-117.0827685167
11592,Sushi,32.9800563553,-117.0770166792
11593,Indian,32.9827675333,-117.0757243167
11594,Burgers,32.7672526,-117.1559017667
11595,American,33.4934308,-117.1481954833
11596,Bakery,32.9813657167,-117.07517395
11597,Italian,32.7234543333,-117.1684423667
11598,Gate,37.6211660471,-122.390152216
11599,Asian,37.5033802333,-122.2572733833
11600,Apartment,37.54249365,-122.2332524167
11601,Bookstore,37.5403153554,-122.3007917404
11602,Dog Park,37.5422654,-122.2306927333
11603,City Park,37.5559473,-122.2746562833
11604,Seafood,37.5572104667,-122.27490685
11605,Library,37.5589728333,-122.2704076667
11606,Corporate Office,37.5572874575,-122.2731474294
11607,Health & Fitness,37.7735759333,-122.4177891167
11608,Corporate Office,37.417810825,-122.0266205992
11609,Vegetarian / Vegan,34.0269626167,-118.4754192167
11610,Frozen Yogurt,33.9901302167,-118.4470923667
11611,Peet's Coffee,34.0327477333,-118.49544525
11612,Health & Fitness,37.5291233833,-122.28757035
11613,Corporate Office,37.52094235,-122.2685356333
11614,French,38.40096335,-122.3598227333
11615,Bank & Financial,37.5029204476,-122.2573909631
11616,Grocery,37.5445282,-122.2845794167
11617,Indian,37.507036693,-122.260791335
11618,Pizza,37.5212441333,-122.3371609167
11619,Asian,37.35392245,-121.9947198667
11620,Asian,37.7820223298,-122.4844261521
11621,Asian Food,37.3902166833,-122.0810965167
11622,Tram,36.0832340058,-115.1464176178
11623,Aquarium,36.1218048717,-115.1760746627
11624,Starbucks,33.52190585,-117.1663766167
11625,Coffee Shop,34.0761754167,-118.3722896333
11626,Corporate Office,34.08022265,-118.3855159333
11627,Coffee Shop,34.0836064667,-118.3851530833
11628,Breakfast,34.0623760142,-118.3513534819
11629,Apparel,34.0719282,-118.3569067833
11630,Italian,34.0668096721,-118.3766448498
11631,Asian Food,34.0980778897,-118.3288797196
11632,Other - College & Education,34.0983903371,-118.328461647
11633,Other - Food,34.0996449,-118.3277502833
11634,Sushi,36.108491907,-115.153031279
11635,Dive Bar,36.1210888667,-115.1522527167
11636,French,36.1208471188,-115.1708638217
11637,Ultra-lounge,36.1205763603,-115.1715576704
11638,Dive Bar,34.0910543137,-118.3266923605
11639,Ultra-lounge,34.0905044167,-118.3461106167
11640,Dive Bar,34.0908511408,-118.3568884209
11641,Mexican,34.0911387667,-118.3688216
11642,Ultra-lounge,34.05866926,-118.41616833
11643,Starbucks,34.0586452084,-118.416152498
11644,Luxury Hotel,34.0671779863,-118.3991245007
11645,Luxury Hotel,34.0655618667,-118.4108272333
11646,Bookstore,32.709048,-117.1718373667
11647,BBQ,33.8336038333,-118.35211195
11648,Coffee Shop,32.76308635,-117.133834
11649,Basketball Court,33.75851786,-117.8327974
11650,Ultra-lounge,34.0441424,-118.2636939667
11651,Best Buy,33.8275579897,-117.83593187
11652,Other - Nightlife,33.64324455,-117.9340564833
11653,Coffee Shop,33.6945136,-117.8685684833
11654,Sushi,33.88492955,-118.4108623667
11655,Cineplex,33.9190556833,-117.89981805
11656,Italian,37.4462125,-122.1613662667
11657,Grocery,37.3523078378,-122.001045052
11658,Starbucks,37.3642498577,-121.9218476698
11659,Resort,36.9968566911,-121.9850311237
11660,Mexican,33.7946845167,-117.8365474667
11661,Bakery,33.63801365,-117.8604185167
11662,Grocery,34.0279465167,-118.5000774667
11663,Asian,34.02750315,-118.5005248667
11664,Food & Foodies,34.0391722822,-118.4416912933
11665,Beach,34.01425395,-118.5017395333
11666,City Park,34.01679695,-118.5013549167
11667,Other - Entertainment,37.95946685,-121.9788963
11668,Fine Dining,37.9595289667,-121.9790169667
11669,Coffee Shop,37.9594751667,-121.9790679667
11670,Beach,33.4289726667,-117.6283182333
11671,Coffee Shop,33.4327408874,-117.6330764452
11672,Discount Store,33.4325723,-117.6285831
11673,Subway,33.4371446573,-117.6248323917
11674,Apartment,37.3331078167,-121.9104913
11675,Drugstore & Pharmacy,37.3319400427,-121.9068181515
11676,Gas & Automotive,37.640561967,-122.401657233
11677,Corporate Office,37.3292954237,-122.0310258865
11678,Mexican,37.3340356,-121.8894565167
11679,Corporate Office,37.5037851735,-122.4925589561
11680,Big Blue Wet Thing,37.4956657167,-122.4952962667
11681,Bakery,37.4625622333,-122.4299441333
11682,Mexican,37.4682806333,-122.4312201
11683,Italian,37.46443525,-122.4291466667
11684,Seafood,37.5025168667,-122.4757890333
11685,Grocery,37.4690326737,-122.4322379608
11686,Technology,37.7697454251,-122.4485867869
11687,Corporate Office,37.7718250703,-122.4169148636
11688,Other - Nightlife,37.5027708,-122.4911139833
11689,Coffee Shop,37.5047454833,-122.4831983333
11690,Home,34.11263125,-117.6058445833
11691,Grocery,34.1074929,-117.6097150667
11692,Technology,34.11278805,-117.6058579333
11693,Modern,34.112746136,-117.6059818268
11694,Grocery,34.1077176333,-117.6119754167
11695,Modern,34.106465423,-117.613612763
11696,Target,36.6671907649,-121.8088381328
11697,The Home Depot,36.6098381667,-121.8565511667
11698,Whole Foods,36.5833063833,-121.9000112
11699,Post Office,36.6224741889,-121.9208667879
11700,Apple Store,36.5840722333,-121.89732855
11701,Cineplex,36.5837819,-121.8941590833
11702,Sandwich Shop,37.3692592667,-121.920322
11703,Asian,37.7712130446,-122.4303444548
11704,Other - Food,36.6139805333,-121.9020512167
11705,Grocery,37.9925100804,-122.1206438541
11706,Other - College & Education,37.9921094,-122.1153522833
11707,Starbucks,37.7008149167,-121.91016375
11708,Mexican,37.9828304667,-122.0678402667
11709,Starbucks,37.6522399,-122.4022025833
11710,Starbucks,36.69153695,-121.6527405667
11711,Peet's Coffee,32.7221361667,-117.2454243
11712,Diner,34.0906264943,-118.3860718845
11713,Grocery,32.7221270341,-117.2448417835
11714,24 Hour Fitness,36.2407553,-115.1728024167
11715,Mexican,36.2712748333,-115.26683795
11716,BBQ,36.0576816167,-115.1227746667
11717,Farmers Market,37.4258275871,-122.144933939
11718,Best Buy,37.6767747667,-122.4646131833
11719,Apartment,36.0386195823,-115.0858855247
11720,Other - Services,36.0416962167,-115.2780421
11721,Gallery,36.1591001421,-115.1527369022
11722,Pizza,33.9414374094,-118.4044754505
11723,Corporate Office,37.4183762963,-121.9485318661
11724,Corporate Office,37.775117273,-122.397902973
11725,Home,38.6993643833,-121.3488288667
11726,Modern,38.480075,-121.5306469167
11727,Other - College & Education,38.7418593667,-121.2889133333
11728,Target,38.7456114,-121.254446
11729,Church,38.5363517,-121.4924480667
11730,Mexican,38.558447,-121.4798852833
11731,Mission,38.7017885167,-121.3677730167
11732,Craftsman,38.4184047667,-121.448036
11733,Starbucks,38.7495694667,-121.2469026333
11734,Other - Shopping,38.7423099667,-121.3039550667
11735,Craftsman,37.7581451195,-122.4437052011
11736,National Park,37.7146863047,-122.5005841255
11737,Grocery,37.7601756493,-122.4434261875
11738,Gas & Automotive,37.71988,-122.18878
11739,Post Office,37.7514183935,-122.4336361885
11740,Bakery,37.751248597,-122.4334126367
11741,Bank & Financial,37.7773936,-122.3932563167
11742,Breakfast,37.77179125,-122.43310775
11743,Sandwich Shop,37.7720490333,-122.4313695833
11744,Other - Nightlife,33.98814285,-118.4519453833
11745,Italian,37.7460232333,-122.4269669667
11746,Grocery,36.0407971173,-115.1190054417
11747,Barnes & Noble,36.1186313167,-115.1359226833
11748,Gas & Automotive,36.021837717,-115.127071333
11749,Asian,36.0114195,-115.1381406833
11750,Pizza,36.0409548833,-115.1013649833
11751,Asian,36.0253665524,-115.1190429926
11752,City Park,33.71751135,-117.9395895167
11753,Gate,33.6796225,-117.8622586
11754,American,38.8956160794,-121.078266244
11755,Pub,34.01529496,-118.4956758
11756,Beach,33.6958902167,-118.0483398667
11757,Sandwich Shop,33.9178205404,-117.8868311442
11758,Other - Food,33.9183977,-117.9027049833
11759,American,33.8182502869,-118.3510917776
11760,Corporate Office,34.0394764526,-118.1142630823
11761,Modern Hotel,32.7653812841,-117.2409760952
11762,Home,32.7574056457,-117.1267354488
11763,Plaza / Square,32.8709781667,-117.2107651667
11764,Condo,34.3889931,-118.5798139
11765,Starbucks,34.42593419,-118.57040351
11766,Corporate Office,34.42486119,-118.56929934
11767,Chipotle,34.4179925667,-118.5617703167
11768,Luxury Hotel,34.05942928,-118.41762351
11769,Starbucks,33.8170298,-116.5287485667
11770,Starbucks,34.4234438167,-118.57924445
11771,McDonald's,34.0121811529,-118.4941657436
11772,Corporate Office,37.4178693854,-122.0268136887
11773,Gallery,37.41725158,-122.02543765
11774,Sushi,37.7547201585,-122.4231466287
11775,Children's Apparel,33.7486770167,-118.0151292
11776,Corporate Office,34.0552905513,-118.4130370617
11777,Terminal,33.9437949908,-118.4082027959
11778,Corporate Office,34.048407473,-118.414013151
11779,Pizza,36.0818911289,-115.1381000876
11780,Other - Travel & Lodging,34.1806480983,-119.1590239428
11781,Luxury Hotel,32.7694021748,-117.1599228741
11782,Starbucks,34.0342114833,-118.6935636333
11783,Bar,34.183264858,-119.16973117
11784,Burgers,32.77164872,-117.15833433
11785,Bar,34.0908861664,-118.3632995167
11786,Asian,34.0729352335,-118.3752903342
11787,Mexican,37.40440735,-122.0974491167
11788,Peet's Coffee,38.2500610873,-122.623912096
11789,Skatepark,33.4451327066,-117.5847762823
11790,Dessert,33.8332910448,-118.3475226346
11791,Corporate Office,33.4439398056,-117.5861120224
11792,Dog Park,33.4457616027,-117.5815093517
11793,Asian,33.4571368978,-117.5995016098
11794,City Park,33.4443784728,-117.5838267803
11795,Other - Architecture,33.4419501088,-117.5840440392
11796,In-N-Out Burger,33.7663561,-117.9721200833
11797,Live Music,34.42358325,-119.7056559333
11798,Burgers,34.4185002546,-119.6974262595
11799,Starbucks,34.4176245833,-119.6966643
11800,24 Hour Fitness,34.4205275845,-119.6999638654
11801,Barnes & Noble,33.775268058,-117.8668212891
11802,Luxury Hotel,33.6539618,-117.86822735
11803,Asian,33.7581145333,-117.95670245
11804,Gas & Automotive,33.4523099088,-117.6089429855
11805,Pizza,33.78060925,-118.0303863333
11806,Dairy Queen,33.7807257667,-118.0297643167
11807,Drugstore & Pharmacy,33.7807346614,-118.0318200588
11808,Veterinarian,33.7811854167,-118.0313893167
11809,Sandwich Shop,33.456051576,-117.6044422388
11810,Stadium,33.4515897333,-117.59949005
11811,Victorian,33.8139049167,-118.2720947833
11812,Mall,33.8439720547,-118.2610201836
11813,Sushi,33.79628815,-118.1243120333
11814,Diner,33.7967846617,-118.124871254
11815,Sushi,33.6883441682,-117.8337657452
11816,Bar,34.0978761667,-118.3258533333
11817,Cineplex,34.0452290452,-118.4527114638
11818,Trader Joe's,34.1000250312,-118.3263587952
11819,Dive Bar,34.1018373724,-118.3259189129
11820,Theatre,38.1217260333,-122.2578541333
11821,Dive Bar,34.0451893833,-118.2563081667
11822,Bakery,33.898749653,-118.395102492
11823,Brewery / Microbrewery,33.9600655833,-118.41905135
11824,Dive Bar,34.0307144748,-118.4473615919
11825,Mexican,34.4433361333,-118.5107545667
11826,French,33.99702295,-118.43151275
11827,Farmers Market,32.75069585,-117.1487946333
11828,Farmers Market,32.7530545333,-117.14596985
11829,Grocery,32.823271543,-117.1837257541
11830,Trader Joe's,32.7978423789,-117.2482589922
11831,Health & Fitness,34.21947282,-119.15815937
11832,Starbucks,34.3948504667,-119.5130513833
11833,Other - Shopping,33.7325130792,-118.2770061493
11834,Corporate Office,34.0923488026,-118.3338153362
11835,Grocery,34.1442475064,-118.4131550789
11836,Grocery,33.0752971667,-117.2388744833
11837,Trader Joe's,34.1431975167,-118.3935457333
11838,Other - Food,34.1405069444,-118.3695316315
11839,American,34.144813571,-118.4091746807
11840,Apartment,34.1464984235,-118.4159848094
11841,Mexican,34.1435504646,-118.3973702788
11842,Other - Shopping,34.1876037332,-118.3974802494
11843,Theatre,34.1470289564,-118.4264856577
11844,Bank & Financial,34.1570955667,-118.4317346667
11845,Pub,34.0357578475,-118.2327890977
11846,Walmart,37.6984211667,-121.8872825
11847,Cineplex,37.7719489833,-122.4443599167
11848,Soul Food,37.7820172,-122.4858176833
11849,Grocery,37.7797651667,-122.4875405833
11850,Gym,37.7821500461,-122.4341695943
11851,Wine Bar,37.764134053,-122.463988578
11852,Train Station,39.32728885,-120.1859021167
11853,Grocery,37.6822337,-121.9050567333
11854,Technology,33.9288931191,-118.3990519486
11855,Health & Fitness,33.84643656,-118.39265102
11856,InterContinental Hotel,34.0540016634,-118.4122753143
11857,Corporate Office,33.9286195499,-118.3986469992
11858,Brewery / Microbrewery,33.8851127,-118.4098114167
11859,Gallery,37.3330295957,-122.0285705472
11860,Luxury Hotel,39.26713167,-120.1283097267
11861,American,38.3994939362,-122.3586577177
11862,Other - Food,38.40206075,-122.3611617
11863,Chalet,39.2756983167,-120.1222616833
11864,Dancefloor,34.101144423,-118.3256292343
11865,American,34.1303816833,-118.14733615
11866,American,34.18572135,-118.1311949333
11867,Historic Church,34.1410592,-118.1537486
11868,Other - Entertainment,34.0867013167,-118.3223511
11869,Dancefloor,34.0968739986,-118.3293253183
11870,Other - Entertainment,34.08607733,-118.321191665
11871,High School,37.5155874833,-122.2872272333
11872,Peet's Coffee,37.4688055833,-122.4326740667
11873,Starbucks,37.5113123,-122.2931072
11874,Starbucks,38.6420951167,-121.5324388
11875,Other - Shopping,38.6498905667,-121.1656102833
11876,Starbucks,38.6532037833,-121.12327375
11877,Starbucks,38.6724929871,-121.1630020156
11878,The Home Depot,38.6557611167,-121.1277226667
11879,Starbucks,38.6540728167,-121.1793997167
11880,Target,38.6707519752,-121.1519061024
11881,Burgers,38.6716373,-121.1700333
11882,Other - Food,37.3563067833,-122.0173629167
11883,Frozen Yogurt,37.3771727085,-122.0299315453
11884,Train Station,34.0951714833,-117.4383564833
11885,Other - Services,34.1003803953,-117.4372601509
11886,Seafood,36.6164396333,-121.8995431
11887,Frozen Yogurt,37.42392715,-122.1968394833
11888,Hospital,37.4385998255,-122.1766006353
11889,French,37.4390848,-122.15890815
11890,Coffee Shop,37.8509795666,-122.0340943336
11891,Mexican,37.68131,-121.7698117
11892,Coffee Shop,37.9016360491,-122.0618396849
11893,Health & Fitness,34.1725839667,-118.5607339167
11894,Bar,34.1863257355,-118.4126400948
11895,Sushi,38.5758676222,-121.4770973535
11896,Grocery,34.1815861667,-118.6088825333
11897,Trader Joe's,34.1930523167,-118.62596135
11898,Whole Foods,34.1707491944,-118.5408861923
11899,Street Fare,35.4024078,-119.4007873
11900,Grocery,38.5615582833,-121.33588995
11901,Condo,36.0580157407,-115.2815580368
11902,Library,36.1914968491,-115.3015726805
11903,High School,36.1721044779,-115.3365218639
11904,Grocery,36.05409005,-115.2805897333
11905,Old Navy,36.197930825,-115.2418704998
11906,Gym,36.11520403,-115.30706161
11907,Barnes & Noble,36.1578165333,-115.2894605333
11908,Ice Skating,36.1136307167,-115.2946336333
11909,Bakery,36.0819382058,-115.14396373
11910,Starbucks,36.0828871795,-115.1514816284
11911,Other - Food,36.0545861721,-115.2798146009
11912,American,36.0713424833,-115.1302127667
11913,Pool / Waterpark,36.1078461,-115.1775634289
11914,City Park,36.2411927111,-115.3095388412
11915,Sushi,33.9788065667,-118.4380511167
11916,Modern Hotel,37.403830487,-122.0242925177
11917,Rental Car,37.3727229667,-121.9289722333
11918,Sushi,37.28301155,-121.9495238167
11919,Other - Food,37.431719719,-122.201668806
11920,Ferry,37.79526685,-122.2796059833
11921,Apartment,36.0013058478,-115.1154112816
11922,Bank & Financial,36.02899955,-115.0854997333
11923,Other - Food,36.0297189333,-115.0855296667
11924,Sushi,32.8705842667,-117.2246599167
11925,Starbucks,34.0714913667,-117.2045182167
11926,Corporate Office,37.3205983167,-122.0319926
11927,Corporate Office,37.3221883974,-122.0306013678
11928,Gas & Automotive,37.29468485,-121.9327564
11929,Gas & Automotive,37.2946134833,-121.9322217667
11930,Tea Room,37.3223180333,-122.0168614333
11931,Other - Food,37.2900181465,-121.9912498528
11932,Old Navy,37.2935020167,-121.9882243667
11933,Mexican,37.2981234667,-121.95048605
11934,Apartment,37.3524713333,-121.8915559667
11935,Other - Shopping,37.2921214667,-121.9302490167
11936,Drugstore & Pharmacy,37.5801674667,-122.3334146167
11937,Other - Entertainment,37.2886504305,-121.9888401031
11938,Church,37.2799615,-121.9490077
11939,Asian,37.3227768667,-121.9939645167
11940,College,37.3912318228,-121.9821453094
11941,Mediterranean,37.3763983496,-121.9564819336
11942,American,37.3708819362,-121.9170427322
11943,Asian,37.3707331167,-121.9171876167
11944,Steakhouse,37.370964138,-121.9223639397
11945,Apartment,37.2968325,-121.94057637
11946,Diner,37.3162740997,-121.9317027895
11947,South American / Latin,37.3254989531,-121.9114637375
11948,Frat House,37.2878417413,-121.9472887331
11949,Salon & Barbershop,37.2873837333,-121.9401209667
11950,Bakery,37.3525552797,-121.9944179415
11951,Asian,37.3535105,-121.9949917167
11952,Starbucks,37.3001814021,-121.9505381584
11953,Mexican,37.3018349402,-121.9503584504
11954,Asian,36.1208928667,-115.1745586833
11955,AT&T,37.3226664051,-121.9949877262
11956,Mexican,37.3231382,-121.994382
11957,Bakery,37.3239786667,-121.9943604333
11958,Flower Shop,37.4541099333,-122.1829627
11959,Other - Food,37.3880011037,-121.9636166096
11960,Apartment,37.4541183333,-122.18305225
11961,Gate,37.6183276854,-122.385764122
11962,Italian,37.7625581824,-122.3970274823
11963,Asian,37.3518927167,-121.9695691
11964,Condo,37.77975368,-122.39626353
11965,Fine Dining,37.4547412333,-122.184139949
11966,Mexican,37.75536515,-122.41964055
11967,Steakhouse,36.055760619,-115.1715552807
11968,Gas & Automotive,36.0420550284,-115.1356458664
11969,Grocery,36.0419265,-115.15211343
11970,Starbucks,37.5947237784,-120.9928450601
11971,Corporate Office,37.5888900833,-120.9895470333
11972,Burgers,37.5943767,-120.9928600667
11973,Other - Architecture,37.7060939667,-121.0512404333
11974,Craftsman,36.094732,-115.1286647167
11975,Sushi,36.01163095,-115.1360753833
11976,Modern,36.3090301875,-115.2422368526
11977,Sports Bar,36.2744702,-115.2521376167
11978,Modern,36.3059037833,-115.2458060333
11979,Farm,36.3036185503,-115.2461636066
11980,Farm,36.305308342,-115.2514743805
11981,Technology,36.1785618373,-115.1758038998
11982,City Park,35.92941235,-115.0908821333
11983,Plaza / Square,35.9287077667,-115.09722165
11984,Frozen Yogurt,36.0176115333,-115.1178554167
11985,Technology,37.445172067,-122.161316867
11986,Grocery,36.2802809667,-115.2614475833
11987,Other - College & Education,36.1757732306,-115.3344082832
11988,Corporate Office,36.2227700689,-115.3282445669
11989,Starbucks,36.2185090667,-115.3248190667
11990,Walmart,36.2744836999,-115.2686371453
11991,Lowe's,36.302395463,-115.2852380276
11992,Other - Entertainment,36.06609165,-115.1347131667
11993,Home,36.0529197667,-115.1067636
11994,Corporate Office,37.4074288667,-122.0175910333
11995,American,35.99576495,-115.0972002667
11996,Theatre,36.12186944,-115.17630624
11997,Fine Dining,36.1227362462,-115.1687456092
11998,Bookstore,36.06011783,-115.03578776
11999,Grocery,36.1597306927,-115.3511537749
12000,Coffee Shop,36.0568588833,-115.2785157667
12001,Castle,37.76767055,-122.4361283333
12002,Luxury Hotel,39.2401468471,-119.9417734248
12003,24 Hour Fitness,37.7664023833,-122.4105815333
12004,Coffee Shop,37.7729185629,-122.4392390514
12005,Starbucks,34.1509902,-118.0024040333
12006,Modern Hotel,37.6302276,-122.41955475
12007,Corporate Office,37.321804675,-122.0269811153
12008,American,37.3037040333,-121.9789627
12009,Asian,37.8026653,-122.2751415167
12010,Vegetarian / Vegan,37.3358001662,-121.8904459476
12011,Coffee Shop,34.4150805333,-119.6942424667
12012,Historic Church,37.7750823833,-122.4522988833
12013,College,37.7255831009,-122.4509096146
12014,Gas & Automotive,37.8385015333,-122.2955075167
12015,Hospital,37.7738271279,-122.4534416199
12016,Hall,37.7787147333,-122.4485583333
12017,Modern Hotel,34.0467604048,-118.2586596199
12018,Breakfast,34.0470847037,-118.2619485715
12019,Bed & Breakfast,37.7750452333,-122.4026761333
12020,Starbucks,38.4954417333,-121.5211377333
12021,Starbucks,38.4558387538,-121.4035308599
12022,Salon & Barbershop,37.7659320253,-122.4309690432
12023,Pizza,37.781609388,-122.401887801
12024,Sushi,33.71429985,-116.2355715667
12025,Furniture,33.7081097,-116.2439833833
12026,Pizza,33.7150689167,-116.2346291833
12027,24 Hour Fitness,33.7375433,-116.21324715
12028,Target,33.7402328333,-116.2176639
12029,Grocery,33.7395962,-116.2136198667
12030,Pub,34.1663490167,-118.5912930333
12031,McDonald's,33.7402474333,-116.2162773333
12032,Toys & Games,33.7143191465,-116.2343208687
12033,Concert,33.68431605,-116.2393865833
12034,Home,37.3584096,-121.8314191
12035,Bus Station,37.3579376613,-121.83198452
12036,Home,37.3254992,-121.918585
12037,Ultra-lounge,37.3353618457,-121.8870505106
12038,Dive Bar,37.3311426,-121.8874354
12039,Corporate Office,37.3377493466,-121.8942975998
12040,Thrift Store,37.3401865333,-121.9135197833
12041,Sports Bar,37.3193536669,-121.8652055143
12042,Dive Bar,37.3372344821,-121.8885356659
12043,Apartment,37.4045413667,-121.9403670833
12044,Corporate Office,37.812883484,-121.99706318
12045,Contemporary Church,37.7036605785,-121.8106985092
12046,Corporate Office,37.8127506056,-121.9969940186
12047,Asian,32.80752068,-117.15588885
12048,Coffee Shop,37.7710951833,-122.43188195
12049,Health & Fitness,34.0990119667,-118.3326889
12050,Discount Store,34.1060784167,-117.67901335
12051,Craftsman,34.113962982,-117.665687841
12052,College,34.0473749,-117.8441770167
12053,Mexican,37.6018562833,-122.0670111
12054,BBQ,37.6000094167,-122.0675188167
12055,Sports & Outdoors,38.1998357,-121.2644394333
12056,Bakery,37.5051907,-121.9727241
12057,Hospital,37.8245575,-122.2565571
12058,Rental Car,33.9551634333,-118.3768614
12059,Technology,37.620949931,-122.389938782
12060,Coffee Shop,37.1289298167,-121.6530879
12061,Sushi,37.30907398,-121.94983273
12062,Church,33.88946115,-117.8890969
12063,Administration,34.1332825333,-117.9011993
12064,Sandwich Shop,34.1059564667,-117.8226040333
12065,Wings,37.6365881843,-122.4188840389
12066,Mexican,37.7789675037,-122.3906844634
12067,Steakhouse,37.6656834,-122.4673018167
12068,Brewery / Microbrewery,39.5253013701,-119.8142636329
12069,Historic Landmark,39.5281052654,-119.813670516
12070,Pub,39.5248122,-119.8161684
12071,Whole Foods,39.4693578726,-119.7856197685
12072,Live Music,32.5888289,-117.0073596
12073,Technology,37.4478643,-122.1581408
12074,City Park,37.44961205,-122.1644636333
12075,Fountain,37.44672954,-122.15987098
12076,Corporate Office,37.4429251167,-122.16148595
12077,Gap,37.4428713,-122.169967764
12078,Men's Apparel,37.4433792667,-122.1716498
12079,Medical School,37.4330989,-122.176687
12080,Corporate Office,37.4271482074,-122.0720261335
12081,Convention Center,37.6473945186,-122.4047327042
12082,Coffee Shop,37.7582129775,-122.4213624001
12083,Other - Food,37.7656173706,-122.4095230103
12084,Mexican,37.755888808,-122.4188625813
12085,French,37.754750119,-122.420636665
12086,Bakery,37.75140035,-122.4277493833
12087,Mediterranean,37.7552441349,-122.4234008789
12088,Other - Food,37.7571781373,-122.4213409424
12089,Coffee Shop,34.0039398847,-118.4083646536
12090,Asian,34.0171618167,-118.40824375
12091,Sandwich Shop,34.02720755,-118.3933070167
12092,Dive Bar,34.0164852833,-118.4117724167
12093,Apparel,34.0724447667,-118.3587775333
12094,Asian,34.022742,-118.4006805333
12095,Breakfast,34.0470502198,-118.2600438595
12096,Mexican,34.017526905,-118.4084558487
12097,BBQ,34.0165652167,-118.4063516833
12098,Temple,33.9594505921,-118.4320378304
12099,High School,33.8446849248,-118.0738019943
12100,Corporate Office,34.015448194,-118.4972959757
12101,Women's Apparel,34.0157656781,-118.4960429104
12102,Burgers,33.9775533,-118.4381804
12103,Salon & Barbershop,34.06750469,-117.9644408593
12104,Coffee Shop,33.9976696549,-118.4607856403
12105,Apartment,34.0582380333,-118.0473777333
12106,Apartment,33.845023536,-118.0683302879
12107,Discount Store,33.9966255333,-118.4360734333
12108,Library,33.970680202,-118.4193563461
12109,Basketball Court,34.0384890272,-118.4535598755
12110,Walmart,33.8718977333,-118.06135755
12111,Sports & Outdoors,34.0431048671,-118.2657163908
12112,Starbucks,37.4331329,-122.1283716833
12113,Other - College & Education,37.3042917252,-121.9586545229
12114,Playground,37.7599687167,-122.4228812833
12115,Costco,35.2512524333,-120.6898279667
12116,Apartment,37.769315457,-122.4448412683
12117,Bar,37.7832885852,-122.4326942124
12118,Casino,33.36324751,-117.08428686
12119,Mall,34.07406675,-118.3235796
12120,Coffee Shop,34.0776880378,-118.3245724795
12121,Condo,37.7961188601,-122.2722637653
12122,Craftsman,37.35056665,-121.8798294667
12123,Coffee Shop,37.775243528,-122.4104131262
12124,Health & Fitness,37.7682419171,-122.428077692
12125,Theatre,33.99803815,-118.47873285
12126,Mexican,34.1728545865,-118.5601710353
12127,Starbucks,34.4240649667,-119.7057199833
12128,Technology,37.5108760973,-122.2050811839
12129,Health & Fitness,37.7983781829,-122.2570958734
12130,Gate,37.613109576,-122.3894655704
12131,Other - Services,35.3789913654,-119.0104079247
12132,Chick-fil-A,35.3547969667,-119.0603376833
12133,Modern Hotel,34.1366673333,-118.3584112
12134,Grocery,33.9220404973,-118.3956027031
12135,Pizza,34.0979657667,-118.3192387833
12136,Apartment,32.7977735,-117.013272283
12137,College,32.822132156,-117.132969304
12138,Italian,37.5311157,-121.9991946333
12139,Mexican,37.5543759167,-121.9805184167
12140,Basketball Court,37.6999355833,-121.91835065
12141,Mall,37.7836408667,-122.2725656333
12142,Grocery,37.7836181475,-122.2741422207
12143,High School,37.8928875,-122.1501238
12144,Pizza,37.8332172596,-122.2807824612
12145,Bakery,33.69770995,-117.7413364
12146,24 Hour Fitness,33.6721577937,-117.6637995243
12147,Mexican,33.87241315,-117.7362102833
12148,Bakery,33.8515842,-117.7883731
12149,Mexican,33.6623160667,-117.6678305167
12150,Pizza,33.6713095544,-117.6530063152
12151,Walmart,33.9183933333,-118.0828579833
12152,Hospital,34.0488351227,-117.2655928037
12153,Health & Fitness,33.8286072,-118.34671688
12154,Church,33.4912841333,-117.1430945167
12155,Starbucks,32.9510602401,-117.0669979012
12156,Starbucks,33.5560169333,-117.1860669667
12157,The Home Depot,33.8033108012,-118.3297383785
12158,Other - Entertainment,34.098278779,-118.3222692041
12159,Other - Food,34.097896,-118.3258005167
12160,Bank & Financial,37.3360269667,-121.8908787667
12161,Sculpture,37.3351390542,-121.8929135799
12162,Sandwich Shop,37.33738685,-121.8939262333
12163,Starbucks,38.3623695833,-122.6927729333
12164,Best Buy,38.41949385,-122.7098549
12165,Apple Store,38.4384557667,-122.7162003167
12166,Peet's Coffee,38.4654183,-122.7189798833
12167,Corporate Office,33.6503974833,-117.7175069167
12168,Modern Hotel,33.62909466,-117.71713197
12169,American,37.3317357333,-121.9113965167
12170,Grocery,36.6175642333,-121.9034695167
12171,City Park,36.62620245,-121.9161593
12172,Historic Church,37.7443882167,-122.4268908167
12173,Corporate Office,36.673917067,-121.764203833
12174,Theatre,38.3476714667,-122.7224767833
12175,American,34.0905217333,-118.6046884833
12176,Mexican,34.0577616057,-118.237695694
12177,Modern,33.857762317,-117.939584283
12178,Bakery,37.3405825333,-121.9043060333
12179,Mall,37.5123369167,-122.29269925
12180,Grocery,37.5206859,-122.3377593333
12181,Mexican,37.5116896114,-122.2938149054
12182,Bakery,37.51145705,-122.2931549
12183,Whole Foods,37.482463,-122.231642
12184,24 Hour Fitness,37.5621531667,-122.3251883667
12185,Gas & Automotive,37.5120684167,-122.29383435
12186,The Home Depot,37.6759163,-122.4675939333
12187,Coffee Shop,37.5652774333,-122.32273365
12188,Starbucks,37.5211058333,-122.3371656167
12189,Asian,37.3379891333,-122.0157956167
12190,Peet's Coffee,37.8986259667,-122.3020496333
12191,Asian,37.7806620518,-122.4747812748
12192,Sports & Outdoors,37.8276936983,-122.2827415428
12193,Pub,37.8708429833,-122.2928008167
12194,Steakhouse,37.2262639558,-121.9816735719
12195,Karaoke,37.3485863705,-121.8953060339
12196,Pub,37.8923547833,-122.2996291667
12197,Corporate Office,34.1095046328,-117.8260518618
12198,24 Hour Fitness,34.1165768667,-117.83445855
12199,Asian,34.1199955167,-118.1500889
12200,Sushi,34.1894947333,-118.3196885667
12201,Asian Food,34.0943531167,-118.12648765
12202,Asian Food,34.04977585,-118.2404883
12203,BBQ,34.0631086,-118.3065743833
12204,Seafood,34.0951719667,-118.1277969167
12205,Asian Food,37.7820154667,-122.4174992
12206,Pizza,35.2796412,-120.6618574333
12207,Asian,37.6826011167,-122.4873168833
12208,City Park,37.7705495,-122.4893583
12209,BBQ,37.4617763833,-122.1598499167
12210,Apartment,37.377236827,-122.0289570972
12211,Corporate Office,37.38212776,-121.97762256
12212,Mexican,37.4286851833,-121.9192948
12213,Starbucks,36.0809969488,-115.1468467712
12214,Holiday Inn,37.7779106964,-122.4145209536
12215,Corporate Office,37.3321065195,-122.031305971
12216,Health & Fitness,37.4819093,-122.1820223
12217,Asian,34.0560668707,-118.309417963
12218,American,33.89962285,-118.3940538
12219,Starbucks,33.9191128333,-118.4134133167
12220,Pizza,38.5983954167,-121.4509542333
12221,Frozen Yogurt,38.571622432,-121.4881789684
12222,BBQ,38.5827025,-121.48458655
12223,Historic Landmark,36.6036695833,-121.8932981
12224,Seafood,36.6042273833,-121.8926629833
12225,Casino,39.5108551824,-119.9642885899
12226,Sushi,38.5440152,-121.7394666167
12227,Hardware Store,37.7435211514,-122.4211808929
12228,Plaza / Square,37.80395935,-122.27248015
12229,Condo,38.0127931,-122.2853623333
12230,Health & Fitness,38.0183892,-122.2731436833
12231,Health & Fitness,37.8905614268,-122.1494936943
12232,Italian,37.8198286167,-121.9964582167
12233,Wine & Spirits,37.7959832137,-122.2787225246
12234,Luxury Hotel,33.9841676333,-118.4500916833
12235,Coffee Shop,32.8910516167,-117.2019076167
12236,Ice Skating,37.4824028415,-122.2000750958
12237,Seafood,32.708561845,-117.1685349941
12238,Brewery / Microbrewery,32.6979648333,-117.17340735
12239,Modern Hotel,37.6731113,-122.3870871
12240,Fine Dining,37.6761102676,-122.3875129223
12241,Lowe's,37.3818011759,-122.0121649113
12242,Pub,38.2348766973,-122.6421511173
12243,Seafood,37.4955647333,-122.4624475833
12244,Bus Station,37.812233083,-121.99179875
12245,Pizza,34.1530129167,-118.4628433
12246,Bakery,34.0745125333,-118.3762559
12247,Corporate Office,34.15921255,-118.3303922833
12248,Other - Shopping,34.0242206833,-118.2844151833
12249,Sandwich Shop,34.0720977333,-118.36019545
12250,Coffee Shop,33.9153196,-117.3219083
12251,Bar,34.1236953735,-118.2681350708
12252,Bakery,33.9564390833,-117.33052
12253,American,33.9902042833,-118.4640003167
12254,Starbucks,34.0608387,-117.1826769833
12255,Starbucks,33.9760026752,-117.3368377565
12256,In-N-Out Burger,32.7443012333,-117.0430935167
12257,Starbucks,37.5627886695,-122.3240764035
12258,Condo,37.5610242764,-122.3195074195
12259,Library,37.5625921833,-122.3271862667
12260,Other - College & Education,37.4265951833,-122.1237022833
12261,Sushi,37.56336265,-122.3236933833
12262,Beach,37.4667764667,-122.44554455
12263,Sculpture,37.5627354,-122.322397467
12264,Other - College & Education,37.539617765,-122.309128046
12265,Gate,37.6146733475,-122.3827064037
12266,Vineyard,38.3674616833,-122.2946402167
12267,Diner,32.7414161167,-117.2098849
12268,Craftsman,32.9123061,-117.1376312167
12269,Sandwich Shop,32.9159359511,-117.1219933033
12270,Corporate Office,36.14440876,-115.18936359
12271,Bar,38.2337748209,-122.6407429576
12272,Apartment,37.8282722316,-122.2675923935
12273,Health & Fitness,37.7651880833,-122.42019
12274,Apartment,37.4181246758,-121.9028753042
12275,Craftsman,37.5696748495,-122.0677292347
12276,Sushi,37.4238904333,-121.918342
12277,Target,37.606786695,-122.0626224146
12278,Candlewood Suites,33.66184255,-117.7702048333
12279,Church,33.835820833,-118.075157967
12280,Other - Food,37.4198845077,-122.0834362507
12281,Corporate Office,34.17967262,-118.539433675
12282,Sandwich Shop,35.1199261223,-120.6090688705
12283,Resort,34.4346465235,-119.9205565453
12284,In-N-Out Burger,34.9373820833,-120.4189463667
12285,Trader Joe's,34.4407597,-119.8251967167
12286,Trader Joe's,34.43915015,-119.7291396167
12287,Resort,34.4651075271,-120.0225234032
12288,Chipotle,35.2801044667,-120.6624670667
12289,Historic Landmark,39.462834,-120.004769
12290,Sculpture,36.61606725,-121.9001436667
12291,Vineyard,38.25559025,-122.3510680833
12292,Performing Arts,37.2436479333,-122.03084815
12293,Aquatics,37.341813883,-121.97332975
12294,Gas & Automotive,37.35713885,-121.9373788333
12295,McDonald's,37.3569228313,-121.9366014004
12296,Corporate Office,37.3706321167,-121.9640707833
12297,Craftsman,35.1493773667,-120.64050725
12298,Dessert,34.42835915,-119.7167590167
12299,Other - Art & Culture,37.7802143167,-122.4117429667
12300,Grocery,38.2916188,-122.4671918667
12301,Asian,37.3356514,-122.0154945167
12302,Seafood,36.6224864667,-121.9209260833
12303,Mexican,34.0041192167,-117.0631137167
12304,Contemporary Church,34.0010739833,-117.0605264833
12305,Starbucks,34.0349042416,-117.071455121
12306,Gas & Automotive,34.02861285,-117.11877735
12307,Church,32.82096186,-117.09899276
12308,College,32.81275624,-117.00593388
12309,Other - Travel & Lodging,37.7663795167,-122.4187049667
12310,Health & Fitness,37.7610315,-122.4361913833
12311,Fine Dining,37.7829176076,-122.4078333378
12312,Technology,37.7807505333,-122.39391115
12313,Gas & Automotive,37.9088012446,-122.0619288637
12314,Pub,38.01078245,-121.80858155
12315,Starbucks,38.0038724667,-121.80616715
12316,Corporate Office,37.5635820667,-122.32450205
12317,Pizza,37.3517493167,-122.02970695
12318,Corporate Office,37.53235805,-122.2641716
12319,Luxury Hotel,33.1312373833,-117.3088303667
12320,Warehouse & Industrial,34.0884035311,-117.5711820413
12321,Victorian,34.1176581736,-117.5476062298
12322,American,34.0669963117,-117.5796961784
12323,Casino,34.1503741225,-117.2291851044
12324,Vineyard,38.5079978,-122.9651888833
12325,Sushi,32.752077,-117.1953865
12326,Contemporary Church,32.7617093312,-117.1349966526
12327,Sandwich Shop,32.7524989167,-117.1962710333
12328,Corporate Office,32.7531453833,-117.1981089167
12329,Other - Food,32.7613247833,-117.0645179833
12330,Starbucks,37.47722155,-122.2232493
12331,Mediterranean,37.5784655667,-122.3476866833
12332,Mediterranean,37.7745417833,-122.4374778
12333,Dancefloor,37.7752888536,-122.4104268228
12334,Gas & Automotive,37.49251205,-122.2425642667
12335,Other - Travel & Lodging,42.0054276882,-122.6156616211
12336,Condo,37.29262365,-121.9455737
12337,Church,37.2874603271,-121.9524612427
12338,Condo,37.2931455,-121.9452631333
12339,Doctor's Office,37.3182596667,-121.9084445
12340,Corporate Office,37.390385,-122.037925
12341,Theatre,37.3589013107,-122.0254576206
12342,Frozen Yogurt,37.3679897333,-122.0364567333
12343,Other - Medical,37.3768948301,-122.0289328365
12344,Vegetarian / Vegan,34.0598668029,-118.4461981482
12345,Light Rail,34.1475426333,-118.1479167167
12346,Hall,34.0719586,-118.44279086
12347,Apartment,34.1543678167,-118.1458628
12348,Home,37.4070525169,-121.9387954473
12349,Gas & Automotive,37.3883561667,-121.8832380167
12350,Racetrack,33.1275569,-117.3128930833
12351,Walgreens,37.75084955,-122.4340726
12352,Breakfast,37.6880401144,-122.4715733528
12353,Other - Food,37.6715544099,-122.4699801207
12354,Breakfast,37.6454236692,-122.4057197571
12355,American,37.5603475667,-122.2834355333
12356,Starbucks,36.04138775,-115.1716767667
12357,Other - Food,37.7832345,-122.4068925333
12358,Mexican,36.04117285,-115.0998624333
12359,Gas & Automotive,36.0476344167,-115.0199366333
12360,Apartment,36.0534794109,-115.0443005562
12361,Apartment,36.043196299,-115.049673766
12362,Police Station,37.7632214667,-122.4221101167
12363,Gallery,37.7748879167,-122.41190085
12364,Corporate Office,37.8398734333,-122.2893849333
12365,Corporate Office,37.8395214913,-122.29077166
12366,Lab,37.77957314,-122.40807884
12367,Light Rail,37.7642810167,-122.4643734667
12368,Light Rail,37.7654544833,-122.4528543667
12369,Corporate Office,37.7591390333,-122.3883943
12370,Other - Art & Culture,37.7571947239,-122.3871621845
12371,Sandwich Shop,37.7594592667,-122.3880625167
12372,Fine Dining,38.4013323,-122.3617230833
12373,Dive Bar,34.12419115,-118.2665369
12374,Other - Art & Culture,34.0577193758,-118.4129605742
12375,Stadium,38.4735794067,-122.7344589233
12376,Starbucks,37.4701236667,-122.4349136167
12377,Apartment,34.1156923771,-118.1751358509
12378,Asian,34.0925234556,-118.1456744671
12379,Other - College & Education,34.15018975,-118.086373
12380,Home,34.1754573584,-118.1445103884
12381,Live Music,34.0907745361,-118.3308639526
12382,Mexican,34.1144900833,-118.18254655
12383,Health & Fitness,37.4174336344,-122.025039762
12384,City Park,37.7581422333,-122.4040159667
12385,Indian,37.77232045,-122.42889345
12386,Indian,37.7390141365,-122.4137278722
12387,Health & Fitness,37.7816476167,-122.4466002167
12388,Steakhouse,34.0687323968,-118.3989060533
12389,Italian,34.0804264167,-118.38540635
12390,Technology,37.7366157,-122.47019395
12391,Coffee Shop,37.7376682167,-122.4695522
12392,Apartment,37.3973701,-122.0869469667
12393,Corporate Office,37.4208144232,-122.2093814754
12394,Corporate Office,37.4467335515,-122.1614087157
12395,Science Museum,37.7643453808,-122.4381744862
12396,Dog Park,37.7637058496,-122.4379438162
12397,Craftsman,37.764698267,-122.4418008327
12398,The Home Depot,37.7742375607,-121.9838125161
12399,Asian,37.74330915,-122.4287202
12400,Modern,36.1593166984,-115.3573787212
12401,Asian,37.7998388333,-122.2520541
12402,Mexican,37.8439358833,-122.2518252
12403,Other - Entertainment,37.7636642271,-122.4164428547
12404,Asian,37.836725259,-122.2511708736
12405,Bakery,37.8476808333,-122.2721749833
12406,Farmers Market,37.8109565112,-122.2477035561
12407,Mexican,37.79887095,-122.2565827167
12408,Sushi,37.8133007667,-122.24650135
12409,Pizza,37.8128507597,-122.2468596806
12410,Pub,37.7936826,-122.2746617167
12411,American,37.9299545167,-122.5133514333
12412,Coffee Shop,37.7742413667,-122.4442890667
12413,Other - Parks,37.7716643333,-122.4547044
12414,Furniture,37.7751266956,-122.4449658394
12415,Whole Foods,34.02196455,-118.4372934833
12416,Wine Bar,34.0470494471,-118.2490668226
12417,Live Music,34.0487376167,-118.2338096
12418,American,34.0463702333,-118.4340669167
12419,Cineplex,34.0964924,-118.127674
12420,Disc Golf Course,37.7711144167,-122.4865754167
12421,Other - Travel & Lodging,37.7765144522,-122.4196886106
12422,Other - College & Education,38.07661165,-122.5696557333
12423,Church,38.0811610026,-122.5575220585
12424,Trade/Tech School,38.3313261662,-122.7156329155
12425,Bus Station,38.0491042167,-122.5322478333
12426,Bus Station,37.9713394333,-122.5229767
12427,Diner,34.18691025,-118.3166006333
12428,Other - College & Education,34.0234622471,-118.2860607648
12429,French,33.8854955167,-118.4099058
12430,Contemporary Church,37.7625977833,-122.4231266667
12431,Other - Architecture,37.7334508,-122.4903925
12432,Library,37.6971666004,-122.4850165844
12433,Health & Fitness,34.0975518833,-118.3654388
12434,South American / Latin,34.0837088,-118.3472650333
12435,Asian Food,37.35206225,-121.989161
12436,Gas & Automotive,37.3236306,-121.9889362333
12437,Farmers Market,34.0750660333,-118.3238828667
12438,Sandwich Shop,34.1017088833,-118.3432784667
12439,Sandwich Shop,34.0751609795,-118.3236478528
12440,Bank & Financial,34.0737332144,-118.3229876989
12441,Italian,34.0740323,-118.3237195
12442,Pub,34.0008748333,-118.4824774
12443,Modern,34.0976014,-118.0290085833
12444,Bank & Financial,34.14785003,-118.13246876
12445,Apartment,34.1377712667,-118.1435574333
12446,American,33.8106556333,-116.5448015333
12447,Other - Medical,33.8163666,-116.5135711333
12448,Health & Fitness,33.8163146973,-116.5021362305
12449,Ultra-lounge,33.7940975054,-116.5430158833
12450,Dog Park,33.8249629634,-116.5119034052
12451,Mexican,33.8234121057,-116.527723074
12452,The Home Depot,33.81854165,-116.4900714
12453,Nature Preserve,33.7665814159,-116.5390205383
12454,Walmart,33.8139132661,-116.4876237077
12455,Bakery,33.8164507251,-116.492382288
12456,Mexican,33.8164640958,-116.5098810196
12457,Gas & Automotive,33.8009064667,-116.52701045
12458,Nike,33.92653375,-116.8122247333
12459,Health & Fitness,33.7937910667,-116.5435283833
12460,Starbucks,34.0725137167,-117.8822911
12461,Lab,37.3609159167,-122.1282918667
12462,Asian,37.3529326667,-121.9768102167
12463,Other - Food,37.3504202667,-121.8940641833
12464,Asian Food,37.4282893984,-122.1431382425
12465,Sushi,37.7657037159,-122.4502634202
12466,Discount Store,34.0736261921,-117.5602447987
12467,Corporate Office,37.5442885078,-122.3059710833
12468,Steakhouse,37.4174823833,-121.8992537333
12469,Trade/Tech School,37.7626812333,-122.4104404333
12470,Modern,35.97942582,-115.12461745
12471,Corporate Office,36.0700085,-115.14972414
12472,Coffee Shop,36.0350126364,-115.13582021
12473,Starbucks,36.0129314661,-114.9642419815
12474,Breakfast,36.61804045,-121.9041260667
12475,Indian,37.771530838,-122.4304123877
12476,Duplex,37.8155734,-122.2606192167
12477,Mexican,37.9709323838,-122.5326073233
12478,Cineplex,37.843503529,-122.2942364216
12479,Lowe's,37.6409602333,-122.42082365
12480,Resort,39.3421969989,-120.2110505104
12481,Dive Bar,37.7755477385,-122.3975812344
12482,Other - Parks,34.1036852099,-118.2141673565
12483,Gas & Automotive,34.095956006,-118.2077407837
12484,Starbucks,36.14405215,-115.2967002833
12485,City Park,37.7589509284,-122.4049043655
12486,Lowe's,37.65828985,-122.40411615
12487,Corporate Office,37.55338985,-122.3004206667
12488,Health & Fitness,32.7437949667,-117.1993839333
12489,Canal / Waterway,33.12862285,-117.3129324833
12490,Theme Park,33.1288787167,-117.3100226333
12491,Asian,33.66906675,-117.7648319167
12492,Modern,38.2912220677,-122.309580226
12493,Hall,38.3286920333,-122.311003
12494,Health & Fitness,38.2928809167,-122.3002435167
12495,Other - Travel & Lodging,37.7816439949,-122.3892156344
12496,Administration,33.7673958167,-117.8685086167
12497,Mexican,33.7248196871,-118.0785101685
12498,Health & Fitness,37.6706792833,-120.9906703
12499,Other - Services,37.6590253833,-120.9495254667
12500,Brewery / Microbrewery,37.6871673667,-121.05275285
12501,Church,37.6975424333,-121.0105512333
12502,Pizza,34.0247846,-118.49104195
12503,Breakfast,33.8997473667,-118.4174449167
12504,Condo,32.71833622,-117.15582498
12505,Technology,32.7488156978,-117.1548932791
12506,Corporate Office,33.8766666667,-118.1608333333
12507,Gas & Automotive,33.8749045667,-118.1603085333
12508,Gas & Automotive,33.8745104333,-118.15961685
12509,Gas & Automotive,33.8743817167,-118.1508648667
12510,American,33.8747773333,-118.15750425
12511,Other - Services,33.868229,-118.1582331
12512,Bridge,34.0541861,-118.2255519333
12513,Sushi,33.8332296247,-118.3475390101
12514,Craftsman,38.5686203,-121.4763598333
12515,Warehouse & Industrial,38.5861120388,-121.4828958347
12516,Grocery,38.4097288833,-121.4203133
12517,Grocery,38.65708345,-121.5249654167
12518,Apartment,34.1772073781,-118.404823177
12519,The Home Depot,34.2198305383,-118.5939570083
12520,Craftsman,36.8221905167,-119.6658685167
12521,Cineplex,36.80753356,-119.69038522
12522,Chipotle,36.80822965,-119.6936971333
12523,Coffee Bean and Tea Leaf,34.0176780451,-118.3994833891
12524,Stadium,34.0212750738,-118.2798991438
12525,Men's Apparel,34.0837936178,-118.3631975426
12526,Asian,36.8080916,-119.8517133333
12527,Asian,36.8224343167,-119.8281624833
12528,Costco,36.81050095,-119.8740046333
12529,Frozen Yogurt,33.9821022667,-117.7056632167
12530,Modern Hotel,34.100771294,-118.3254683018
12531,Bookstore,34.1650135667,-118.3253098
12532,Mall,34.1841089167,-118.3124065833
12533,AMC Theatre,37.3262667941,-121.8146252632
12534,Corporate Office,34.1439482833,-118.3409558333
12535,Asian,32.8283133167,-117.1536680167
12536,Plaza / Square,32.6152968407,-117.0243769884
12537,Starbucks,32.6148835167,-117.0264448167
12538,Corporate Office,32.8515297174,-117.1814364195
12539,24 Hour Fitness,32.7038365602,-117.104049325
12540,Post Office,33.76942175,-118.3651839
12541,Other - Travel & Lodging,33.7911048,-118.3329320333
12542,American,34.1070303333,-118.2871701833
12543,Coffee Shop,34.0834923685,-118.346099551
12544,Trader Joe's,34.0975518833,-118.3654388
12545,Starbucks,32.95533205,-117.0394515667
12546,Fine Dining,33.7420699667,-116.40677975
12547,Castle,33.591841538,-117.099329822
12548,Mall,33.8125820562,-117.5065684319
12549,Asian,33.6825415194,-117.8833137459
12550,Mexican,32.8173234667,-117.15448275
12551,Mediterranean,32.92051355,-117.2142890167
12552,Health & Fitness,32.7823329833,-117.2063468667
12553,Asian Food,32.9388273667,-117.2305431667
12554,Mexican,32.6825813333,-117.1786023333
12555,Castle,36.0156707942,-114.9620361262
12556,Best Buy,36.06423885,-115.0379923167
12557,Grocery,37.7422731833,-122.4265482333
12558,Walgreens,37.7424416667,-122.4220268833
12559,Asian,36.8094982167,-119.8278337
12560,Target,36.8386160479,-119.7287966916
12561,Asian,36.8352215696,-119.7899951855
12562,Toys & Games,34.0391354667,-118.4425585833
12563,Bar,32.8149006,-117.1517501333
12564,Subway,32.7088221167,-117.0110684
12565,Burgers,32.7144714333,-117.0119533
12566,Mexican,32.7085068,-117.0114306
12567,Mall,32.9527157333,-117.2323554667
12568,Health & Fitness,32.7960047667,-116.9644817167
12569,Tobacco & Cigars,32.7651690167,-117.0194274333
12570,Bakery,32.7464086333,-117.1603466
12571,Place of Worship,37.545556426,-121.9651991129
12572,Craftsman,37.6956099272,-122.1592193842
12573,Corporate Office,37.72775352,-122.2415792942
12574,24 Hour Fitness,37.6991954991,-122.1291947365
12575,Other - Parks,33.5112716086,-117.718462944
12576,Technology,33.5653534778,-117.7243142671
12577,McDonald's,32.6773144167,-117.0829893833
12578,Grocery,32.7496894167,-117.15471575
12579,Bank & Financial,33.87799447,-117.58395762
12580,Italian,33.9096906062,-117.4594510183
12581,Mexican,34.1013576388,-118.3411002159
12582,Castle,35.9350883961,-115.1080834866
12583,Hospital,36.0045519765,-115.1153576374
12584,Sandwich Shop,37.8434157333,-122.2904062167
12585,Asian,37.5783372636,-122.3489396892
12586,Skyscraper,37.84013355,-122.2198258667
12587,Grocery,37.5762834551,-122.3478537798
12588,Peet's Coffee,37.8262496833,-122.2089553167
12589,Beach,33.1036325598,-117.3189684248
12590,City Park,37.25810495,-121.8652321833
12591,Other - Food,37.2513739333,-121.8775606155
12592,Bookstore,37.2508198999,-121.8614065833
12593,Pizza,37.2511556667,-121.8620054167
12594,Hospital,37.7624966667,-122.2543455667
12595,City Park,37.7681381833,-122.2785481833
12596,Beach,37.7661010375,-122.2726821899
12597,Seafood,37.3065520676,-121.8118051961
12598,Train Station,37.88040925,-122.2229960333
12599,Church,37.7658707667,-122.25448105
12600,Asian,37.79789405,-122.2560143667
12601,Italian,37.2512234478,-121.8650425322
12602,Corporate Office,37.7594529364,-121.9554968472
12603,Dessert,36.1091534596,-115.1724635971
12604,Grocery,37.6816999833,-122.4877524333
12605,Other - Food,37.6711425389,-122.4702242017
12606,Sandwich Shop,37.5992274284,-122.0691776276
12607,Drugstore & Pharmacy,37.6013088226,-122.0820361376
12608,Italian,37.6479335971,-122.1070475136
12609,Other - Services,37.7996862333,-122.2503362667
12610,American,37.7991199718,-122.2513318062
12611,Discount Store,37.7818391,-122.2343290167
12612,Bank & Financial,37.800389583,-122.2652794
12613,Corporate Office,36.0602621246,-115.1538419724
12614,Peet's Coffee,34.090623485,-118.3843571634
12615,Condo,34.091540273,-118.385735067
12616,Coffee Bean and Tea Leaf,34.0867381177,-118.3812972205
12617,Mexican,38.3224758333,-122.3052578333
12618,American,38.2976329704,-122.2886880816
12619,Zoo,38.2778852331,-122.2903290902
12620,Toys & Games,36.18581485,-115.3124485667
12621,Sandwich Shop,36.18344975,-115.3097667333
12622,Starbucks,36.1598281667,-115.2877364833
12623,Toys & Games,36.1606138945,-115.2446830273
12624,Gas & Automotive,36.1833890167,-115.3098397333
12625,Other - Nightlife,34.0424800847,-118.2559077122
12626,Grocery,34.1743100167,-118.2928526167
12627,Bank & Financial,34.17982433,-118.3087861
12628,Starbucks,34.4062805167,-118.4659347282
12629,Grocery,34.0317078167,-117.9132584
12630,Doughnuts,34.184839617,-118.33894195
12631,University,32.8780734433,-117.2346782684
12632,24 Hour Fitness,33.8553817169,-117.9191404581
12633,Stadium,33.8831891667,-117.8866603333
12634,Asian Food,33.9759232768,-117.3416499425
12635,Cineplex,33.9559667833,-117.3900578
12636,Starbucks,33.8469642333,-117.9895642833
12637,Dessert,32.79908555,-117.23797941
12638,Wine Bar,32.7091034972,-117.1575272083
12639,Mexican,32.7524361,-117.19714134
12640,Pizza,34.2674167108,-119.2470680272
12641,Other - College & Education,34.2783088667,-119.2808077333
12642,Mexican,34.2762680054,-119.2260127051
12643,Target,34.2708184333,-119.2490939167
12644,Apartment,34.1020968833,-118.35906135
12645,Dessert,36.1086695486,-115.1758682728
12646,24 Hour Fitness,33.9238299339,-118.3252108097
12647,Other - College & Education,34.1648119,-118.3595084333
12648,Toys & Games,34.1801241526,-118.3209067362
12649,Food & Foodies,34.1843770103,-118.3386992193
12650,French,34.1017227173,-118.3261413574
12651,Grocery,34.1548533833,-118.34651345
12652,Mexican,34.0596472333,-118.3454962833
12653,French,34.1055447,-118.3183189833
12654,Mexican,32.89082395,-117.20208805
12655,Bowling,32.65223723,-116.95302575
12656,Bakery,34.042127371,-118.2627070713
12657,Condo,34.0423222569,-118.2659604845
12658,Corporate Office,34.0231023592,-118.4934517408
12659,Condo,34.0421874262,-118.2642924786
12660,Regional / State Park,37.8988228167,-122.3247221167
12661,Other - Food,38.2937081667,-122.45726915
12662,Bank & Financial,34.2770812667,-119.2652631
12663,Starbucks,34.2632369943,-119.2694015537
12664,Sports & Outdoors,37.6685863393,-122.4676680565
12665,Summit,39.2410612,-120.1401114333
12666,Pan Pacific,37.8694201,-122.3007445333
12667,Lifthouse,38.683361,-120.0677883
12668,McDonald's,37.72360455,-122.4554120833
12669,Casino,39.5276708116,-119.8128712177
12670,Coffee Shop,37.868130477,-122.2930850162
12671,Salon & Barbershop,33.9528501,-118.3679223
12672,Sushi,34.0442666892,-118.2648154275
12673,Modern Hotel,33.9478723981,-118.385206461
12674,Pet Store,33.9061693926,-118.394505358
12675,Other - Food,34.06948745,-117.92624045
12676,Breakfast,34.1870123148,-118.3170890808
12677,Luxury Hotel,34.1553568833,-118.345594
12678,Dentist,34.1863351138,-118.3170926755
12679,Gas & Automotive,34.1864842167,-118.3164877833
12680,Mediterranean,34.1866709,-118.41432985
12681,Middle Eastern,34.1864361333,-118.41462655
12682,McDonald's,34.1868643833,-118.4145362833
12683,BBQ,34.18649625,-118.41349196
12684,Pizza,34.1870202054,-118.4130960703
12685,Indian,34.1873666167,-118.4132357167
12686,Bank & Financial,34.1864677362,-118.398617506
12687,Trade/Tech School,34.18644195,-118.39726597
12688,Other - Architecture,34.016040183,-117.886987833
12689,Other - College & Education,37.6842275,-121.77387335
12690,Conference,37.42781275,-122.07496851
12691,Tattoo Parlor,33.9033450833,-117.9069118667
12692,Brewery / Microbrewery,33.8683060333,-117.9332665333
12693,Sandwich Shop,34.1053978667,-118.3180706333
12694,Frozen Yogurt,34.1391150833,-118.2150392833
12695,Terminal,34.195945742,-118.3545541763
12696,BBQ,34.0582664006,-118.2384160952
12697,Italian,34.0804151833,-118.0893691833
12698,Mexican,34.0748672485,-118.2529602051
12699,Asian,34.1439353333,-118.1518744667
12700,Sandwich Shop,34.04502665,-118.2515062
12701,Starbucks,33.7198562549,-116.3831024361
12702,Barnes & Noble,33.7222066103,-116.3946002659
12703,Playground,33.55922045,-117.6289309333
12704,Sandwich Shop,38.4086889,-121.3819081167
12705,High School,38.6753640333,-121.1724566833
12706,Health & Fitness,38.66579545,-121.1375430667
12707,Costco,38.6457363667,-121.1099147
12708,Asian,34.039978981,-118.4426754713
12709,Gym,37.8999210333,-122.30714365
12710,Grocery,37.8984776829,-122.3067998886
12711,Brewery / Microbrewery,37.1231819003,-122.1214699745
12712,Hospital,37.4349798167,-122.1750829833
12713,Other - College & Education,37.25614455,-121.9198363167
12714,Health & Fitness,37.4170608209,-122.0775603765
12715,Corporate Office,37.3869355325,-122.0665597916
12716,Mediterranean,37.2721826667,-121.9334959333
12717,Vineyard,38.4934096333,-122.40613075
12718,Corporate Office,36.120694,-115.180573
12719,Modern,33.6893685925,-117.1469902739
12720,Starbucks,38.4124721,-122.71280415
12721,Casino,39.529444639,-119.8140631885
12722,Target,38.41705925,-122.711055
12723,Casino,39.4981298535,-119.8006939888
12724,College,34.0879315138,-117.6520889997
12725,Frozen Yogurt,34.10724695,-117.6628136833
12726,Craftsman,32.7166878333,-117.1420290167
12727,Sports & Outdoors,32.7895816,-117.0473577667
12728,Breakfast,37.8551691675,-122.2922086716
12729,Gallery,37.77849215,-122.24246776
12730,Coffee Shop,34.0081870167,-118.4912664667
12731,Crowne Plaza,37.4227614333,-121.91990025
12732,City Park,37.7426787667,-122.4278109833
12733,Duplex,37.7716877167,-122.4326617833
12734,Italian,37.77553535,-122.4261152667
12735,Castle,37.7696546305,-122.4469721317
12736,Starbucks,37.2748467885,-121.8575432897
12737,The Home Depot,37.2759139506,-121.8586349487
12738,Bakery,37.3947245084,-121.9461983442
12739,Frozen Yogurt,37.3183599333,-122.0314257167
12740,City Park,37.4257600333,-122.1430065
12741,American,37.4094119844,-122.1224610287
12742,Corporate Office,37.4311653059,-122.0980381966
12743,Starbucks,32.8935924526,-117.2031730413
12744,Playground,33.6868888667,-117.6295203167
12745,Condo,33.6860682167,-117.6271701333
12746,Sandwich Shop,33.6716354206,-117.6518757537
12747,Pizza,33.6708095357,-117.6523089409
12748,Golf Shop,37.3722950333,-122.0578493667
12749,Modern Hotel,37.4077367833,-122.12028935
12750,Salon & Barbershop,37.44259245,-122.1699687667
12751,Coffee Shop,37.41890035,-122.0826510667
12752,Corporate Office,37.4185296752,-122.0838278532
12753,Sandwich Shop,33.6890280833,-117.8967811167
12754,Other - Food,33.6894957577,-117.8960466385
12755,Apartment,37.3979802,-121.9546609833
12756,Corporate Office,37.4137696952,-121.9372209807
12757,Home,37.3846871333,-122.1966539667
12758,Resort,38.2454010089,-122.2733473479
12759,Craftsman,37.7620796333,-122.4341118
12760,Wine Bar,37.77687382,-122.40906977
12761,Victorian,37.748762,-122.421922
12762,Skyscraper,37.778182,-122.409127
12763,City Park,37.74906125,-122.4224903
12764,24 Hour Fitness,33.64311745,-117.7429573333
12765,Luxury Hotel,37.83904465,-122.2929140167
12766,Corporate Office,37.84311914,-122.29119318
12767,Corporate Office,37.8449846,-122.2912835667
12768,Other - Travel & Lodging,37.77950555,-122.3970380333
12769,Trade/Tech School,37.7807704667,-122.3959206167
12770,Playground,37.7784022667,-122.4581698333
12771,Technology,37.78203675,-122.4533606667
12772,Health & Fitness,37.7816982,-122.4516390167
12773,Pizza,37.7832128167,-122.4593668833
12774,Gas & Automotive,37.782099,-122.4517925833
12775,Apartment,37.7822844338,-122.4533218854
12776,American,33.80414385,-118.0716516
12777,Coffee Shop,33.8114063333,-118.11602445
12778,Coffee Shop,33.6378041963,-117.862401428
12779,Casino,37.6799586667,-122.4521649833
12780,Barnes & Noble,37.6771483833,-122.46708835
12781,Mexican,34.1247437833,-118.2656633667
12782,Other - Entertainment,37.771787913,-122.4304004651
12783,Skatepark,33.0741670667,-117.30430455
12784,Train Station,33.0465316772,-117.2930753231
12785,Asian,37.7772611333,-122.4635382833
12786,Health & Fitness,37.5965042833,-122.3767321167
12787,City Park,37.5816984833,-122.3429779833
12788,Bakery,37.5787833112,-122.3458957672
12789,Other - Food,37.7613603788,-122.4283970645
12790,Other - Nightlife,37.77101705,-122.4152466833
12791,Gym,37.7826162272,-122.3988562115
12792,Dive Bar,37.763595,-122.4186717333
12793,Burgers,37.7616153667,-122.4195474167
12794,Coffee Shop,37.7692235833,-122.4505841167
12795,Garden,37.76228165,-122.4229362167
12796,Coffee Shop,37.7610934333,-122.4307787833
12797,Other - Architecture,37.7616434667,-122.42295015
12798,Burgers,37.43809045,-122.1594154833
12799,American,37.7771389,-122.4076412167
12800,Sushi,37.771886811,-122.4138277942
12801,Asian,37.5650891079,-122.3230089
12802,Corporate Office,37.7550999309,-122.4183046818
12803,Bank & Financial,37.7554418833,-122.41859805
12804,Gate,37.6180982322,-122.3877167702
12805,Castle,37.7823749238,-122.4066102505
12806,Conference,33.738223302,-118.3978557587
12807,Warehouse & Industrial,37.7777704304,-122.4228000641
12808,Coffee Shop,37.7771993333,-122.4414314333
12809,Corporate Office,32.8708078442,-117.2264894886
12810,Post Office,37.6973932167,-122.4844518833
12811,Breakfast,37.5268771333,-122.2676994833
12812,Sushi,37.7017699729,-122.4823838993
12813,Asian,37.7634006333,-122.4817491167
12814,Gas & Automotive,37.70181565,-122.4841693667
12815,American,37.6736755667,-122.4664685833
12816,Corporate Office,37.776905,-122.4009038667
12817,Castle,37.7954436608,-122.2726877828
12818,Resort,38.5838343333,-122.57025605
12819,Corporate Office,37.3353678,-122.0057265667
12820,Asian Food,37.7447781848,-122.4204105321
12821,Dive Bar,37.7441683,-122.4212281833
12822,Mexican,37.7438257045,-122.4211585522
12823,Resort,37.51047575,-122.4834904667
12824,Health & Fitness,37.4673156,-122.4288162167
12825,Rental Car,37.6291907333,-122.3999623333
12826,24 Hour Fitness,37.6480019667,-122.4905691
12827,Resort,33.75144547,-116.37057518
12828,Fine Dining,38.6109565025,-122.8707285309
12829,Grocery,37.7515768695,-122.4292720453
12830,Sandwich Shop,37.7511660333,-122.4341883333
12831,Mexican,37.4278889333,-122.14450255
12832,Hardware Store,37.4840896194,-122.1795830621
12833,Sports & Outdoors,37.6880244,-121.89658795
12834,McDonald's,37.7009466333,-121.8715539167
12835,Lowe's,37.70311525,-121.8670051167
12836,City Park,36.6222071667,-121.9113743667
12837,Library,36.6220848667,-121.9165913833
12838,Trader Joe's,36.6057238167,-121.92155925
12839,Mall,36.5839145667,-121.8968213833
12840,Sculpture,36.6125137333,-121.8978767
12841,Trader Joe's,36.5967785167,-121.8946281667
12842,InterContinental Hotel,36.6168723268,-121.9010465178
12843,Historic Landmark,36.6199428667,-121.9192002167
12844,Beach,36.6262847,-121.91565655
12845,Historic Landmark,36.6054475167,-121.8922162
12846,Breakfast,36.6139893021,-121.8997006142
12847,Arts,35.3025960823,-119.0407754273
12848,Ultra-lounge,35.3031753889,-119.0409978648
12849,Church,33.8175369695,-118.1979072182
12850,Aquatics,37.6224493667,-122.4112486667
12851,Bakery,37.3840287541,-121.8937927411
12852,Other - Food,37.38314625,-121.89464095
12853,Asian Food,37.340068317,-121.90517405
12854,Italian,37.7714120667,-122.4130650167
12855,Starbucks,37.7758528598,-122.4463175876
12856,Corporate Office,37.8586423624,-122.2926380001
12857,Corporate Office,32.70865919,-117.160880271
12858,Starbucks,33.6489676888,-117.8412758775
12859,Gym,37.804045261,-122.2740769386
12860,Other - Food,37.7671792333,-122.4176533167
12861,Hostel,33.8646356833,-117.7933803667
12862,Corporate Office,37.6517908667,-119.0388862333
12863,24 Hour Fitness,33.8877944833,-117.81584855
12864,Grocery,33.08691805,-117.2673529167
12865,Medical School,34.0618828833,-118.2018912667
12866,Medical School,34.0614951167,-118.2022741333
12867,Burgers,34.1520900167,-118.3464702667
12868,Luxury Hotel,34.1201629365,-118.1334972382
12869,Coffee Shop,37.7653024585,-122.4500047222
12870,Whole Foods,34.0611322833,-118.44715625
12871,City Park,37.407279,-122.12731215
12872,Health & Fitness,37.3989650333,-122.1086417
12873,Other - College & Education,37.5605488333,-122.3817900833
12874,Starbucks,37.37346839,-121.9199835
12875,24 Hour Fitness,33.8670808896,-118.3935243629
12876,Vineyard,38.4546890167,-122.4152497167
12877,Grocery,37.5453050833,-122.27127325
12878,Health & Fitness,37.3706346686,-122.0792841911
12879,High School,37.3680086,-122.0847489
12880,Tea Room,37.6017491667,-122.3915586167
12881,Diner,37.5988101333,-122.3873728333
12882,City Park,37.5433409167,-122.2599363167
12883,City Hall,37.56050705,-122.2687125167
12884,Victorian,37.8606254833,-122.26543535
12885,Garden,37.425516,-122.1481396167
12886,City Hall,37.3729782104,-122.0392456055
12887,Indian,37.3732351667,-122.0546872
12888,Library,37.42875993,-121.90798008
12889,Other - College & Education,37.4164093564,-122.1477407221
12890,Crafts & Creative,37.3686828167,-122.0322738
12891,Shoes,37.3672325248,-122.032957077
12892,Party,37.869831197,-122.2674129903
12893,Technology,33.9835813047,-118.4365969641
12894,Home,34.0803073333,-118.2823937667
12895,American,37.4316295289,-122.0981615046
12896,Garden,37.7566397667,-122.4632738
12897,Asian,37.7636982117,-122.4739599632
12898,Dessert,37.7623833079,-122.4661895008
12899,Sandwich Shop,38.4371320167,-122.4028880667
12900,Historic Landmark,37.76162635,-122.4649904833
12901,Farmers Market,37.7640830833,-122.4672721167
12902,Doughnuts,37.7622032833,-122.46619235
12903,Farmers Market,37.7636117244,-122.4657475948
12904,Dive Bar,37.7641027167,-122.4644968833
12905,Light Rail,37.7514668333,-122.4274999
12906,Other - Architecture,37.5976740671,-121.3423955441
12907,Resort,34.2332664833,-119.01631675
12908,Church,34.2739530167,-118.71015245
12909,Coffee Bean and Tea Leaf,34.2251556,-119.0384770833
12910,Bed & Breakfast,34.2084487167,-119.0254539833
12911,Coffee Shop,34.2162537167,-119.0383560667
12912,Craftsman,34.245823217,-119.0400913
12913,Campus Commons,34.1871710167,-119.0334298167
12914,Theme Park,37.7617072167,-122.3909102667
12915,Italian,37.4843041312,-122.2270945648
12916,Other - Food,37.5019606942,-122.2463377949
12917,Asian,37.3180891667,-122.0319625167
12918,American,37.2527446833,-121.83112005
12919,Coffee Shop,37.3385754638,-121.8856428189
12920,Subway,37.3227726167,-121.99059165
12921,Asian,37.3056136,-121.9780759333
12922,Apartment,37.3195620833,-121.9773159833
12923,Ultra-lounge,37.3340361623,-121.8952244664
12924,Grocery,37.38339775,-121.89477985
12925,Grocery,38.92799365,-121.05521385
12926,Sushi,37.2946148833,-122.0334709667
12927,Asian,37.7803792333,-122.4746669833
12928,Asian,37.7650447667,-122.4499820833
12929,Seafood,37.8601754223,-122.289429903
12930,Modern Hotel,33.8016722135,-117.9151636999
12931,Corporate Office,37.77295613,-122.39831334
12932,Toys & Games,37.9732065,-122.5302637333
12933,Peet's Coffee,38.0646119333,-122.5333287
12934,Gas & Automotive,37.2651501167,-121.8653271167
12935,Music,37.273231041,-121.8547137744
12936,Asian Food,37.4151509667,-121.87619885
12937,Other - College & Education,37.252359,-121.8343247167
12938,Music,37.1293381622,-121.6536013213
12939,Breakfast,37.12900425,-121.6535083667
12940,Church,37.2526127333,-121.8341856833
12941,Health & Fitness,37.11339945,-121.6450850667
12942,Apartment,37.2654307833,-121.8462629333
12943,Bank & Financial,37.2663447833,-121.8337415167
12944,Apartment,37.2569247414,-121.8297314644
12945,Asian,37.25339635,-121.8312390167
12946,Starbucks,37.143881,-121.664191
12947,Other - Shopping,37.1557537667,-121.65281365
12948,Other - Food,37.2671829333,-121.8331551
12949,Church,37.4226986333,-121.8785074833
12950,Bakery,37.2573522027,-121.862910606
12951,High School,37.2594276333,-121.8548393167
12952,Bank & Financial,37.2516642934,-121.8286773562
12953,Zoo,37.2461958833,-121.8990435
12954,Walmart,37.1497423333,-121.6552614167
12955,Diner,36.98036195,-122.0218308333
12956,Peet's Coffee,37.7626955667,-121.9614842667
12957,Beach,36.6102197333,-121.89626005
12958,Steakhouse,37.27753225,-121.9324747833
12959,Beach,32.9594459333,-117.2672964
12960,Corporate Office,33.09805524,-117.20209062
12961,Dive Bar,33.0418605333,-117.2935930833
12962,Castle,32.7314043045,-117.1961778402
12963,Gym,33.10169464,-117.21693795
12964,Corporate Office,33.102793723,-117.215675314
12965,Castle,33.5599761167,-117.1220712
12966,Contemporary Church,33.5721449833,-117.21302155
12967,Other - College & Education,33.5555282833,-117.2151647167
12968,Pizza,33.5231955,-117.16595
12969,Corporate Office,33.537095049,-117.175707287
12970,Post Office,33.4969129833,-117.1525424333
12971,Chick-fil-A,33.5606343667,-117.2036975667
12972,Health & Fitness,33.0708056833,-117.2660357333
12973,Trader Joe's,33.6422889667,-117.59577725
12974,Asian,34.1802263167,-118.30777645
12975,Vineyard,36.1943358667,-115.2588288333
12976,Mediterranean,36.1955385,-115.2482402333
12977,Sushi,36.2187318,-115.3260472
12978,Pub,36.2193736333,-115.2754613
12979,Grocery,36.2905704333,-115.2856889333
12980,Corporate Office,36.119650927,-115.1582273841
12981,Gym,36.2212923667,-115.3291018333
12982,American,35.38092895,-119.0180827833
12983,Coffee Shop,34.4389097167,-119.7525347
12984,Costco,34.4286719,-119.8741649667
12985,Library,34.4130816833,-119.8455348833
12986,Corporate Office,34.1596346167,-118.2836465667
12987,Starbucks,34.1714179581,-118.2894018407
12988,Starbucks,37.8291627333,-122.2824998
12989,City Park,34.0611391895,-118.3759367466
12990,Pizza,37.8914975,-122.1234027167
12991,Craftsman,37.76711715,-121.9835252333
12992,Contemporary Church,33.83170545,-117.9394967333
12993,Other - Food,37.7113056722,-121.8878501806
12994,Salon & Barbershop,36.0056695,-115.1183265667
12995,Gas & Automotive,36.0421798167,-115.1321258667
12996,Theme Park,33.12741976,-117.31175172
12997,Wine & Spirits,37.7448192833,-122.4038867
12998,Coffee Shop,37.418006587,-122.0268935372
12999,Other - Travel & Lodging,37.2518236167,-121.9334865833
13000,Gas & Automotive,37.4257740333,-122.1476398167
13001,Sandwich Shop,37.4239979106,-122.1969234696
13002,Nature Preserve,36.9845473333,-122.0471612
13003,Sushi,37.3220777833,-122.0148570167
13004,Corporate Office,38.8133693,-121.2919903167
13005,Corporate Office,34.0568730667,-117.19533405
13006,Salon & Barbershop,37.7760192908,-122.4212095141
13007,American,34.0319339667,-118.4957874833
13008,Other - Food,37.7570209189,-122.4149056534
13009,Casino,36.1100997282,-115.17100811
13010,Hippos,36.3147534118,-115.2188372612
13011,Other - Services,36.03851495,-115.03608025
13012,Corporate Office,37.4534794039,-122.1135590405
13013,Mexican,38.5412986333,-121.7237137333
13014,Mexican,37.6199636909,-122.3878565878
13015,Starbucks,37.7642800862,-122.2428087349
13016,City Park,37.43207325,-122.1475718333
13017,Corporate Office,37.9279287,-122.0230520833
13018,Luxury Hotel,38.957439899,-119.9422287941
13019,Corporate Office,37.4230827884,-122.2039394462
13020,Asian,37.59902375,-122.3885584833
13021,Corporate Office,33.645061273,-117.9319631148
13022,American,33.6776642,-117.88795285
13023,Corporate Office,34.15394975,-118.4417047833
13024,Post Office,34.0630978128,-118.4452967614
13025,Subway,34.1501867333,-118.4453192167
13026,Health & Fitness,33.9864525,-118.4427623167
13027,Live Music,34.0547491333,-118.38340925
13028,Health & Fitness,34.0618694219,-118.3592122455
13029,Craftsman,34.14875,-117.45466
13030,Drugstore & Pharmacy,34.018385,-117.515298
13031,Bar,33.7852971459,-118.2719471595
13032,Mexican,33.8370248667,-118.3491409833
13033,Other - Entertainment,33.9926120333,-117.3388222
13034,Apartment,34.0337026821,-117.632938373
13035,American,34.0373736,-117.9125785167
13036,Mexican,34.1310959794,-117.6388013363
13037,Mission,34.0427771,-118.2453868
13038,Grocery,34.1335782167,-117.61442215
13039,Other - Food,34.1005424667,-117.7107967667
13040,Grocery,34.107495627,-117.827281669
13041,Other - College & Education,34.12864652,-117.47434109
13042,Fine Dining,33.80731713,-118.04555745
13043,Health & Fitness,38.5771411333,-121.4788584333
13044,Playground,37.5874364333,-122.3290085667
13045,Corporate Office,37.5225698833,-122.2558808167
13046,Frozen Yogurt,37.56450565,-122.3212865667
13047,Starbucks,37.6601103089,-122.4774707581
13048,Walgreens,37.6490510111,-122.4914324284
13049,Pet Store,37.6717374833,-122.46492585
13050,Nature Preserve,37.6116902549,-122.4356746674
13051,Mexican,37.5772494667,-122.3490013
13052,Playground,37.7804228667,-122.3879746167
13053,Beach,37.631430834,-122.4942541122
13054,Middle Eastern,37.4333659971,-122.1292491871
13055,Drugstore & Pharmacy,37.5234890167,-122.2522231167
13056,24 Hour Fitness,33.696868,-117.9560801833
13057,Other - Travel & Lodging,33.6673817333,-117.9651611333
13058,Disc Golf Course,33.698752567,-118.00680155
13059,Church,33.6662721634,-117.9691368341
13060,Modern Hotel,33.9471627041,-118.3858843964
13061,Train Station,36.7029532333,-119.7589189
13062,Other - Nightlife,33.9580456667,-118.3658234
13063,Bakery,33.7999515833,-118.1246754333
13064,Sandwich Shop,33.7753304845,-118.0758619308
13065,Bus Station,34.0538424,-118.2436862167
13066,Medical School,37.7638118721,-122.4579612519
13067,Peet's Coffee,37.74028525,-122.46650615
13068,Burgers,37.7717750833,-122.4339598833
13069,Bus Station,37.7767487667,-122.4262923667
13070,Coffee Shop,37.8050414833,-122.24896055
13071,Grocery,33.9837950667,-117.7480506167
13072,Beach,33.5929378,-117.8769630667
13073,Coffee Shop,34.1519589791,-118.3449706435
13074,Modern,37.7561475239,-122.4647833407
13075,City Park,37.5628984444,-122.2878205776
13076,Beach,37.5721463167,-122.28447595
13077,Beach,37.5721674,-122.2794754833
13078,Other - Architecture,37.558781,-122.2662418833
13079,Grocery,37.7515045167,-122.4294163667
13080,Library,37.75049365,-122.4350685167
13081,Other - College & Education,37.5912303246,-122.3906672001
13082,Apartment,33.7727585,-118.0243131333
13083,Contemporary Church,33.729511967,-117.9930637
13084,Starbucks,33.6816039833,-117.9187793833
13085,Bar,33.8106231689,-118.1546936035
13086,Bar,33.7953345167,-118.0106429167
13087,Rental Car,38.6820735167,-121.58796675
13088,Steakhouse,34.1450222371,-118.1446766853
13089,Contemporary Church,33.6650214355,-117.6524769257
13090,Apartment,33.6534231501,-117.7541255951
13091,Apartment,32.804289917,-117.1541255
13092,Other - Services,32.816433333,-117.18316
13093,24 Hour Fitness,32.8222721815,-117.1594744921
13094,Other - Shopping,32.802031667,-117.157073683
13095,Sandwich Shop,32.7326396243,-117.1600914001
13096,Dog Park,32.8001333667,-117.16771195
13097,Grocery,32.8185204333,-117.17924875
13098,Bar,32.7477264404,-117.1603393555
13099,Live Music,34.1459676167,-118.2732916167
13100,Corporate Office,34.1612411134,-118.2859218121
13101,Grocery,38.2578745833,-122.0661154167
13102,Gas & Automotive,38.25844205,-122.0648048167
13103,Gas & Automotive,37.417745668,-121.9136977462
13104,Corporate Office,37.7748825224,-122.400807185
13105,Historic Landmark,38.5240952833,-121.9621398667
13106,Diner,37.60796145,-122.0660003333
13107,Diner,37.3355818921,-121.8934115705
13108,Canal / Waterway,37.9124207333,-122.3455626667
13109,Golf Course,37.2810031833,-121.805638
13110,Golf Course,37.27930455,-121.80628535
13111,Bar,37.7142389029,-122.4364754387
13112,Asian,37.6840524,-122.46408224
13113,Casino,37.6765240463,-122.467917118
13114,Burgers,37.7597119684,-122.4214200232
13115,Corporate Office,37.4576031167,-122.1765252
13116,Home,37.89954745,-122.12493805
13117,Craftsman,34.1547268785,-118.1256234252
13118,24 Hour Fitness,33.1228972204,-117.2986328602
13119,Corporate Office,33.806152907,-117.8709218361
13120,24 Hour Fitness,33.6525791915,-117.7459019423
13121,Sushi,33.6609354333,-117.9188334833
13122,Other - Entertainment,34.155022435,-118.324925776
13123,South American / Latin,37.4545992333,-122.1816564
13124,Cineplex,34.14729195,-118.25439035
13125,Grocery,34.1718303667,-118.2899904833
13126,In-N-Out Burger,33.8157426667,-116.4015177
13127,Diner,34.1723089833,-118.37884175
13128,Sandwich Shop,34.0982037668,-118.364521265
13129,Other - Entertainment,34.0973757667,-118.36390785
13130,Other - Travel & Lodging,34.0948158833,-118.3652537333
13131,Gas & Automotive,33.4819558167,-117.1431636833
13132,Salon & Barbershop,33.5602602833,-117.1353566167
13133,Corporate Office,33.6718899295,-117.6467084885
13134,Asian Food,36.11031195,-115.1733551167
13135,Asian,33.8687129667,-118.0813240667
13136,Corporate Office,33.870899333,-118.060014333
13137,24 Hour Fitness,38.5816447143,-121.4984557732
13138,Apartment,34.08040142,-118.29923713
13139,Coffee Shop,37.7420181833,-122.4262877667
13140,Coffee Shop,37.78034435,-122.4763789333
13141,Bed & Breakfast,37.7815878356,-122.4487057901
13142,Corporate Office,37.3291759871,-122.0056951046
13143,Corporate Office,37.781433342,-122.391538727
13144,Gate,36.07743376,-115.14458745
13145,Other - Food,37.6373538667,-122.4173238667
13146,Other - Food,37.8409215396,-122.2877839705
13147,Other - Parks,37.7936372667,-122.2748165667
13148,Asian,37.8411227327,-122.2898590565
13149,Corporate Office,37.839383,-122.287469
13150,Coffee Shop,37.83818815,-122.2869772833
13151,24 Hour Fitness,36.0998133333,-115.20951315
13152,Modern,37.6855006333,-121.7796907833
13153,Walmart,37.7000219,-121.7674780667
13154,Thrift Store,37.3685576,-121.8775521667
13155,Mall,37.704460656,-121.882939596
13156,Asian,37.1510404333,-121.6544820833
13157,Mexican,34.1189326333,-118.2595851333
13158,Farmers Market,34.1179035,-118.2602042
13159,Apartment,34.09851615,-118.3272404333
13160,Condo,34.0410804947,-118.234631174
13161,Corporate Office,34.0407634333,-118.2335614
13162,Grocery,37.5634803,-122.3234509167
13163,Corporate Office,37.8102247204,-122.2659337521
13164,City Park,37.4453537833,-122.1826383333
13165,Ice Skating,37.4316929167,-122.1245283333
13166,Mexican,37.43818435,-122.1600574333
13167,Arcade,37.4924198833,-122.2177186
13168,Beach,37.57185745,-122.2847096333
13169,Mexican,34.09765995,-118.3262577167
13170,Sports Bar,34.1001391667,-118.32991255
13171,Gate,37.6151294833,-122.3823567167
13172,Corporate Office,37.4162793,-122.1519398667
13173,Coffee Shop,37.4019138667,-122.1932872
13174,Light Rail,38.27694735,-122.46053695
13175,City Park,37.3807795833,-122.2298191667
13176,Gas & Automotive,33.9473851167,-116.9979663167
13177,Coffee Shop,34.0340030193,-117.0353418589
13178,Church,34.6489691667,-118.1427240333
13179,Monument,34.59825625,-118.1754814667
13180,Music,34.1561835667,-118.7961093833
13181,Cineplex,34.2812858833,-119.29222945
13182,Post Office,34.69827245,-118.1393190667
13183,24 Hour Fitness,34.6729516333,-118.1527206667
13184,Burgers,36.2712748333,-115.26683795
13185,Luxury Hotel,39.20246881,-120.21577191
13186,Coffee Shop,34.0606023333,-118.34494275
13187,Asian Food,37.5675584333,-122.31987485
13188,Ultra-lounge,37.41860789,-122.21361923
13189,Asian,37.29733355,-122.0318707167
13190,Breakfast,37.3367577833,-121.8760278
13191,Health & Fitness,37.351535017,-122.029788633
13192,American,37.77728545,-122.40101361
13193,Dive Bar,33.64363085,-117.93293345
13194,Craftsman,37.2910844,-121.9819674
13195,Condo,37.2530990839,-121.8368071318
13196,Other - Art & Culture,37.8695809486,-122.2874443617
13197,Wine Bar,38.2992852167,-122.2850611
13198,Pizza,37.6827662833,-122.48775735
13199,Duplex,37.7770784833,-122.4605705667
13200,Gas & Automotive,37.638975568,-122.4649000168
13201,Craftsman,37.6956629167,-122.49137935
13202,Corporate Office,37.4157569333,-122.15062375
13203,Subway,37.6826961833,-122.4878946667
13204,Breakfast,37.7832495667,-122.4602221333
13205,Other - College & Education,37.430946,-122.183097
13206,Craftsman,37.4293348333,-122.1928442
13207,Modern,37.707339473,-122.463069245
13208,Tacos,34.0800339333,-118.2619559833
13209,Brewery / Microbrewery,34.1521396833,-118.4657469333
13210,Gym,34.0857973975,-118.3441185341
13211,Train Station,32.9916525,-117.2713508
13212,Modern Hotel,33.9872975626,-118.4717417226
13213,Coffee Shop,34.1104937,-118.1934277167
13214,Bakery,34.0736222667,-118.3820739
13215,Brewery / Microbrewery,37.8307340167,-122.2783738667
13216,Gym,37.9386465667,-122.51826015
13217,Bank & Financial,37.9727462758,-122.5275210767
13218,Peet's Coffee,37.9457608,-122.5242279667
13219,Seafood,37.9288610167,-122.5176245333
13220,American,37.9307311,-122.5143617167
13221,Mall,37.9457396,-122.5241705333
13222,Other - Services,37.7827093333,-122.47036845
13223,Other - Food,37.9731788455,-122.5289861973
13224,Vineyard,38.4596553333,-122.4225660167
13225,Craftsman,33.795081721,-117.84091115
13226,Corporate Office,33.8611433799,-117.8471122302
13227,Pet Store,33.6473629333,-117.9118583333
13228,Gas & Automotive,33.7925962,-117.8353575833
13229,Other - Nightlife,33.7113247833,-117.9481218833
13230,Asian Food,34.0447159833,-118.4545992333
13231,Wine Bar,34.1073203667,-118.2874832
13232,Corporate Office,34.1923273333,-118.3531403667
13233,Cineplex,34.1484484333,-118.1384679833
13234,Other - Entertainment,34.1484571167,-118.1389967
13235,Other - Art & Culture,34.1484185,-118.1390188667
13236,Contemporary Church,34.12264185,-118.2676521667
13237,Dive Bar,34.1043282333,-118.2878132667
13238,BBQ,34.0595926284,-118.2899934053
13239,Corporate Office,37.7755023,-122.4152433
13240,Corporate Office,33.9737396188,-118.4292921943
13241,Mexican,34.2573627,-118.6032091
13242,Salon & Barbershop,37.7776919333,-122.42405865
13243,Apartment,37.7741812996,-122.4257772875
13244,Grocery,37.7764708598,-122.4256190658
13245,Apartment,37.7759582922,-122.4261697312
13246,French,37.7817063667,-122.4096183833
13247,Corporate Office,37.2950926557,-121.9316024707
13248,Victorian,37.7599659833,-122.4659118
13249,Grocery,37.7434778643,-122.4267911911
13250,Drugstore & Pharmacy,37.76544785,-122.44996675
13251,River & Stream,39.3459884,-120.2130655
13252,Other - Parks,37.7522714375,-122.4505745768
13253,Craftsman,37.7204899205,-122.4501079401
13254,Starbucks,37.6974060167,-122.4628056
13255,Corporate Office,33.9819972941,-118.405752182
13256,Corporate Office,33.858789618,-118.0178511143
13257,Home,34.2034043,-118.4348562
13258,24 Hour Fitness,34.22363665,-118.4473546833
13259,Other - Nightlife,37.7603841428,-122.4172861453
13260,Diner,37.7583807333,-122.4191988333
13261,Burgers,37.6389527333,-122.4192542833
13262,McDonald's,37.6523067667,-122.4911691
13263,Corporate Office,37.0525051167,-122.0734894333
13264,Other - Food,37.0526243,-122.0691598
13265,Coffee Shop,37.7746262167,-122.2766487667
13266,Sandwich Shop,37.5776276667,-122.3476045833
13267,Tower,37.7550151049,-122.4527227879
13268,Mexican,37.5791904667,-122.34604295
13269,Peet's Coffee,38.74368485,-121.1971857333
13270,Regional / State Park,38.73269025,-121.2084067833
13271,Walgreens,37.6451953,-122.4520215667
13272,Health & Fitness,38.2718462405,-122.6668167114
13273,Whole Foods,36.80961871,-119.80408966
13274,Duplex,38.770839957,-121.3671147823
13275,Warehouse & Industrial,38.6892118917,-121.5946328871
13276,Target,38.6401323972,-121.5006279242
13277,Farmers Market,38.76803105,-121.2664610667
13278,Five Guys Burgers and Fries,38.656443333,-121.511426767
13279,Other - Entertainment,34.0615816167,-118.3539992333
13280,Other - Food,37.5617410167,-122.32519985
13281,French,37.5758972199,-122.3486217921
13282,Coffee Shop,37.75423413,-122.41874098
13283,Corporate Office,37.7824001667,-122.3876730167
13284,Victorian,37.7631537167,-122.4327134833
13285,Technology,37.5664567,-122.32265475
13286,Apartment,37.7464709491,-122.4446153812
13287,Modern,34.0682119131,-117.6584672928
13288,Modern,33.957425952,-118.0270725489
13289,Italian,38.60613948,-122.86113345
13290,Corporate Office,37.782601458,-122.407092436
13291,Burgers,34.10269945,-118.2917283667
13292,Dive Bar,34.1034671,-118.2865655333
13293,Other - Entertainment,37.7500302,-122.3999058
13294,Furniture,37.8711132295,-122.3010083596
13295,Grocery,37.870059871,-122.3014354706
13296,Corporate Office,33.6684969114,-117.6439189911
13297,Apartment,37.7768363437,-122.397132014
13298,Health & Fitness,33.6389503,-117.9215541
13299,Casino,36.01800355,-114.9487915333
13300,Other - Travel & Lodging,36.0139173478,-114.7357403573
13301,Mexican,33.6800425,-117.9027476667
13302,Modern Hotel,33.83670073,-118.34794229
13303,Luxury Hotel,33.83642305,-118.3507083833
13304,Corporate Office,33.8433661105,-118.3354997635
13305,Asian,33.8787754833,-118.3962217667
13306,Other - Food,33.8845932333,-118.3960103833
13307,Courthouse,33.8384261,-118.3405344667
13308,Rental Car,33.95487315,-118.3770256167
13309,Italian,37.8979249377,-122.0587950816
13310,Other - Nightlife,37.8961859766,-122.0609878021
13311,Sushi,38.0838090833,-122.2108827833
13312,Pool / Waterpark,38.1024648175,-122.2123754025
13313,Health & Fitness,33.6872382167,-117.8579652833
13314,Asian,33.6869807,-117.8556972333
13315,City Park,33.6302211667,-117.8300727167
13316,Starbucks,33.66246685,-117.8972506667
13317,Luxury Hotel,33.2265132833,-117.3879421667
13318,Warehouse & Industrial,33.29079035,-117.36157075
13319,Gym,37.4437528167,-122.1612348333
13320,Asian,37.4464492798,-122.1593551636
13321,Corporate Office,37.377685323,-122.0299295304
13322,Playground,37.3715547333,-121.9786487833
13323,Dessert,37.387008667,-121.8838577271
13324,Bar,34.0450968272,-118.2517839661
13325,Hall,32.7129350667,-117.1532213333
13326,Apartment,32.7134359,-117.1544010167
13327,College,33.6760252,-117.1673453333
13328,Mexican,37.7728857923,-122.4150323868
13329,Other - Architecture,37.4185211541,-122.0245403051
13330,Diner,37.7667924002,-122.2410963564
13331,Playground,33.5942675667,-117.73159915
13332,Victorian,37.1384644,-121.5928941667
13333,Italian,37.3248582,-121.8111889
13334,BBQ,37.1549133333,-121.6507028833
13335,Corporate Office,37.6640832,-121.8726844667
13336,Big Blue Wet Thing,37.5009742667,-122.4696596333
13337,Dog Park,37.3646027333,-122.03725445
13338,Grocery,37.38314135,-122.0454046167
13339,Doughnuts,37.3765177111,-122.0287299156
13340,Other - Food,37.3760146864,-121.9233942032
13341,AT&T,37.2938229428,-121.9887650013
13342,Garden,37.37745557,-121.922309099
13343,Condo,37.3347606456,-121.8961318838
13344,Craftsman,37.6772815279,-121.8926312121
13345,Vegetarian / Vegan,37.3397298,-121.8828556667
13346,Playground,37.4820433833,-122.2477489333
13347,Corporate Office,37.4859566438,-122.2451378858
13348,Craftsman,33.6585185,-117.6473857333
13349,Pet Store,33.62387299,-117.61011958
13350,Health & Fitness,34.1006468167,-118.3234395167
13351,Gym,33.84572135,-116.5294108
13352,Health & Fitness,34.0417316667,-118.4599561333
13353,Pizza,34.0124561833,-118.4093892
13354,Hospital,37.5234143,-122.2523568
13355,Bed & Breakfast,37.4240995,-122.1404559833
13356,High School,37.583678,-122.3494084
13357,Other - College & Education,37.5573957761,-122.337334156
13358,Coffee Shop,37.9735370662,-122.5288855191
13359,Bakery,37.9728973167,-122.526963
13360,Bank & Financial,37.4294339667,-122.1559767
13361,Other - Food,37.7513759784,-122.4343550205
13362,Playground,37.7386272833,-122.4161546167
13363,Hall,37.7268607167,-122.4509864667
13364,Law School,37.3361456483,-121.891014576
13365,Corporate Office,37.3040132878,-121.9151329994
13366,Corporate Office,37.39080251,-122.080169819
13367,Corporate Office,37.8835077667,-122.1836425167
13368,College,37.3616646162,-122.1278630259
13369,Gate,37.6206561698,-122.3889827728
13370,Coffee Shop,34.0483600167,-118.2479579
13371,Farmers Market,33.68445186,-117.8150117397
13372,Women's Apparel,38.57319951,-121.40451413
13373,Shoes,38.5757977833,-121.4025726667
13374,Burgers,38.6108764874,-121.4100623131
13375,Sandwich Shop,38.5757324928,-121.4024662971
13376,Corporate Office,34.0590415481,-118.413079977
13377,Corporate Office,37.5792031833,-122.3396820833
13378,Asian,37.5763214011,-122.3495408659
13379,Mexican,37.35284645,-121.96524535
13380,Apartment,37.7719677666,-122.439687252
13381,Coffee Shop,38.54210972,-121.72282933
13382,Bank & Financial,37.812054749,-121.995905508
13383,Sports & Outdoors,37.15011315,-121.6548392833
13384,Corporate Office,34.0625828333,-118.3461820667
13385,Apartment,34.1635609938,-118.2620991821
13386,Other - Food,38.50512565,-122.46895145
13387,Pizza,34.06007425,-118.4448270833
13388,Corporate Office,34.0663651324,-118.3806018621
13389,Asian Food,37.3520588167,-121.9932669
13390,Conference,37.404727814,-121.977076506
13391,Temple,37.9886361833,-122.2971178833
13392,Grocery,36.1580348571,-115.1250903264
13393,Grocery,37.3239166,-121.7963561
13394,High School,37.30334374,-121.80733967
13395,24 Hour Fitness,37.5340325667,-121.96096275
13396,Target,37.3076410927,-121.8107897952
13397,Mexican,34.4395241667,-119.7517775167
13398,Pool / Waterpark,36.1069335333,-115.1792310167
13399,Grocery,33.8459877,-116.47746015
13400,Grocery,33.69914553,-116.215303784
13401,Grocery,33.71645585,-116.2333185
13402,Regional / State Park,34.0680914667,-118.2326612
13403,Target,37.4187682638,-121.9544541836
13404,Wine Bar,33.9922729333,-118.4717342167
13405,American,33.99216275,-118.47184385
13406,Steakhouse,34.0455209667,-118.23676385
13407,Health & Fitness,33.9956680333,-118.4753952667
13408,Warehouse & Industrial,34.0357453167,-118.2328895
13409,American,33.9968196,-118.47748025
13410,Mexican,33.5030016333,-117.15420895
13411,Craftsman,37.764794117,-122.427673483
13412,Asian,37.768266831,-122.421593062
13413,Asian,36.85244385,-119.7721605667
13414,Apartment,38.4830508167,-121.5139874833
13415,Starbucks,37.620894113,-122.3886394501
13416,Sushi,37.3223391535,-122.0206782955
13417,Condo,37.7099384994,-122.4243632966
13418,High School,34.1904889833,-118.1786314333
13419,24 Hour Fitness,34.1465342333,-118.1396264167
13420,Dessert,34.1361465454,-118.2150039673
13421,Other - Shopping,34.1353609683,-118.2164086891
13422,McDonald's,34.1988419,-118.1875786833
13423,Other - Architecture,34.1275952582,-118.2567537929
13424,Men's Apparel,34.1254033167,-118.2313488333
13425,Grocery,34.13576205,-118.2163985167
13426,Theatre,34.1450540692,-118.2549956684
13427,Bank & Financial,34.1359311333,-118.21613435
13428,Asian,34.1358419667,-118.2160745333
13429,Dormitory,34.0733684718,-118.4526479244
13430,Coffee Shop,34.072146519,-118.4522155272
13431,Other - Food,34.1385338833,-118.2145561667
13432,Drugstore & Pharmacy,34.1360656333,-118.2163367833
13433,Trade/Tech School,34.0446642667,-118.2592495833
13434,Bakery,34.0290135333,-118.4993631
13435,Salon & Barbershop,37.3949312089,-121.9467294216
13436,Mexican,34.1721519,-118.3583907
13437,Rental Car,32.7279071333,-117.1921376667
13438,University,34.0392180513,-118.7091636658
13439,Diner,34.1647513833,-118.3606062167
13440,Other - Entertainment,34.1647534833,-118.3553461333
13441,Other - Nightlife,34.1436500167,-118.3744750167
13442,Apartment,37.771331756,-122.414163272
13443,Apartment,37.77624064,-122.43954133
13444,Apartment,33.9754502833,-118.4297191333
13445,Coffee Shop,34.0105247167,-118.4807189833
13446,Pub,34.0109788833,-118.4809551333
13447,Mexican,37.5635958169,-122.271105051
13448,Corporate Office,37.4219124502,-122.1377027035
13449,Luxury Hotel,37.4517515833,-122.1625044167
13450,Historic Landmark,37.7633275897,-122.4455344677
13451,Craftsman,37.86080095,-122.2647905167
13452,Lab,37.8607344667,-122.264761
13453,Corporate Office,37.6850185002,-121.9020319755
13454,Mall,38.5238872,-121.9705532833
13455,Grocery,37.7948256,-122.2545545667
13456,Diner,33.80943665,-117.8665779167
13457,Starbucks,33.8320727333,-118.0296649167
13458,Bus Station,38.10617103,-122.570573688
13459,Corporate Office,37.318197281,-122.0497102067
13460,Starbucks,34.6749779221,-118.114927954
13461,Luxury Hotel,37.9249326043,-122.0561553438
13462,Corporate Office,36.03654785,-115.277269783
13463,Bus Station,34.0196611436,-118.4056556225
13464,Bus Station,34.0706756928,-118.4394943714
13465,Bus Station,34.0716710534,-118.4397411346
13466,Contemporary Church,33.1112774833,-117.29514845
13467,Five Guys Burgers and Fries,32.738299083,-117.215701467
13468,Victorian,37.7459744047,-122.4143190999
13469,Corporate Office,34.1530288515,-118.341550827
13470,Coffee Shop,34.1338187456,-118.1495153904
13471,Other - College & Education,37.77143495,-122.2832170667
13472,Other - College & Education,37.7233308667,-122.43880135
13473,Duplex,37.9976870833,-122.58489865
13474,Hospital,37.947446402,-122.536482811
13475,Hospital,37.4333974074,-122.1765196323
13476,South American / Latin,34.0171978873,-118.4095564034
13477,Other - Food,37.7622420167,-122.3883921833
13478,Coffee Shop,38.7532566167,-121.2513888167
13479,24 Hour Fitness,37.30892725,-121.9953452833
13480,Casino,36.23701045,-119.7660322667
13481,Corporate Office,35.4864142167,-119.1462194333
13482,Dog Park,37.326468217,-121.92508935
13483,Asian,37.5788770203,-122.3464590489
13484,Other - Services,37.3142902333,-121.9505774
13485,Dormitory,37.4271874333,-122.1619686
13486,Dormitory,37.3350001646,-121.8771868918
13487,Corporate Office,34.0506510478,-118.2542185572
13488,Other - Food,37.7563298968,-122.2502803802
13489,Apartment,37.7537316853,-122.2487576378
13490,City Park,37.7684938667,-122.2611065333
13491,Dog Park,37.76772185,-122.2725045833
13492,City Park,37.7682851333,-122.2736460333
13493,Veterinarian,37.5669922255,-122.0519900322
13494,Home,37.5373680333,-122.2673812833
13495,Pool / Waterpark,37.536480164,-122.262390996
13496,Walgreens,37.5769097833,-122.3471312167
13497,Technology,37.5682943261,-122.3485280954
13498,Apartment,37.7508668833,-122.428659
13499,Hostel,37.7772298288,-122.4249055982
13500,Diner,34.0534363167,-118.3772319
13501,Technology,37.510470345,-122.2046193627
13502,Corporate Office,33.13210928,-117.27495694
13503,Bank & Financial,37.925960574,-122.0515448201
13504,Sculpture,37.56082815,-122.32081305
13505,Corporate Office,37.3769720833,-121.9561138667
13506,Corporate Office,37.6737155,-122.386982
13507,Corporate Office,37.6747439647,-122.3847194608
13508,Victorian,37.75260812,-122.40333533
13509,Technology,37.7585298068,-122.4129062797
13510,Corporate Office,37.6282891036,-122.4252978245
13511,Corporate Office,37.5892956,-122.33909985
13512,Mexican,34.0330735667,-118.1686152833
13513,Bar,34.040155456,-118.230922075
13514,Historic Landmark,37.778430867,-122.3893941
13515,Vineyard,38.5102909833,-122.4796261
13516,College,37.6300033657,-122.4664878845
13517,Duplex,37.6883372735,-122.4555230141
13518,Craftsman,37.7168844635,-122.4437695742
13519,South American / Latin,37.8910525134,-122.2873055935
13520,Castle,37.3854636167,-122.1048297833
13521,Starbucks,37.27962195,-122.0313700333
13522,Technology,37.76347649,-122.41673928
13523,City Park,33.9720247667,-118.4207444167
13524,Pool / Waterpark,37.3768892667,-122.1991951667
13525,Other - Food,37.7390095,-122.4157827619
13526,Mexican,37.336869203,-121.8891858693
13527,Bakery,33.8238569833,-117.5163429833
13528,Other - Food,32.7653634667,-117.2295120167
13529,Wings,35.1141350167,-114.5979339333
13530,College,36.2202896832,-115.1022274378
13531,Hospital,37.7819255107,-122.4413716793
13532,Medical School,37.764267608,-122.454965624
13533,Craftsman,37.8846977,-122.0933905833
13534,Asian,37.6511622,-122.4309319
13535,Aquatics,37.5837232562,-122.347676754
13536,Corporate Office,37.48182792,-122.175582266
13537,Mexican,32.7224328833,-117.23003015
13538,American,32.75504975,-117.1293931333
13539,Sports & Outdoors,39.5138373,-119.9686367667
13540,Bank & Financial,39.342794409,-120.2116298676
13541,Breakfast,33.8850704833,-118.4087551
13542,Mexican,33.8837217167,-118.41039125
13543,Mexican,33.8831486167,-118.4099099833
13544,Italian,33.8847622,-118.4106913
13545,Tacos,33.78917005,-117.9083810167
13546,Subway,33.9321994,-117.8942005167
13547,Mexican,34.1167237,-117.77720255
13548,Modern Hotel,33.6695326891,-117.6521587372
13549,Starbucks,34.1067326257,-117.8261675101
13550,Corporate Office,37.7824706333,-122.3876767
13551,Sushi,38.75476127,-121.25087243
13552,Cineplex,38.65058362,-121.12359106
13553,Starbucks,36.158192,-115.290803
13554,Asian Food,37.4081720167,-121.96329045
13555,Mexican,37.1236418,-122.1216292667
13556,Corporate Office,37.4065973667,-121.9810146
13557,Trader Joe's,36.9777724167,-121.9705116167
13558,Mediterranean,38.2982003689,-122.2867208719
13559,Starbucks,36.7801145333,-119.7866538333
13560,Beach,36.8599457333,-121.81537385
13561,Other - Architecture,37.4060112267,-122.1484422684
13562,Contemporary Church,34.2244965167,-118.8782808333
13563,Craftsman,34.2649673167,-119.0421021833
13564,Frozen Yogurt,37.340513203,-121.906192745
13565,Apartment,37.5345585833,-122.26126285
13566,Playground,37.8803093132,-122.2967711655
13567,Other - Airport,38.5100915833,-122.8060715
13568,Asian Food,37.4218938833,-121.9162076167
13569,Corporate Office,37.4132303723,-121.9315462635
13570,Fountain,37.3515528667,-121.9671039667
13571,City Park,37.6463483833,-120.9270643667
13572,Castle,37.6859002667,-120.9735708667
13573,Playground,37.6737533333,-120.9305581833
13574,Pet Store,33.7612120243,-118.1377136707
13575,Coffee Shop,33.982291717,-118.405172933
13576,Apartment,37.75986051,-122.26428222
13577,Bar,37.3094756068,-121.9941138405
13578,Asian,33.9972761833,-118.42485405
13579,Dive Bar,34.1009277172,-118.3290644256
13580,Coffee Shop,39.15329626,-123.208380665
13581,Gas & Automotive,39.169215667,-123.213582267
13582,Burgers,32.6867677031,-117.1792832488
13583,Ultra-lounge,32.742142162,-117.222971268
13584,College,39.7179522,-121.8016511
13585,Gym,39.7044463069,-121.79271698
13586,Grocery,39.7620780118,-121.8226718903
13587,Train Station,37.4067060333,-121.96691775
13588,Corporate Office,37.5647177333,-122.31409685
13589,Garden,37.5647625333,-122.3141446167
13590,Synagogue,37.3402401293,-121.9204437733
13591,City Park,37.6304149833,-122.0442757167
13592,Craftsman,37.3042497126,-121.9127359723
13593,Grocery,37.2912281956,-121.9885933399
13594,Hospital,37.43612027,-122.17499369
13595,Burgers,37.294503433,-121.966194
13596,Corporate Office,37.475831535,-121.93520197
13597,Breakfast,37.3432134167,-121.9282667333
13598,Condo,33.7663331167,-118.3075962833
13599,Resort,33.78184915,-116.44209515
13600,Other - Travel & Lodging,33.806365465,-118.3244833702
13601,Ultra-lounge,36.04856985,-115.2270857833
13602,Asian,37.7624115657,-122.397351265
13603,Fine Dining,39.4980305071,-119.8009943962
13604,Grocery,37.467819617,-122.208132817
13605,Mexican,34.1580501833,-119.22146595
13606,Vineyard,38.5735779,-122.8425117667
13607,Ultra-lounge,37.2887883667,-121.9771615333
13608,Campus Commons,33.9288152306,-117.4246644974
13609,Church,32.7782189833,-117.0496576167
13610,Church,37.0493031833,-122.0664180167
13611,Other - Entertainment,36.7315681333,-119.74993295
13612,Grocery,33.6523147289,-117.646059923
13613,Grocery,34.0554212833,-117.9392666
13614,High School,34.05395029,-118.01169413
13615,Asian,34.0434195,-118.03202145
13616,Craftsman,37.31228747,-121.902211897
13617,Burgers,34.4718177667,-117.1916989167
13618,Cineplex,34.471069258,-117.1755945683
13619,Starbucks,34.4716869167,-117.2431888333
13620,Sonic,34.4714672812,-117.2376126051
13621,Mexican,34.5291564667,-117.2235092
13622,Holiday Inn Express,33.9591543333,-118.38579165
13623,Burgers,34.5000050207,-117.1818307042
13624,Craftsman,32.7721634667,-117.0112640833
13625,Modern,37.251662,-121.924222
13626,Thrift Store,36.1587969622,-115.1266014576
13627,Veterinarian,36.1001739502,-115.1202468872
13628,Grocery,36.1596765157,-115.1174985968
13629,Health & Fitness,34.194372804,-118.3452951908
13630,Whole Foods,37.9707922333,-122.516749
