poi_id,category,lat,lon
0,Department Store,40.75831462,-73.97728379
1,Coffee Shop,40.73719358,-73.99653554
2,Gym / Fitness Center,40.64668884,-73.91399171
3,Plaza,40.72988184,-73.99101958
4,Subway,40.64609878,-73.90266895
5,Subway,40.67837611,-73.90339851
6,Ferry,40.64440554,-74.07295704
7,Bridge,40.60679958,-74.04416981
8,Subway,40.73977054,-74.00258124
9,Food & Drink Shop,40.72413519,-73.99778927
10,Coffee Shop,40.66144182,-73.84009838
11,Department Store,40.65239545,-73.86983119
12,Coffee Shop,40.74064692,-73.99104044
13,Department Store,40.7221271,-73.99930899
14,Coffee Shop,40.76590104,-73.96343432
15,Bridge,40.60233803,-74.06333123
16,Train Station,40.67692779,-73.89869928
17,Department Store,40.75061379,-73.98856401
18,Department Store,40.77388356,-73.98221954
19,Clothing Store,40.73458619,-73.99009926
20,Clothing Store,40.73512291,-73.99118391
21,Clothing Store,40.73524837,-73.991138
22,Coffee Shop,40.73709857,-73.99039768
23,Subway,40.75650613,-73.98802757
24,Other Great Outdoors,40.86735263,-74.06783451
25,Soup Place,40.74068572,-73.9872929
26,Food & Drink Shop,40.73898202,-73.98967713
27,Train Station,40.75280621,-73.97717535
28,Neighborhood,40.61740978,-73.95989862
29,Beach,40.56708945,-73.86546135
30,Plaza,40.75648987,-73.98626804
31,Coffee Shop,40.75755034,-73.98486528
32,Train Station,40.59009477,-73.9741788
33,Sandwich Place,40.73710648,-73.99032308
34,Road,40.75789583,-73.97765279
35,Coffee Shop,40.73887144,-73.98297137
36,Coffee Shop,40.73340972,-74.00285648
37,Bus Station,40.64580572,-73.90217543
38,Bridge,40.69495631,-74.01334763
39,Department Store,40.7623248,-73.96781445
40,Coffee Shop,40.74139633,-74.0048182
41,American Restaurant,40.72516293,-73.99215952
42,Bar,40.72236398,-73.99433613
43,Seafood Restaurant,40.74588914,-73.98852104
44,Hotel,40.74507684,-73.988676
45,Airport,40.773839,-73.87122
46,Airport,40.76915667,-73.86195399
47,Airport,40.68968494,-74.17938709
48,American Restaurant,40.74583735,-73.98799265
49,Mexican Restaurant,40.76282906,-73.99311791
50,Bar,40.75151596,-73.99352074
51,Clothing Store,40.74588533,-73.98860139
52,Bar,40.74421528,-73.98853804
53,Sporting Goods Shop,40.72463254,-73.99553239
54,Bar,40.77143374,-73.98247004
55,Art Museum,40.76139684,-73.97698575
56,Electronics Store,40.7639385,-73.9730883
57,Gastropub,40.72639998,-73.99173485
58,Food & Drink Shop,40.74195651,-74.00483627
59,Burger Joint,40.71324019,-74.01618004
60,Park,40.70159374,-73.995924
61,Neighborhood,40.74167271,-73.98928821
62,Beer Garden,40.74203393,-73.98993663
63,Bar,40.73258001,-74.00255978
64,Other Great Outdoors,40.73166539,-73.97783518
65,Bar,40.72607169,-73.98347855
66,Hot Dog Joint,40.72704085,-73.98383596
67,Movie Theater,40.77364926,-73.98402163
68,Movie Theater,40.74276196,-73.97692323
69,French Restaurant,40.734953,-73.97967
70,Church,40.8168158,-73.9413925
71,BBQ Joint,40.77693,-73.977499
72,Gym / Fitness Center,40.80927,-73.94907117
73,Movie Theater,40.80939181,-73.95174265
74,Concert Hall,40.77308313,-73.98281336
75,Bus Station,40.7572213,-73.99154663
76,Church,40.8115815,-73.96310716
77,Gym / Fitness Center,40.80986581,-73.95154698
78,BBQ Joint,40.76042349,-73.99119539
79,Gym / Fitness Center,40.800356,-73.94687168
80,Food & Drink Shop,40.81967267,-73.95994453
81,Gym / Fitness Center,40.77920901,-73.95512875
82,Food & Drink Shop,40.78055768,-73.98171902
83,Department Store,40.7515016,-73.98271885
84,Art Museum,40.67163899,-73.96381202
85,Drugstore / Pharmacy,40.804072,-73.96695077
86,Movie Theater,40.75703139,-73.98902607
87,Train Station,40.68456337,-73.97761667
88,Bar,40.74980915,-73.98567796
89,Southern / Soul Food Restaurant,40.8082599,-73.9451639
90,Medical Center,40.84053484,-73.94120693
91,American Restaurant,40.80853416,-73.94512372
92,Food & Drink Shop,40.778504,-73.982092
93,Miscellaneous Shop,40.72289631,-74.03914364
94,Mall,40.72696607,-74.03832436
95,Department Store,40.73215319,-74.03588891
96,Food & Drink Shop,40.73114507,-74.04147863
97,Food & Drink Shop,40.72891738,-74.04134989
98,Building,40.71186956,-74.01181415
99,Train Station,40.71267093,-74.01193142
100,Subway,40.72688476,-74.03454781
101,Train Station,40.73606359,-74.02938724
102,Train Station,40.71948549,-74.04270172
103,Food & Drink Shop,40.7235186,-74.03974056
104,Medical Center,40.73479031,-73.98970901
105,Home (private),40.8331652,-73.94186034
106,Deli / Bodega,40.8340978,-73.94526722
107,Subway,40.73009874,-73.86145272
108,Subway,40.74970348,-73.987813
109,Office,40.69008723,-73.98177762
110,Subway,40.74637912,-73.98189068
111,Subway,40.79467579,-73.97176266
112,Subway,40.74914266,-73.93783808
113,Subway,40.68991272,-73.98150444
114,Subway,40.70858836,-73.99103165
115,Home (private),40.8331652,-73.94186034
116,Subway,40.75947867,-73.83009851
117,Train Station,40.69902344,-73.81001472
118,Bus Station,40.84884583,-73.93841743
119,Subway,40.81554068,-73.95842347
120,Other Great Outdoors,40.75141843,-73.98330688
121,Donut Shop,40.83416102,-73.94503761
122,Mall,40.73405558,-73.87084723
123,Subway,40.83128283,-73.9413925
124,Subway,40.69147465,-73.98738384
125,Bridge,40.80023122,-73.82881165
126,Subway,40.86046649,-73.92554283
127,Subway,40.82134415,-73.95403862
128,Bus Station,40.80799507,-73.9638555
129,Ferry,40.70145732,-74.01321429
130,Subway,40.68805851,-73.98049054
131,Bridge,40.75673368,-73.95445704
132,Bus Station,40.6316674,-73.94702948
133,Department Store,40.63154374,-73.94687409
134,Subway,40.69308534,-73.92848253
135,Subway,40.7468343,-73.89155388
136,Bridge,40.78008648,-73.92702341
137,Train Station,40.7507948,-73.99357639
138,Subway,40.77007682,-73.91798973
139,Train Station,40.69968865,-73.80783124
140,Subway,40.57745558,-73.98124695
141,Subway,40.8278609,-73.92565146
142,Subway,40.65394681,-74.00453787
143,Neighborhood,40.69192237,-73.98774628
144,Subway,40.85895412,-73.93261526
145,Subway,40.7679967,-73.98189068
146,Neighborhood,40.57683702,-73.98165136
147,School,40.79336765,-73.94829806
148,Bookstore,40.73316247,-73.99104044
149,Mexican Restaurant,40.77787135,-73.95476139
150,Food & Drink Shop,40.77191392,-73.95900894
151,Coffee Shop,40.81009017,-73.94326687
152,Clothing Store,40.72459189,-73.99714708
153,Coffee Shop,40.77211113,-73.96095474
154,Furniture / Home Store,40.72553593,-73.996785
155,Coffee Shop,40.72645384,-73.99859548
156,Theater,40.6867074,-73.97777081
157,Train Station,40.80514464,-73.939147
158,Soup Place,40.774626,-73.959236
159,Food & Drink Shop,40.79409,-73.96717
160,Arts & Crafts Store,40.79483545,-73.96598274
161,Beer Garden,40.74055798,-74.00777996
162,Coffee Shop,40.79096987,-73.94705147
163,Cuban Restaurant,40.68647961,-73.97434294
164,Clothing Store,40.77843897,-73.95451458
165,Asian Restaurant,40.73171833,-73.98555397
166,Dessert Shop,40.73179547,-73.98567259
167,Music Venue,40.81440532,-73.94437174
168,College Academic Building,40.809812,-73.95910078
169,Gastropub,40.75877063,-73.91840664
170,Food & Drink Shop,40.733879,-73.988185
171,Burger Joint,40.76853552,-73.95557647
172,Park,40.7352825,-73.99040315
173,Bar,40.74422472,-73.98403885
174,Bagel Shop,40.74486468,-73.99887963
175,Park,40.80448309,-73.94392399
176,Burger Joint,40.77912607,-73.95490489
177,Clothing Store,40.76035821,-73.97618294
178,Gym / Fitness Center,40.781333,-73.97965
179,Gym / Fitness Center,40.75915,-73.978449
180,Airport,40.64396594,-73.78272057
181,Gym / Fitness Center,40.78167984,-73.97932124
182,Bar,40.72635525,-74.00576234
183,Steakhouse,40.75929496,-73.97823651
184,American Restaurant,40.73779799,-73.98969179
185,Gym / Fitness Center,40.74130691,-73.99004459
186,Gym / Fitness Center,40.77810349,-73.98030265
187,Airport,40.69576976,-74.17732716
188,Airport,40.76906115,-73.8621676
189,American Restaurant,40.78663971,-73.9756366
190,American Restaurant,40.745677,-74.0054679
191,Park,40.73228891,-74.01051196
192,Office,40.74622927,-73.982381
193,Pizza Place,40.743982,-74.006678
194,Restaurant,40.714482,-73.957302
195,Beer Garden,40.77300702,-73.9158863
196,Park,40.73083612,-73.99764061
197,Chinese Restaurant,40.72770626,-73.985601
198,Italian Restaurant,40.71811007,-73.95754527
199,Pizza Place,40.715697,-73.953603
200,Flea Market,40.7205995,-73.96312594
201,Flea Market,40.71985686,-73.96130487
202,Music Venue,40.673615,-73.99171
203,Taco Place,40.74111615,-73.98540974
204,Coffee Shop,40.74404465,-73.98373696
205,Pizza Place,40.74448928,-73.98132205
206,Law School,40.77095773,-73.98431432
207,Falafel Restaurant,40.72909625,-73.98886442
208,Ice Cream Shop,40.72634865,-73.98415715
209,Food Truck,40.74265628,-73.98901463
210,Mexican Restaurant,40.75922049,-73.98880005
211,Harbor / Marina,40.70566047,-74.00287628
212,Flea Market,40.72059137,-73.96331906
213,Mexican Restaurant,40.7338442,-73.99309158
214,Park,40.77142562,-73.97350073
215,Bar,40.73907153,-73.9837978
216,Pizza Place,40.73168165,-73.99618149
217,Italian Restaurant,40.72154512,-73.98884243
218,Park,40.69118179,-73.97480965
219,Burger Joint,40.7414075,-73.98843795
220,Art Gallery,40.76734271,-73.96570724
221,Moving Target,40.77552918,-73.97142386
222,Bar,40.73909768,-73.98300006
223,Market,40.74186151,-73.98943363
224,Mexican Restaurant,40.73808374,-73.99064004
225,Park,40.66390777,-73.97094727
226,Bar,40.71275399,-73.96637304
227,General Entertainment,40.75167776,-73.99120687
228,Korean Restaurant,40.74771692,-73.98641483
229,Sporting Goods Shop,40.73753501,-73.99030209
230,Pizza Place,40.71883289,-73.95662114
231,Mexican Restaurant,40.76603841,-73.98682594
232,Neighborhood,40.73328159,-74.00329261
233,Mexican Restaurant,40.745245,-73.982692
234,Hotel,40.74088398,-74.00765959
235,Gym / Fitness Center,40.73441328,-74.01000023
236,Sporting Goods Shop,40.76280319,-73.97336954
237,Gym / Fitness Center,40.73268977,-73.97463799
238,Gym / Fitness Center,40.84884562,-73.82208807
239,Stadium,40.75044987,-73.99221104
240,Gym / Fitness Center,40.77424773,-73.9816284
241,Hotel,40.71532523,-74.00952456
242,University,40.72898243,-73.99583817
243,Seafood Restaurant,40.75546586,-73.98723364
244,Airport,40.64508936,-73.78452301
245,Coffee Shop,40.72795461,-73.99326138
246,Bookstore,40.75407124,-73.98446354
247,Zoo,40.76744416,-73.97193432
248,Park,40.75372797,-73.98368836
249,Movie Theater,40.73416736,-73.99048716
250,Hardware Store,40.7421523,-73.99064541
251,Stadium,40.81348443,-74.07433033
252,Performing Arts Venue,40.77253079,-73.98344198
253,Other Great Outdoors,40.74335535,-73.93283844
254,Park,40.780519,-73.920682
255,Fast Food Restaurant,40.75363804,-73.99246368
256,Plaza,40.63726578,-74.07631516
257,Bar,40.74099801,-74.00822997
258,Coffee Shop,40.72385604,-73.99640679
259,Hot Dog Joint,40.77887659,-73.95391187
260,German Restaurant,40.75274101,-73.97330797
261,Food & Drink Shop,40.764016,-73.82947598
262,Breakfast Spot,40.70353166,-73.80230515
263,Drugstore / Pharmacy,40.60589932,-73.98453815
264,Food & Drink Shop,40.75778225,-73.82794674
265,Bus Station,40.70780845,-73.80277045
266,Coffee Shop,40.71809032,-73.99999866
267,Neighborhood,40.75951305,-73.8314724
268,Coffee Shop,40.75811474,-73.82963978
269,Road,40.68779755,-73.89198303
270,Medical Center,40.63904062,-73.99794102
271,Miscellaneous Shop,40.65078525,-73.87308141
272,Department Store,40.78292986,-73.83085012
273,Department Store,40.78322232,-73.8334465
274,Department Store,40.68430926,-73.97653194
275,Food & Drink Shop,40.73485229,-73.99108529
276,Clothing Store,40.73595831,-73.991189
277,Food & Drink Shop,40.723955,-73.991829
278,Movie Theater,40.71486941,-74.01538907
279,Subway,40.7476146,-73.88395786
280,Tea Room,40.717854,-74.000208
281,Food & Drink Shop,40.76901868,-73.83484482
282,Coffee Shop,40.72693529,-74.00015934
283,Coffee Shop,40.61919611,-73.99012221
284,Diner,40.60570192,-73.98525554
285,Pet Store,40.73688751,-73.9902083
286,Bar,40.75026476,-73.98647222
287,College Academic Building,40.9135961,-73.90890495
288,College Academic Building,40.91183,-73.906612
289,College Academic Building,40.91163004,-73.90776816
290,College Academic Building,40.91159986,-73.90760166
291,College Academic Building,40.91118966,-73.90711069
292,Other Great Outdoors,40.78782019,-73.79104614
293,College Academic Building,40.911961,-73.906654
294,College Academic Building,40.91123778,-73.90816431
295,Hotel,40.75261955,-73.99336294
296,Home (private),40.911136,-73.907403
297,Park,40.74218831,-73.98792419
298,Medical Center,40.74167305,-73.97428784
299,Salon / Barbershop,40.73991469,-73.98923268
300,Tea Room,40.74095989,-73.98918103
301,Food & Drink Shop,40.73652697,-73.99055958
302,Burger Joint,40.74077826,-73.98768315
303,Furniture / Home Store,40.74001922,-73.99469609
304,French Restaurant,40.73821644,-73.98784958
305,American Restaurant,40.734225,-73.99370327
306,French Restaurant,40.74033689,-73.98868174
307,Movie Theater,40.72576876,-73.99730722
308,Park,40.74706189,-74.00519371
309,Road,40.729798,-74.038666
310,Coffee Shop,40.74190438,-73.98906827
311,Movie Theater,40.74492343,-73.99803604
312,Bar,40.741128,-73.989902
313,Café,40.736827,-73.986909
314,Drugstore / Pharmacy,40.74123105,-73.98953684
315,Fried Chicken Joint,40.74310775,-73.98923842
316,Hotel,40.71933912,-74.00487185
317,Italian Restaurant,40.72443788,-74.00274171
318,Laundry Service,40.79419657,-73.97272825
319,Building,40.76080271,-73.99910343
320,Convention Center,40.75671096,-74.00100198
321,Burger Joint,40.785714,-73.97277653
322,General Entertainment,40.75678244,-74.00150299
323,Italian Restaurant,40.72628915,-74.00039463
324,Bar,40.73964988,-74.00695376
325,Clothing Store,40.74954093,-73.98661137
326,Airport,40.64088867,-73.78684044
327,Bar,40.73233046,-74.00163991
328,Café,40.723096,-73.995774
329,Clothing Store,40.72397123,-73.99608487
330,Hardware Store,40.76147154,-73.96677375
331,Taco Place,40.72144922,-73.99761379
332,Bar,40.71581961,-74.00887039
333,Bar,40.73255846,-73.98535884
334,Park,40.78086639,-73.96687031
335,Gym / Fitness Center,40.77792543,-73.96661282
336,Park,40.72150208,-73.9621067
337,Chinese Restaurant,40.7751419,-73.98249502
338,Bar,40.722262,-73.98332129
339,Bar,40.74239352,-74.00330983
340,Pizza Place,40.73037217,-74.00198422
341,Electronics Store,40.77023933,-73.98182631
342,Bar,40.74525975,-73.99247516
343,Hotel,40.72206051,-73.988544
344,Government Building,40.85328395,-73.97450594
345,Seafood Restaurant,40.8541298,-74.03318232
346,Gym / Fitness Center,40.91195587,-74.02976274
347,Medical Center,40.90400959,-73.96841526
348,American Restaurant,40.90514483,-74.03167248
349,Medical Center,40.88366806,-74.05626345
350,Coffee Shop,40.86384194,-73.97511005
351,Food & Drink Shop,40.81614775,-73.98043156
352,Community College,40.9510571,-74.08986568
353,Burger Joint,40.82305196,-73.97602114
354,Food & Drink Shop,40.82458439,-73.97378851
355,Coffee Shop,40.81309873,-73.98468554
356,Bagel Shop,40.864414,-73.961934
357,Building,40.81592792,-73.9580102
358,Bridge,40.7058882,-73.99000168
359,Comedy Club,40.74043669,-73.98490545
360,High School,40.91983291,-74.13420666
361,Coffee Shop,40.71925781,-74.04154301
362,General Entertainment,40.87828304,-74.15898085
363,Bar,40.72306684,-73.98850383
364,Bar,40.74446539,-73.97613018
365,Comedy Club,40.72382097,-73.98535073
366,College Academic Building,40.77089748,-73.98957253
367,Train Station,40.73420076,-74.16483829
368,Road,40.7273726,-74.02115822
369,Neighborhood,40.58345286,-74.1496253
370,Coffee Shop,40.72529209,-73.99214603
371,Office,40.70976869,-74.18928477
372,Donut Shop,40.715092,-74.19185894
373,Bar,40.72095499,-74.04472037
374,Bridge,40.85121557,-73.95206451
375,Bar,40.76034689,-73.98721829
376,Neighborhood,40.72351392,-74.22441245
377,American Restaurant,40.76307092,-73.98605327
378,Other Great Outdoors,40.7382475,-74.03024463
379,General Entertainment,40.73939794,-73.99320973
380,Diner,40.76013134,-74.04415237
381,Office,40.77037447,-74.02654
382,Residential Building (Apartment / Condo),40.75635511,-74.04270657
383,Coffee Shop,40.75099887,-74.02547652
384,Food & Drink Shop,40.75553088,-73.98596764
385,Home (private),40.74610688,-74.02413672
386,Movie Theater,40.75412688,-74.0319143
387,Coffee Shop,40.741503,-74.030671
388,Food & Drink Shop,40.74989042,-74.03604984
389,Museum,40.76442135,-73.99944305
390,Plaza,40.7308849,-74.06433105
391,Other Great Outdoors,40.76867279,-74.02414532
392,American Restaurant,40.75992611,-74.02246411
393,Other Great Outdoors,40.77361051,-74.03396264
394,Building,40.74828059,-73.98556262
395,Bakery,40.74764848,-73.99302035
396,City,40.77941655,-74.03543146
397,Food & Drink Shop,40.7761218,-74.03489113
398,City,40.67334754,-74.11102295
399,Mall,40.91733544,-74.07566071
400,Department Store,40.91977148,-74.07540321
401,American Restaurant,40.9192202,-74.07471657
402,Department Store,40.66013495,-74.1070974
403,Other Great Outdoors,40.74673676,-73.98262024
404,Other Great Outdoors,40.74518078,-73.97943602
405,Chinese Restaurant,40.78009363,-74.0098287
406,Movie Theater,40.80802755,-73.9881134
407,Plaza,40.7498254,-73.9879632
408,Bar,40.713517,-73.961712
409,Subway,40.60323393,-73.97238004
410,BBQ Joint,40.772301,-73.955844
411,Coffee Shop,40.77105732,-73.95674168
412,American Restaurant,40.58414369,-73.93951539
413,Movie Theater,40.58606021,-73.92983437
414,Sandwich Place,40.68189339,-73.96026596
415,Coffee Shop,40.64711406,-73.88337152
416,Coffee Shop,40.717997,-73.959328
417,Bar,40.673543,-73.967318
418,General Entertainment,40.73752278,-73.98527275
419,Bowling Alley,40.733176,-73.810405
420,Beer Garden,40.68183918,-73.96677481
421,Movie Theater,40.6264401,-74.17276191
422,Plaza,40.77222744,-73.98302876
423,Train Station,40.62098151,-73.97536685
424,University,40.69342491,-73.99171189
425,Subway,40.63554789,-73.97815704
426,Bar,40.77138107,-73.95646042
427,Residential Building (Apartment / Condo),40.614733,-73.977274
428,Music Venue,40.72837781,-73.99953957
429,Neighborhood,40.59112794,-73.94521952
430,Neighborhood,40.66672356,-73.88247728
431,Hot Dog Joint,40.57514127,-73.98150444
432,Neighborhood,40.66911608,-73.94283772
433,Food & Drink Shop,40.58992605,-73.95230466
434,Coffee Shop,40.74590156,-73.98814227
435,Electronics Store,40.7528124,-73.97717474
436,Coffee Shop,40.727612,-74.007306
437,Bar,40.72686791,-73.98896295
438,Gym / Fitness Center,40.76020332,-73.96292348
439,Chinese Restaurant,40.71994346,-74.00856626
440,Gym / Fitness Center,40.762539,-73.9719
441,Sushi Restaurant,40.75915433,-73.962321
442,Clothing Store,40.76227187,-73.97446577
443,Clothing Store,40.72180301,-73.999814
444,Department Store,40.76346247,-73.97400498
445,French Restaurant,40.74364391,-73.98388825
446,Furniture / Home Store,40.73821528,-73.99004187
447,Department Store,40.75123961,-73.99161433
448,Café,40.7513102,-73.983793
449,Movie Theater,40.77490897,-73.9820531
450,Other Great Outdoors,40.81780414,-73.85728598
451,Gym / Fitness Center,40.80845052,-73.94511798
452,Bar,40.72931421,-73.98930154
453,Salon / Barbershop,40.7397717,-73.98540475
454,Other Great Outdoors,40.73273351,-73.96397959
455,Bar,40.76500642,-73.98313522
456,Drugstore / Pharmacy,40.75418129,-73.98693708
457,Library,40.75201987,-73.98174047
458,Bus Station,40.80422126,-73.93837878
459,Airport,40.77025558,-73.86387348
460,Building,40.70840115,-74.00800963
461,American Restaurant,40.707677,-74.0081495
462,Other Great Outdoors,40.7576439,-73.98590326
463,Movie Theater,40.7523461,-73.99408777
464,Gym / Fitness Center,40.80841734,-73.94515514
465,Food & Drink Shop,40.70833916,-74.00792356
466,Other Great Outdoors,40.74696317,-73.96962165
467,Breakfast Spot,40.7329987,-73.98549557
468,Office,40.70365925,-73.98676491
469,General Entertainment,40.75857035,-73.98021698
470,Park,40.79962396,-73.97343267
471,Office,40.76985338,-73.99028599
472,Gym / Fitness Center,40.774319,-73.988478
473,Park,40.80145843,-73.96746357
474,Park,40.77585369,-73.97525489
475,Gym / Fitness Center,40.76459272,-73.96637878
476,Restaurant,40.781856,-73.979227
477,Bar,40.76421263,-73.98701743
478,Plaza,40.75875624,-73.97866122
479,Bar,40.76000064,-73.9964819
480,Bar,40.74078734,-73.99331877
481,Burger Joint,40.78082577,-73.97648335
482,Sandwich Place,40.75228878,-73.97421323
483,Bar,40.7617138,-73.99395004
484,Sandwich Place,40.75842407,-73.97068977
485,Plaza,40.76803327,-73.98186922
486,Bowling Alley,40.75739368,-73.99330097
487,Other Great Outdoors,40.77210813,-73.97590399
488,Ice Cream Shop,40.78082031,-73.98017065
489,Coffee Shop,40.76116538,-73.97340397
490,Burger Joint,40.76024293,-73.9750684
491,General Travel,40.76456962,-74.02360022
492,Road,40.76117086,-74.01128769
493,Park,40.77375591,-73.97418453
494,Donut Shop,40.74989042,-73.99236202
495,Food & Drink Shop,40.77856926,-73.97810451
496,Furniture / Home Store,40.77283953,-73.98224824
497,Subway,40.7784129,-73.98201942
498,General Entertainment,40.75916766,-73.98492157
499,Mall,40.7489656,-73.98881947
500,Sandwich Place,40.778906,-73.97777
501,Neighborhood,40.728596,-73.98936
502,Gym / Fitness Center,40.76888139,-73.98200366
503,Other Great Outdoors,40.75590473,-73.98686886
504,Burger Joint,40.75845677,-73.98914047
505,Candy Store,40.76022,-73.98439
506,Furniture / Home Store,40.76374689,-73.97148907
507,Furniture / Home Store,40.761552,-73.968318
508,Drugstore / Pharmacy,40.77851247,-73.98194406
509,Drugstore / Pharmacy,40.77943749,-73.97724362
510,Drugstore / Pharmacy,40.77703357,-73.98266719
511,Government Building,40.75931801,-73.97995949
512,Bar,40.76415462,-73.98689691
513,Italian Restaurant,40.73447775,-73.99210787
514,Bar,40.76315839,-73.99294575
515,Home (private),40.91398039,-74.0946311
516,Office,40.89228564,-73.94494577
517,Train Station,40.76147966,-74.0755105
518,Bar,40.75884666,-73.98955107
519,Diner,40.92607839,-74.09735271
520,Burger Joint,40.91914598,-74.0860301
521,Neighborhood,40.76203225,-73.98515224
522,Bridge,40.79981702,-73.79351377
523,Stadium,40.82827721,-73.92655344
524,Mall,40.90579353,-74.03098583
525,Mall,40.91492331,-74.05827999
526,Bookstore,40.75485026,-73.98800494
527,Bar,40.887145,-73.904555
528,Deli / Bodega,40.88726163,-73.904543
529,Home (private),40.88729679,-73.9065883
530,Bar,40.884683,-73.899718
531,Bar,40.67682903,-73.96343804
532,Burger Joint,40.74613121,-73.9781034
533,Bar,40.745949,-73.977803
534,Bar,40.74536761,-73.97914332
535,Wings Joint,40.76526318,-73.98158249
536,Coffee Shop,40.75697749,-73.98931503
537,Bar,40.75599819,-73.99114966
538,Bridge,40.70595327,-73.99656773
539,Coffee Shop,40.76900427,-73.98231983
540,Bar,40.76172345,-73.99415374
541,Candy Store,40.76215646,-73.9660918
542,College Academic Building,40.74033516,-73.98317073
543,Fast Food Restaurant,40.75629482,-73.98789883
544,Coffee Shop,40.75957308,-73.98524406
545,College Academic Building,40.77018064,-73.98789707
546,Food & Drink Shop,40.76806171,-73.98184776
547,Gym / Fitness Center,40.58532515,-73.9520234
548,Park,40.76864675,-73.98086071
549,Deli / Bodega,40.58613798,-73.98802175
550,Korean Restaurant,40.74790144,-73.98689117
551,Furniture / Home Store,40.76822422,-73.982234
552,Korean Restaurant,40.74760294,-73.98625987
553,Bowling Alley,40.7219681,-73.95756249
554,Bar,40.7211443,-73.95695686
555,Beer Garden,40.70562922,-74.00100866
556,Movie Theater,40.75699374,-73.989079
557,Mexican Restaurant,40.75712378,-73.98948267
558,American Restaurant,40.75688403,-73.98656309
559,Medical Center,40.64603282,-74.02045007
560,Medical Center,40.64671746,-74.0211153
561,Medical Center,40.60829783,-73.96142541
562,Bar,40.583875,-73.94781237
563,Bridge,40.71356548,-73.97236347
564,Park,40.57485999,-73.978434
565,Medical Center,40.79005808,-73.95325005
566,Food & Drink Shop,40.58270425,-73.98557119
567,Gym / Fitness Center,40.74632627,-74.00862364
568,Bar,40.70423809,-74.01015578
569,Bar,40.70443641,-74.01012361
570,Home (private),40.70489849,-74.01238511
571,Park,40.70357834,-74.01618004
572,Ferry,40.703253,-74.00609493
573,Furniture / Home Store,40.67168754,-74.01038647
574,Furniture / Home Store,40.74015544,-73.99480513
575,Food & Drink Shop,40.74481848,-73.99515152
576,Bakery,40.73864059,-73.99253368
577,Performing Arts Venue,40.72973041,-73.99755478
578,Bar,40.75006726,-74.00270154
579,Burger Joint,40.71529762,-74.01478529
580,Bar,40.70435972,-74.01022464
581,Food & Drink Shop,40.71591729,-74.01202073
582,Community College,40.7448228,-73.93645571
583,Bank,40.75464922,-73.89583721
584,Arts & Crafts Store,40.75245876,-73.9097929
585,Coffee Shop,40.75271884,-73.90970707
586,Antique Shop,40.76628081,-73.95416444
587,Movie Theater,40.75526953,-73.92368261
588,Coffee Shop,40.72285185,-73.86757493
589,Toy / Game Store,40.73434825,-73.86902332
590,Department Store,40.75785776,-73.83471272
591,Home (private),40.70477381,-73.94186034
592,Event Space,40.7420954,-74.00742531
593,Bar,40.71804198,-73.95757904
594,Bar,40.74735469,-73.98440041
595,Vegetarian / Vegan Restaurant,40.7475513,-73.98114057
596,Movie Theater,40.71621993,-73.96228637
597,Pizza Place,40.70507899,-73.93364404
598,Bar,40.711369,-73.947794
599,Bar,40.74043789,-73.998375
600,Bar,40.71892124,-73.95938777
601,Beer Garden,40.687147,-73.990846
602,Bar,40.744279,-73.995839
603,Hot Dog Joint,40.71428111,-73.9613986
604,Diner,40.77062934,-73.91698122
605,Home (private),40.76723746,-73.89482953
606,Government Building,40.69916863,-73.98959423
607,Deli / Bodega,40.69813446,-73.99260716
608,Government Building,40.75052332,-73.93994018
609,Gym / Fitness Center,40.76396629,-73.9151144
610,College Academic Building,40.72195742,-73.79645348
611,University,40.7216647,-73.79473686
612,Electronics Store,40.75364622,-73.91210859
613,Performing Arts Venue,40.7601065,-73.98041169
614,Coffee Shop,40.76036636,-73.91790717
615,College Academic Building,40.72217191,-73.79351594
616,Bar,40.76375501,-73.91457796
617,Diner,40.69786696,-73.99178076
618,Neighborhood,40.74576137,-73.9033556
619,Donut Shop,40.74557029,-73.90323816
620,American Restaurant,40.7555959,-73.92275333
621,Hotel,40.75594943,-73.97242785
622,College Academic Building,40.72277054,-73.79508018
623,Coffee Shop,40.75379775,-73.98681521
624,Performing Arts Venue,40.80822245,-74.10651684
625,Road,40.75717718,-73.98965736
626,Diner,40.73596877,-73.87561379
627,BBQ Joint,40.7328361,-73.86374474
628,Bagel Shop,40.77464643,-73.90869252
629,Burger Joint,40.77432474,-73.91280902
630,Other Great Outdoors,40.74202844,-73.98837757
631,City,40.82507881,-73.9201355
632,Department Store,40.735407,-73.87420104
633,Coffee Shop,40.702345,-73.9906849
634,Subway,40.70715046,-73.99030638
635,Home (private),40.66855421,-73.96537147
636,Home (private),40.66855421,-73.96537147
637,Concert Hall,40.76973538,-73.99243499
638,Food & Drink Shop,40.73366542,-73.98781515
639,Café,40.671275,-73.95768734
640,Bar,40.713723,-73.95761367
641,Bar,40.72789008,-73.99897144
642,Diner,40.71386,-73.951577
643,Bar,40.74028677,-74.0071833
644,Bar,40.71400481,-73.96559245
645,Bar,40.72240464,-73.95522952
646,Bar,40.715013,-73.9514637
647,Clothing Store,40.72354687,-73.9981336
648,Australian Restaurant,40.678989,-73.968288
649,Bar,40.6782347,-73.96857131
650,Office,40.74722445,-73.94382477
651,Bar,40.75705234,-73.96721103
652,Gym / Fitness Center,40.73690899,-74.03093315
653,Bar,40.737661,-74.031302
654,Bar,40.73891377,-74.03018151
655,Burger Joint,40.7385593,-74.03072834
656,Coffee Shop,40.76139825,-73.96798013
657,Bar,40.730465,-74.0042603
658,Bar,40.756363,-73.967635
659,Coffee Shop,40.72634213,-74.03284954
660,Burrito Place,40.774772,-73.954047
661,Train Station,40.73412061,-74.16445255
662,Coffee Shop,40.77865225,-73.95600343
663,Stadium,40.81143815,-74.06779647
664,Other Nightlife,40.75427929,-73.98708344
665,Bar,40.76401977,-73.99757403
666,Burrito Place,40.73355153,-73.98995876
667,Bar,40.7204179,-73.98438319
668,Coffee Shop,40.78007502,-73.95526898
669,Bar,40.74834155,-73.99261289
670,Bar,40.72834571,-73.99944775
671,Library,40.77433764,-73.98478493
672,Plaza,40.77210813,-73.97742748
673,Gym / Fitness Center,40.77250538,-73.97392626
674,Movie Theater,40.77347313,-73.98300648
675,Sandwich Place,40.71323646,-74.00915157
676,Clothing Store,40.754376,-73.978525
677,Concert Hall,40.78051373,-73.98104875
678,Ferry,40.713852,-74.032611
679,Movie Theater,40.73119791,-74.00157273
680,Train Station,40.67282676,-73.99085999
681,Ferry,40.76318618,-74.0006876
682,Park,40.77832353,-73.98911119
683,Electronics Store,40.7747305,-73.98209328
684,Office,40.78287158,-73.95779208
685,Subway,40.73782411,-74.00020078
686,Food & Drink Shop,40.78083036,-73.98117501
687,Subway,40.77378187,-73.98227692
688,Ferry,40.75944803,-74.00562286
689,Stadium,40.68312,-73.975979
690,Bar,40.72462247,-73.99586106
691,Coffee Shop,40.72227958,-73.99517676
692,Office,40.723206,-73.997249
693,Bar,40.7244943,-73.99334747
694,Bar,40.72939547,-73.98717238
695,Gym / Fitness Center,40.72241035,-73.99948218
696,Bar,40.72392515,-73.99691105
697,Coffee Shop,40.72263849,-73.99800161
698,Bar,40.72737863,-73.9921997
699,Food & Drink Shop,40.689649,-73.992413
700,Bar,40.71657362,-73.98917529
701,Park,40.72678506,-74.00346747
702,Bar,40.76346398,-73.97774867
703,American Restaurant,40.72370271,-73.99634312
704,Bar,40.721291,-73.994262
705,Bar,40.71445201,-73.99801882
706,Bookstore,40.72354286,-73.99599305
707,Vegetarian / Vegan Restaurant,40.72218619,-73.99712358
708,Bar,40.728306,-73.981973
709,Bakery,40.76007528,-73.82697605
710,College Academic Building,40.77028192,-73.73554917
711,Fast Food Restaurant,40.76609349,-73.98334441
712,Food & Drink Shop,40.75719626,-73.8371939
713,Food & Drink Shop,40.7632808,-73.8091237
714,Flea Market,40.68741519,-73.96922529
715,Park,40.74696435,-73.8076973
716,Post Office,40.71252453,-74.01016726
717,Department Store,40.71056828,-74.01106817
718,Electronics Store,40.71122335,-74.00815487
719,Sushi Restaurant,40.75249255,-73.98029117
720,Food & Drink Shop,40.75203613,-73.97601128
721,Home (private),40.60259049,-73.98887973
722,Laundry Service,40.606173,-73.98629386
723,High School,40.76433414,-73.95784948
724,Bar,40.760871,-73.990166
725,Athletic & Sport,40.59024369,-73.8989492
726,Hotel,40.75925299,-73.98515224
727,Electronics Store,40.75794644,-73.98576057
728,Clothing Store,40.72134758,-73.99996877
729,Korean Restaurant,40.762844,-73.987543
730,Bar,40.76430758,-73.98882151
731,Hotel,40.76256859,-73.98227692
732,Building,40.75892063,-73.97925237
733,Coffee Shop,40.73317756,-73.99116039
734,Home (private),40.61416155,-74.00063278
735,Music Venue,40.71749324,-74.00106579
736,Department Store,40.6611544,-73.72579734
737,Subway,40.66161146,-73.9622459
738,Subway,40.74137194,-73.98931503
739,Subway,40.6552623,-73.96150857
740,Department Store,40.79262893,-74.04188633
741,Road,40.78684822,-73.78910395
742,Road,40.78016772,-73.80259037
743,Neighborhood,40.72445001,-73.74550164
744,Neighborhood,40.78122385,-73.91837597
745,Road,40.81780414,-73.80359888
746,Road,40.7641223,-73.78840308
747,Road,40.74335535,-73.73199463
748,Other Great Outdoors,40.77943655,-73.80902767
749,Bank,40.75808275,-73.78525257
750,Road,40.58475655,-73.9503479
751,Road,40.60847918,-74.12698746
752,Road,40.75961057,-73.85473251
753,Home (private),40.77059295,-73.91834636
754,Bridge,40.72784213,-73.92916381
755,Road,40.71057275,-73.95584106
756,Subway,40.7509958,-73.99068832
757,Medical Center,40.85550037,-73.84623528
758,Bridge,40.739128,-73.952751
759,Road,40.81510842,-73.83662224
760,Road,40.69354089,-73.81158113
761,Neighborhood,40.72540497,-73.83224487
762,Hardware Store,40.82725456,-73.83911133
763,Coffee Shop,40.77433,-73.732803
764,Bakery,40.76342184,-73.77087593
765,Food & Drink Shop,40.74744593,-74.0006586
766,Seafood Restaurant,40.73771556,-73.98822262
767,Drugstore / Pharmacy,40.74619,-73.998091
768,Toy / Game Store,40.76355592,-73.97286773
769,Food & Drink Shop,40.75013498,-73.99873042
770,Soup Place,40.72754997,-74.00728659
771,Hotel,40.74000688,-74.00581181
772,Clothing Store,40.737231,-73.996793
773,Ramen /  Noodle House,40.75684746,-73.99362803
774,Gym / Fitness Center,40.71416626,-73.83132976
775,Medical Center,40.73055307,-73.88788475
776,Bar,40.780081,-73.95017
777,Gym / Fitness Center,40.73714913,-73.88753449
778,Chinese Restaurant,40.71446409,-73.99911582
779,Ramen /  Noodle House,40.73682776,-73.99064541
780,Bar,40.71943413,-73.95592661
781,Bar,40.73670405,-73.95522059
782,Cuban Restaurant,40.7228417,-73.99411647
783,Pizza Place,40.73184425,-73.98386478
784,Music Venue,40.73492042,-73.98829722
785,Bar,40.719119,-73.958428
786,Brewery,40.72158048,-73.95763711
787,Bar,40.74939033,-73.98286233
788,Music Venue,40.72048005,-73.9935598
789,Sandwich Place,40.7530419,-73.98907199
790,Bar,40.702435,-73.987073
791,Beer Garden,40.71415866,-73.95604141
792,Beach,40.57334844,-73.98030281
793,Beer Garden,40.69404524,-73.96137714
794,Bowling Alley,40.72269392,-73.95555925
795,Music Venue,40.72575884,-73.99211361
796,General Travel,40.75696158,-73.98982379
797,Office,40.89501929,-73.94258076
798,Gym / Fitness Center,40.72900653,-73.98930154
799,Bar,40.751384,-73.99231447
800,Thai Restaurant,40.73136899,-73.99431159
801,Office,40.75911138,-73.97954507
802,Coffee Shop,40.75164601,-73.99291992
803,Sushi Restaurant,40.7349661,-73.97965908
804,Bar,40.73211864,-73.98541242
805,Bar,40.71936953,-73.98957701
806,Subway,40.75047562,-73.94028425
807,Medical Center,40.89416436,-73.86074636
808,Medical Center,40.79030442,-73.9519373
809,Subway,40.79032208,-73.94764423
810,Other Great Outdoors,40.79635422,-73.94995602
811,Medical Center,40.67679807,-73.89837504
812,Eastern European Restaurant,40.72915518,-73.9870289
813,Subway,40.67026755,-73.98977637
814,Fast Food Restaurant,40.7200303,-73.84515971
815,Food & Drink Shop,40.71034233,-73.85208035
816,Medical Center,40.71141752,-73.85744999
817,Subway,40.74559767,-73.90328983
818,Hot Dog Joint,40.7314631,-73.9827705
819,Medical Center,40.738665,-73.975303
820,Medical Center,40.73319215,-73.98261554
821,Neighborhood,40.6501689,-73.94957542
822,BBQ Joint,40.74181124,-73.98826279
823,Hot Dog Joint,40.717006,-73.956565
824,Food Truck,40.76826485,-73.98243785
825,Office,40.75291813,-73.97225608
826,Bar,40.72194135,-73.99625896
827,Beer Garden,40.72112804,-73.99304867
828,Bar,40.71836265,-73.99081662
829,Bar,40.72234331,-73.9878381
830,Garden,40.66760246,-73.96317959
831,Bar,40.74492804,-73.98279346
832,Movie Theater,40.77851053,-73.95342971
833,Bar,40.729765,-73.980866
834,Convention Center,40.7226075,-73.99949366
835,Music Venue,40.73977867,-73.98508787
836,Mexican Restaurant,40.72411866,-73.95111647
837,Bar,40.72212005,-73.94996166
838,Park,40.72651075,-73.98171902
839,Dumpling Restaurant,40.71830136,-73.99192997
840,Bar,40.72935086,-73.99878781
841,Mac & Cheese Joint,40.73019162,-73.98417085
842,Movie Theater,40.77919429,-73.95384873
843,Movie Theater,40.69048328,-73.99201031
844,Coffee Shop,40.73500513,-73.99326138
845,Office,40.71302426,-74.01176251
846,Drugstore / Pharmacy,40.75186389,-73.99350815
847,General Entertainment,40.74049402,-73.98710489
848,Bar,40.78459913,-73.9773584
849,Music Venue,40.72856335,-73.99995849
850,Bar,40.71869023,-73.98931302
851,Bar,40.72218307,-73.94993484
852,Burger Joint,40.72370375,-73.99658414
853,Coffee Shop,40.72568701,-74.00570103
854,Donut Shop,40.71634665,-73.98854256
855,Office,40.76066702,-73.98106456
856,Coffee Shop,40.7394648,-74.00265604
857,Hotel,40.74587751,-73.98814227
858,Coffee Shop,40.74247745,-74.00684595
859,Office,40.74852161,-73.99083958
860,Clothing Store,40.74906016,-73.98607622
861,Music Venue,40.71427456,-73.95585773
862,Event Space,40.78286008,-73.95289015
863,Bakery,40.7295506,-73.98436024
864,Ramen /  Noodle House,40.7291104,-73.98424546
865,Park,40.76809421,-73.97828579
866,Park,40.74866718,-73.98837626
867,Bar,40.75401803,-73.98453241
868,Bar,40.7357546,-74.00079059
869,Harbor / Marina,40.74851649,-74.00829655
870,Harbor / Marina,40.72992161,-74.01090176
871,Asian Restaurant,40.74762449,-73.98637465
872,Food & Drink Shop,40.72264044,-73.98834944
873,Bar,40.71402088,-73.98987293
874,Stadium,40.75645736,-73.84606361
875,Automotive Shop,40.8619815,-74.04790454
876,Gym / Fitness Center,40.86284175,-74.05562091
877,Home (private),40.88108826,-74.07113589
878,Other Great Outdoors,40.83250291,-74.19210532
879,Office,40.72416908,-73.99721146
880,Ferry,40.76067265,-74.00367709
881,Ferry,40.77662552,-74.01072979
882,Italian Restaurant,40.72301983,-73.995854
883,Ramen /  Noodle House,40.7308585,-73.99070758
884,Japanese Restaurant,40.72903594,-73.98856122
885,Malaysian Restaurant,40.71920938,-73.99687108
886,Ramen /  Noodle House,40.72880254,-73.988159
887,Gym / Fitness Center,40.75365076,-73.9694839
888,Park,40.75332252,-73.98147345
889,Beer Garden,40.67230729,-73.95784374
890,Café,40.7274539,-73.98476601
891,Burrito Place,40.755235,-73.968381
892,Road,40.75297892,-73.95996094
893,Office,40.75087483,-73.98246058
894,Art Museum,40.77361447,-73.96410587
895,Park,40.65558858,-73.96247578
896,Gym / Fitness Center,40.75703723,-73.97148699
897,Bagel Shop,40.7561899,-73.97056293
898,Bar,40.725379,-73.983596
899,Home (private),40.75753284,-73.96537147
900,Park,40.74485099,-73.95828724
901,Residential Building (Apartment / Condo),40.73176295,-73.97792101
902,Mexican Restaurant,40.734738,-74.002162
903,Burger Joint,40.741347,-74.00501469
904,Bar,40.72306326,-73.95069122
905,Food & Drink Shop,40.73004029,-73.992856
906,Historic Site,40.71146733,-74.01328325
907,Park,40.713435,-74.006141
908,Bar,40.76351285,-73.98691986
909,Diner,40.76388517,-73.98838905
910,American Restaurant,40.75536822,-73.96833025
911,Mexican Restaurant,40.73962102,-73.99597922
912,Mexican Restaurant,40.75557964,-73.97086143
913,Latin American Restaurant,40.78279988,-73.9734149
914,Bar,40.71365005,-73.94946331
915,Bagel Shop,40.714049,-73.949311
916,Art Museum,40.77893666,-73.9622982
917,Music Venue,40.731698,-73.98922694
918,Bar,40.73189541,-73.98397572
919,Bar,40.73369431,-74.00212124
920,Clothing Store,40.72343212,-74.00055531
921,Music Venue,40.72110038,-73.98792419
922,Sculpture Garden,40.72999058,-73.99120331
923,Art Museum,40.74561706,-73.94767812
924,Music Venue,40.71924855,-73.96171813
925,Gym / Fitness Center,40.7991943,-74.09895296
926,Office,40.80615113,-74.0778446
927,Beer Garden,40.715209,-74.04685898
928,Office,40.74050712,-73.98690838
929,Bar,40.74985921,-73.98996152
930,Bar,40.82841336,-73.92549099
931,Bar,40.82720715,-73.92603063
932,Bar,40.817789,-74.21156901
933,Movie Theater,40.82858596,-74.14026976
934,University,40.73539476,-73.99436324
935,College Academic Building,40.73646162,-73.99647511
936,Art Museum,40.72233847,-73.99329008
937,Neighborhood,40.72288438,-73.99875641
938,Dessert Shop,40.7706708,-73.96607458
939,College Academic Building,40.7356185,-73.99721414
940,Gym / Fitness Center,40.77038,-73.95721
941,Park,40.77137686,-73.96882296
942,Coffee Shop,40.774215,-73.981176
943,Neighborhood,40.74093223,-74.00535274
944,Bar,40.73941846,-74.00677014
945,Clothing Store,40.73844143,-73.99151444
946,Brazilian Restaurant,40.76737916,-73.91811848
947,Hardware Store,40.75306095,-73.83531004
948,Building,40.78390964,-73.83610839
949,Road,40.70644125,-74.15183544
950,Coffee Shop,40.78195703,-73.82981211
951,Road,40.76663448,-73.71674041
952,Home (private),40.75113485,-74.20032308
953,Medical Center,40.78514256,-74.17647257
954,School,40.77095258,-74.21140085
955,Church,40.82433825,-73.94678839
956,Gym / Fitness Center,40.86239788,-73.89731857
957,University,40.74022508,-73.98348215
958,BBQ Joint,40.81821534,-73.96058739
959,Road,40.83874914,-73.87310028
960,Bar,40.76441663,-73.98302302
961,Subway,40.69716886,-73.93569231
962,Deli / Bodega,40.72230707,-73.98735166
963,Performing Arts Venue,40.6634023,-73.976447
964,Subway,40.8796783,-73.88464451
965,Other Great Outdoors,40.78411592,-73.96772861
966,BBQ Joint,40.71411847,-73.95639896
967,Bar,40.756161,-73.967686
968,Hotel,40.74198973,-74.00358438
969,Italian Restaurant,40.74205476,-74.00401354
970,Breakfast Spot,40.78590309,-73.97648335
971,Bar,40.72130848,-73.98807914
972,Bar,40.71423543,-73.96152872
973,Bagel Shop,40.71754203,-73.95793319
974,Park,40.72133752,-73.95218412
975,American Restaurant,40.727119,-73.993104
976,American Restaurant,40.713852,-73.957991
977,Bar,40.72029729,-73.98828575
978,Beer Garden,40.78567564,-73.98450851
979,Music Venue,40.768369,-73.955709
980,Mexican Restaurant,40.73418043,-73.98907772
981,Bar,40.71643185,-73.96150576
982,Burrito Place,40.80494,-73.992149
983,Home (private),40.76597116,-74.16509908
984,Bank,40.7724192,-74.18476721
985,Casino,40.91861784,-73.86543813
986,Home (private),40.76597116,-74.16509908
987,Bar,40.7392899,-74.03033069
988,Gas Station / Garage,40.81104838,-74.13724422
989,University,40.71017356,-74.08774517
990,Department Store,40.82464853,-74.13560271
991,Arcade,40.75671743,-73.98858547
992,Bookstore,40.82920294,-74.13943291
993,Other Great Outdoors,40.73168604,-74.17376899
994,Train Station,40.73226701,-74.06304359
995,Neighborhood,40.74419553,-74.05300484
996,Bar,40.73797525,-74.02742164
997,Neighborhood,40.72813686,-74.0418005
998,American Restaurant,40.75821277,-73.98682594
999,City,40.8963349,-74.00847444
1000,Hotel,40.70413141,-74.18608189
1001,Movie Theater,40.72690102,-74.03768063
1002,City,40.66429841,-74.21084404
1003,Department Store,40.74732199,-74.1369009
1004,Movie Theater,40.78531821,-74.04664993
1005,Road,40.75286759,-74.19430096
1006,Plaza,40.83811304,-73.85970692
1007,Diner,40.73653171,-73.9908281
1008,Coffee Shop,40.83550229,-73.8611269
1009,Clothing Store,40.75840959,-73.98554249
1010,Subway,40.83304509,-73.86081592
1011,American Restaurant,40.74270792,-73.98471032
1012,Smoke Shop,40.75714063,-73.96696996
1013,Hotel,40.75945846,-73.9951265
1014,Hotel,40.74403009,-73.98403885
1015,BBQ Joint,40.74543105,-73.99851809
1016,Burger Joint,40.78231651,-73.98111284
1017,Travel & Transport,40.79831823,-73.92302814
1018,Coffee Shop,40.741934,-73.990231
1019,Coffee Shop,40.71388621,-74.0089622
1020,Diner,40.83416291,-73.86113763
1021,Subway,40.841927,-73.873511
1022,Electronics Store,40.74339876,-73.99335894
1023,Coffee Shop,40.75503607,-73.98651239
1024,Coffee Shop,40.78589604,-73.97687056
1025,Electronics Store,40.72501469,-73.99909973
1026,Cemetery,40.74890933,-73.96507014
1027,Bakery,40.85642864,-73.84682542
1028,Neighborhood,40.71421606,-74.00596619
1029,Train Station,40.7070431,-73.77857924
1030,Bus Station,40.85741545,-73.85649204
1031,Neighborhood,40.8569872,-73.86776962
1032,Neighborhood,40.83991797,-73.87893677
1033,Movie Theater,40.86703055,-73.82539652
1034,Department Store,40.87364276,-73.9081192
1035,Deli / Bodega,40.79914338,-73.96300384
1036,Neighborhood,40.71834203,-74.00061817
1037,Plaza,40.80070778,-73.95825128
1038,Light Rail,40.74862247,-74.03892517
1039,Light Rail,40.72703111,-74.03484821
1040,Chinese Restaurant,40.75149459,-74.0536187
1041,Subway,40.70240711,-73.79997253
1042,Bar,40.73347072,-74.00228837
1043,Bar,40.718889,-74.043618
1044,Gym / Fitness Center,40.74611902,-73.99307013
1045,Coffee Shop,40.74708298,-73.99344503
1046,Bar,40.73353038,-74.00329835
1047,Bar,40.72868614,-74.00022247
1048,Subway,40.73290856,-74.00671275
1049,Park,40.72413656,-74.08368587
1050,Subway,40.74296517,-73.99287701
1051,Home (private),40.71616168,-73.88307006
1052,Bus Station,40.70934675,-73.9596498
1053,Subway,40.70841147,-73.95790637
1054,Other Great Outdoors,40.75971165,-73.82953774
1055,Food & Drink Shop,40.70566047,-73.89644623
1056,Bus Station,40.70615906,-73.89630229
1057,Neighborhood,40.71343536,-73.95807266
1058,Bus Station,40.71034281,-73.96110972
1059,Bus Station,40.69988847,-73.91055271
1060,Neighborhood,40.71419692,-73.88005256
1061,Subway,40.6996823,-73.91182065
1062,Road,40.70940576,-73.83814731
1063,Road,40.69979552,-73.91132204
1064,General Entertainment,40.95799336,-74.10746446
1065,Moving Target,40.71263039,-73.90021236
1066,Movie Theater,40.70819798,-73.86868
1067,Bus Station,40.75326795,-73.84486125
1068,Neighborhood,40.70275348,-73.79589998
1069,Hotel,40.75853784,-73.98560286
1070,Home (private),40.69321218,-73.93010371
1071,Coffee Shop,40.7581651,-73.98926137
1072,Neighborhood,40.77352188,-73.9567852
1073,Toy / Game Store,40.75727262,-73.98569171
1074,Thrift / Vintage Store,40.76321382,-73.98908346
1075,Subway,40.77500059,-73.91200304
1076,Medical Center,40.76984931,-73.98738384
1077,Hotel,40.75909046,-73.98468018
1078,Bar,40.75999389,-73.99179224
1079,Library,40.7532715,-73.98227692
1080,Coffee Shop,40.76044707,-73.98752246
1081,Coffee Shop,40.74774465,-73.98530245
1082,Subway,40.70024353,-73.9411211
1083,Office,40.75863158,-73.98215641
1084,Neighborhood,40.64501779,-74.01254865
1085,Donut Shop,40.63849661,-73.99727853
1086,Subway,40.71283099,-73.96920266
1087,Subway,40.63625945,-73.99479022
1088,Subway,40.71306941,-74.00441051
1089,Train Station,40.61336604,-74.00071979
1090,Train Station,40.83142195,-73.86761458
1091,Food & Drink Shop,40.82488397,-73.85730743
1092,Food & Drink Shop,40.83263028,-73.86060853
1093,Subway,40.64639998,-73.99432003
1094,Subway,40.70491221,-74.01401281
1095,Bus Station,40.83398159,-73.87722738
1096,Train Station,40.64089682,-73.99429321
1097,Convenience Store,40.7642754,-73.96164352
1098,Subway,40.76791697,-73.96357598
1099,Food & Drink Shop,40.82708617,-73.86262423
1100,Subway,40.73644568,-73.99030209
1101,Donut Shop,40.71113138,-74.006383
1102,University,40.7111095,-74.00504351
1103,Sandwich Place,40.73426695,-73.99110675
1104,Coffee Shop,40.7524962,-73.99423125
1105,Park,40.70919832,-74.01118577
1106,Food & Drink Shop,40.73904817,-73.9993215
1107,Department Store,40.751575,-73.992015
1108,Mexican Restaurant,40.7524276,-73.99410499
1109,Coffee Shop,40.75228555,-73.98580075
1110,Vietnamese Restaurant,40.72979057,-74.00069304
1111,Church,40.75850534,-73.97652626
1112,Food & Drink Shop,40.753018,-73.9928813
1113,Gym / Fitness Center,40.66275977,-73.98301728
1114,Hotel,40.74393866,-73.98399867
1115,Sandwich Place,40.74204094,-73.99044933
1116,Food & Drink Shop,40.67420193,-74.01670575
1117,Gym / Fitness Center,40.7250632,-73.99600453
1118,Residential Building (Apartment / Condo),40.82462308,-73.94134658
1119,School,40.854907,-73.90528
1120,Bar,40.72816944,-73.98843496
1121,American Restaurant,40.734853,-73.988588
1122,Bar,40.73135921,-73.98864156
1123,Subway,40.856028,-73.900845
1124,Smoke Shop,40.75204393,-73.98546214
1125,Mall,40.76792357,-73.98194432
1126,Burger Joint,40.78702825,-73.97758223
1127,Subway,40.8247747,-73.9442163
1128,Subway,40.80776769,-73.94545555
1129,Bookstore,40.7858706,-73.97828579
1130,Office,40.75566091,-73.975389
1131,Office,40.75873129,-73.98207606
1132,Event Space,40.75608352,-73.98951888
1133,Bar,40.7120462,-73.9511408
1134,Chinese Restaurant,40.71464248,-73.99764195
1135,Government Building,40.81286731,-73.96330833
1136,Clothing Store,40.72249408,-73.99771571
1137,Home (private),40.77255697,-74.14161271
1138,College Academic Building,40.70951682,-74.08783121
1139,Church,40.7260228,-74.04960274
1140,Diner,40.75065973,-74.16400683
1141,Neighborhood,40.88595663,-74.04349566
1142,Train Station,40.73929092,-74.15574074
1143,City,40.77094653,-74.13980352
1144,Train Station,40.73490106,-74.02931213
1145,Park,40.78224746,-73.97384405
1146,Office,40.74204967,-74.00477889
1147,Bar,40.72975028,-73.97846035
1148,Thai Restaurant,40.742949,-73.919404
1149,Beer Garden,40.75516499,-73.92498404
1150,Café,40.74595645,-73.91464233
1151,Subway,40.74410318,-73.91249657
1152,Home (private),40.7491622,-73.9065883
1153,Bar,40.66667421,-73.98817097
1154,Italian Restaurant,40.72623395,-73.99176928
1155,Bar,40.73038745,-74.17164389
1156,Gym / Fitness Center,40.92609036,-73.85365392
1157,Home (private),40.66353832,-73.93010371
1158,Museum,40.74407066,-73.98738384
1159,Plaza,40.67263892,-73.96990863
1160,Mall,40.92664586,-73.85567665
1161,Mexican Restaurant,40.73811372,-74.00196701
1162,Comedy Club,40.74751348,-73.99787536
1163,Bar,40.72574081,-73.9902829
1164,Café,40.72547162,-73.98378319
1165,BBQ Joint,40.74437759,-73.99620539
1166,Historic Site,40.63776202,-74.00221376
1167,Train Station,40.91095047,-73.78409386
1168,Mexican Restaurant,40.7499948,-73.97225034
1169,General Entertainment,40.75704221,-73.9981336
1170,Bar,40.760353,-73.989636
1171,Event Space,40.74286266,-73.99238908
1172,Bar,40.745212,-73.978328
1173,Ferry,40.654193,-74.056156
1174,Airport,40.6404979,-73.78941536
1175,Airport,40.64072585,-73.78937244
1176,Sandwich Place,40.7611831,-73.97886784
1177,Mexican Restaurant,40.75922735,-73.98283363
1178,Neighborhood,40.74471769,-73.97109097
1179,Coffee Shop,40.84118443,-73.93985407
1180,Ice Cream Shop,40.72957975,-73.98691412
1181,Coffee Shop,40.76006061,-73.97693369
1182,Ice Cream Shop,40.682201,-73.995931
1183,Jewelry Store,40.76289049,-73.97402957
1184,BBQ Joint,40.75047969,-73.99461575
1185,Food & Drink Shop,40.655362,-74.00889516
1186,Burger Joint,40.75924321,-73.97758524
1187,Sandwich Place,40.72495971,-73.99498877
1188,Drugstore / Pharmacy,40.75645383,-73.98297711
1189,Coffee Shop,40.74365597,-73.97662951
1190,Subway,40.78577312,-73.95099163
1191,Deli / Bodega,40.75271884,-73.98321569
1192,Drugstore / Pharmacy,40.78642299,-73.95072341
1193,Food & Drink Shop,40.78586423,-73.95094427
1194,Food & Drink Shop,40.752713,-73.980678
1195,Food & Drink Shop,40.77914002,-73.94793659
1196,Park,40.77437989,-73.94455543
1197,Bakery,40.777632,-73.95200044
1198,Food & Drink Shop,40.77842091,-73.95280979
1199,Pizza Place,40.70251834,-73.99350241
1200,General Travel,40.7603257,-73.96356583
1201,Food & Drink Shop,40.78458609,-73.97934993
1202,Subway,40.77950086,-73.95584619
1203,Steakhouse,40.76053836,-73.97781181
1204,City,40.8508585,-73.97017479
1205,Department Store,40.79535806,-73.93105745
1206,Airport,40.64925721,-73.78267765
1207,Coffee Shop,40.78580561,-73.95094872
1208,Coffee Shop,40.74907894,-73.98399867
1209,Art Museum,40.78299485,-73.95890951
1210,Department Store,40.76459171,-73.97121298
1211,Post Office,40.7529732,-73.97481013
1212,Airport,40.69881196,-73.80872726
1213,Airport,40.66176329,-73.82457107
1214,Drugstore / Pharmacy,40.760053,-73.769769
1215,Home (private),40.75686178,-73.75366953
1216,Taco Place,40.75740453,-73.7934987
1217,Home (private),40.78137698,-73.71836391
1218,Community College,40.75492947,-73.75667095
1219,Mall,40.77947346,-73.77699922
1220,Bakery,40.77985901,-73.77615452
1221,Café,40.78040833,-73.77632703
1222,Bookstore,40.78011898,-73.77649784
1223,Neighborhood,40.76214602,-73.73731613
1224,Office,40.79032208,-74.04909611
1225,Bar,40.72694627,-73.99148807
1226,Gym / Fitness Center,40.666351,-74.117888
1227,Convenience Store,40.68378079,-74.09997964
1228,Stadium,40.73308,-74.17082548
1229,Movie Theater,40.65930581,-74.1687657
1230,Mall,40.66059704,-74.17205097
1231,Bar,40.75275186,-73.97305387
1232,Other Great Outdoors,40.75279445,-73.97373112
1233,Subway,40.751633,-73.9758855
1234,Convention Center,40.7530926,-73.97358763
1235,Convention Center,40.75285676,-73.97367373
1236,Office,40.75312596,-73.97379425
1237,Convention Center,40.7530716,-73.97346711
1238,Office,40.75315784,-73.973932
1239,Office,40.753245,-73.973397
1240,Parking,40.75323067,-73.97356468
1241,Train Station,40.87429177,-73.91099453
1242,Neighborhood,40.86742121,-73.9248193
1243,Bar,40.63949763,-73.9798302
1244,Convention Center,40.63941333,-73.97987413
1245,Rest Area,40.75273893,-73.97357939
1246,Hotel,40.75325731,-73.97322031
1247,Library,40.75371248,-73.9737713
1248,Gym / Fitness Center,40.75293,-73.974725
1249,Building,40.75275225,-73.97358763
1250,Office,40.75304789,-73.97362781
1251,Train Station,40.67352655,-73.99594545
1252,Convention Center,40.75322891,-73.97315144
1253,Burger Joint,40.752508,-73.973353
1254,Cuban Restaurant,40.75835786,-73.98424546
1255,Bar,40.75290467,-73.97297925
1256,Hardware Store,40.75280845,-73.97370242
1257,Japanese Restaurant,40.753825,-73.973799
1258,Bar,40.76033223,-73.98725273
1259,Burger Joint,40.76548389,-73.91382522
1260,Bar,40.76581105,-73.91377929
1261,Residential Building (Apartment / Condo),40.7662253,-73.91071558
1262,Tea Room,40.75338272,-73.97444281
1263,Diner,40.76688552,-73.92162949
1264,Office,40.76780839,-73.91025416
1265,Bar,40.766979,-73.912507
1266,Coffee Shop,40.76664784,-73.92088115
1267,Bar,40.74781156,-73.94023868
1268,Automotive Shop,40.76600249,-73.910857
1269,Bar,40.76585964,-73.91457796
1270,Latin American Restaurant,40.78880047,-73.97428784
1271,Subway,40.7666966,-73.92148733
1272,Toy / Game Store,40.75839933,-73.98532455
1273,American Restaurant,40.78401844,-73.97452399
1274,Bar,40.78345291,-73.9791261
1275,Coffee Shop,40.78759206,-73.97501675
1276,Italian Restaurant,40.769771,-73.927716
1277,American Restaurant,40.762098,-73.925686
1278,Australian Restaurant,40.78357183,-73.97955081
1279,Bar,40.78336854,-73.97819996
1280,Movie Theater,40.78691058,-73.9777372
1281,Bar,40.7843169,-73.97760519
1282,Hotel,40.7555959,-73.97380114
1283,Bookstore,40.75338448,-73.97450594
1284,Residential Building (Apartment / Condo),40.76786088,-73.9161791
1285,Other Great Outdoors,40.76775997,-73.91594
1286,Fast Food Restaurant,40.76073931,-73.92638082
1287,Gym / Fitness Center,40.76190477,-73.9247489
1288,Gym / Fitness Center,40.75231,-73.975419
1289,Burger Joint,40.75528054,-73.98663865
1290,Bar,40.78133756,-73.94936573
1291,Coffee Shop,40.75230027,-73.97565186
1292,Office,40.75241412,-73.97532093
1293,Coffee Shop,40.75159143,-73.9741214
1294,Government Building,40.76800118,-73.91595519
1295,Garden Center,40.76801883,-73.91603557
1296,College Academic Building,40.76794696,-73.91590352
1297,Bar,40.7680121,-73.91592074
1298,Food & Drink Shop,40.69001786,-73.99341633
1299,Bagel Shop,40.69110023,-73.99160285
1300,Food & Drink Shop,40.69369648,-73.99020256
1301,Food & Drink Shop,40.69324948,-73.99137904
1302,Theater,40.68842703,-73.97879201
1303,Bar,40.729658,-73.998515
1304,Library,40.77322938,-73.9846158
1305,Movie Theater,40.723202,-73.9899354
1306,Pizza Place,40.689494,-73.99246395
1307,Breakfast Spot,40.71992902,-74.00853183
1308,Performing Arts Venue,40.75377861,-73.99197445
1309,Theater,40.76331288,-73.97056293
1310,Theater,40.76250358,-73.98472309
1311,Neighborhood,40.79357114,-73.94451141
1312,Home (private),40.68178466,-73.98887973
1313,Government Building,40.75278386,-73.98354292
1314,Food Truck,40.74010383,-73.98965836
1315,Office,40.74926222,-73.98398146
1316,Bar,40.75608725,-73.96758984
1317,Neighborhood,40.71789169,-73.99794102
1318,Office,40.737885,-73.991677
1319,Office,40.73784958,-73.99156268
1320,Chinese Restaurant,40.71500226,-73.99686534
1321,Bar,40.73203003,-73.98549658
1322,Café,40.73825815,-73.98921546
1323,Bar,40.72474226,-73.9872929
1324,Bar,40.70151272,-73.92727638
1325,Subway,40.73977359,-74.00257587
1326,Coffee Shop,40.6975018,-73.93144416
1327,Bar,40.74450047,-73.99849513
1328,Bar,40.74455837,-73.9942503
1329,Professional & Other Places,40.70185402,-73.92723799
1330,Bar,40.76087824,-73.990818
1331,Bar,40.7339548,-74.00017656
1332,Diner,40.75583152,-73.96477741
1333,Subway,40.75752331,-73.96917869
1334,Bar,40.742593,-74.000588
1335,Neighborhood,40.71594005,-73.98682594
1336,Subway,40.73158409,-74.00021553
1337,Subway,40.70681538,-73.95348072
1338,Subway,40.7002598,-73.94114256
1339,Subway,40.69783673,-73.92736598
1340,Train Station,40.70386504,-73.94740149
1341,Subway,40.73822397,-73.99621367
1342,Subway,40.74290014,-73.99279118
1343,Bar,40.70251201,-73.92677693
1344,Deli / Bodega,40.6972014,-73.93605709
1345,Mexican Restaurant,40.76406489,-73.98836609
1346,Subway,40.71860728,-73.9881134
1347,Bar,40.7421274,-73.99858121
1348,Deli / Bodega,40.79437893,-73.9488319
1349,Wings Joint,40.91156668,-73.78010273
1350,Clothing Store,40.73264788,-73.99115522
1351,Bar,40.72222989,-73.98581796
1352,Electronics Store,40.77953912,-73.95525232
1353,Movie Theater,40.91193999,-73.77949835
1354,Bar,40.75625012,-73.96771611
1355,Office,40.75615113,-73.978965
1356,Gym / Fitness Center,40.75531235,-73.98122092
1357,Coffee Shop,40.75557769,-73.97818049
1358,Coffee Shop,40.755404,-73.979639
1359,Gym / Fitness Center,40.74016644,-73.98603031
1360,Bar,40.740015,-73.982205
1361,Salad Place,40.74911235,-73.97567104
1362,Restaurant,40.75527488,-73.97880614
1363,Gym / Fitness Center,40.75922886,-73.98134718
1364,Electronics Store,40.7546357,-73.98010177
1365,Coffee Shop,40.74113604,-73.98578927
1366,Breakfast Spot,40.74387898,-73.98157101
1367,Coffee Shop,40.75395917,-73.97656637
1368,Bar,40.73466223,-73.98840053
1369,Bar,40.7399774,-73.99332451
1370,Breakfast Spot,40.721294,-73.983994
1371,Bar,40.76276251,-73.97173953
1372,Bar,40.737831,-73.981022
1373,American Restaurant,40.76107054,-73.99441489
1374,BBQ Joint,40.74434085,-73.99042638
1375,Burger Joint,40.74018614,-74.00571426
1376,Sandwich Place,40.740861,-73.987365
1377,Bar,40.75353218,-73.98182354
1378,Gym / Fitness Center,40.754263,-73.980316
1379,BBQ Joint,40.74448892,-73.98093396
1380,Bar,40.7425116,-73.98034282
1381,Coffee Shop,40.74029892,-73.98678303
1382,Bar,40.752294,-74.008758
1383,Bar,40.73260908,-73.98778071
1384,Gym / Fitness Center,40.738949,-73.989828
1385,Gym / Fitness Center,40.74618839,-73.98157101
1386,Bar,40.743313,-73.97992594
1387,Bar,40.729751,-73.9987545
1388,Bar,40.75057612,-73.97616462
1389,Coffee Shop,40.75389731,-73.97855401
1390,Coffee Shop,40.75870179,-73.97852922
1391,Bar,40.72860235,-73.98996152
1392,Bar,40.72947025,-73.98798466
1393,Bar,40.74091799,-73.98169727
1394,Mexican Restaurant,40.74235486,-73.98503171
1395,Office,40.75671276,-73.97812173
1396,Neighborhood,40.70411034,-73.7148037
1397,Medical Center,40.77862,-73.961189
1398,Seafood Restaurant,40.77483281,-73.9544744
1399,Bakery,40.779786,-73.95963
1400,Gas Station / Garage,40.70913584,-73.72298146
1401,Casino,40.67328244,-73.83260965
1402,Fast Food Restaurant,40.77793967,-73.95470974
1403,High School,40.69688618,-73.71793002
1404,Seafood Restaurant,40.85694779,-73.79164315
1405,Drugstore / Pharmacy,40.77962389,-73.95570849
1406,Bus Station,40.70253725,-73.79992962
1407,Movie Theater,40.74097362,-73.78434062
1408,Subway,40.70917392,-73.82070065
1409,Music Venue,40.75691211,-73.98881373
1410,Neighborhood,40.69451704,-73.73847485
1411,College Academic Building,40.8038898,-73.969019
1412,Bookstore,40.73673499,-73.98976066
1413,Scenic Lookout,40.79173407,-73.97890227
1414,University,40.80821993,-73.96215395
1415,American Restaurant,40.76873857,-73.98185223
1416,Clothing Store,40.76249397,-73.97458629
1417,Building,40.76243661,-73.97370816
1418,College Academic Building,40.80799107,-73.96203956
1419,Steakhouse,40.71004226,-73.96237247
1420,Diner,40.752188,-73.993585
1421,Science Museum,40.78118444,-73.97320309
1422,Sculpture Garden,40.77406421,-73.97095799
1423,Electronics Store,40.75080071,-73.99129869
1424,Fast Food Restaurant,40.75172001,-73.9928654
1425,Coffee Shop,40.68454006,-73.9777372
1426,Hobby Shop,40.73354816,-73.99102896
1427,Office,40.734311,-73.990991
1428,Subway,40.68331766,-73.87325943
1429,Burger Joint,40.6921107,-73.98889982
1430,Movie Theater,40.71743574,-74.01227321
1431,Bar,40.72819623,-73.99918377
1432,Donut Shop,40.72935205,-74.00692507
1433,Office,40.72852753,-74.0074817
1434,Bar,40.728833,-74.005256
1435,Sandwich Place,40.72738829,-74.00709723
1436,Sandwich Place,40.727297,-74.005485
1437,Gym / Fitness Center,40.72923881,-74.0052724
1438,Chinese Restaurant,40.72894872,-74.00533552
1439,Mexican Restaurant,40.72819472,-74.00538717
1440,Medical Center,40.75145703,-73.99050672
1441,College Academic Building,40.77937325,-73.95507135
1442,Travel Lounge,40.75094717,-73.99364015
1443,Train Station,40.935651,-73.902079
1444,Spiritual Center,40.62609242,-73.96528251
1445,Medical Center,40.74733338,-73.97501675
1446,Soup Place,40.62409392,-73.96513901
1447,Medical Center,40.74330251,-73.97384673
1448,Subway,40.60906562,-73.95777225
1449,Coffee Shop,40.69238982,-73.99091631
1450,Bakery,40.75689622,-73.99188995
1451,Medical Center,40.76466513,-73.9548111
1452,Home (private),40.7619429,-73.78896895
1453,Church,40.76510143,-73.76918408
1454,Home (private),40.78025603,-73.8477874
1455,Diner,40.75755744,-73.78361181
1456,Neighborhood,40.7847441,-73.84842201
1457,Bar,40.75554713,-73.96856546
1458,Office,40.71135502,-74.01059763
1459,Train Station,40.74579388,-73.90296936
1460,Subway,40.71624907,-74.0332067
1461,Light Rail,40.71589126,-74.03416157
1462,Subway,40.75460438,-73.84554863
1463,Building,40.70762708,-74.0079752
1464,Office,40.70762387,-74.00798094
1465,Train Station,40.7498254,-73.86275768
1466,Subway,40.74914266,-73.86958122
1467,Subway,40.74663922,-73.94554138
1468,Train Station,40.75160843,-73.85540552
1469,Parking,40.7546694,-73.84812355
1470,Subway,40.74374552,-73.92429829
1471,Subway,40.74437954,-73.93067122
1472,Subway,40.75645736,-73.9296627
1473,Subway,40.71037756,-74.00755405
1474,Road,40.85381245,-73.96360874
1475,Deli / Bodega,40.74177851,-73.9853818
1476,Hot Dog Joint,40.77836415,-73.98163319
1477,Ferry,40.73502529,-74.02672163
1478,Historic Site,40.74130691,-73.98935795
1479,Mexican Restaurant,40.734195,-74.00316
1480,Office,40.74156985,-73.98738472
1481,Sandwich Place,40.74189364,-73.99029438
1482,Office,40.70685754,-74.00608726
1483,Sandwich Place,40.70652041,-74.00476167
1484,Food & Drink Shop,40.67917348,-73.75508308
1485,Office,40.70739615,-74.00626515
1486,Food Truck,40.74039372,-73.98690838
1487,Deli / Bodega,40.70742197,-74.00536421
1488,Office,40.70589219,-74.00570278
1489,Flea Market,40.68526485,-73.97782329
1490,General Travel,40.67585236,-73.90315204
1491,Train Station,40.67559335,-73.90301228
1492,Medical Center,40.88955565,-73.9758547
1493,Medical Center,40.88955858,-73.97570547
1494,Coffee Shop,40.89567307,-73.87661934
1495,Other Great Outdoors,40.89650395,-73.87637178
1496,Home (private),40.94009179,-74.00063278
1497,Other Great Outdoors,40.938992,-73.996904
1498,Coffee Shop,40.94058992,-73.9931007
1499,Food & Drink Shop,40.93715061,-73.99588108
1500,High School,40.94360177,-73.99755478
1501,Bank,40.93174532,-73.99589549
1502,Bar,40.76119393,-73.98700595
1503,Airport,40.68706536,-74.18251991
1504,Wings Joint,40.90377495,-74.0318684
1505,Medical Center,40.88951062,-73.97568251
1506,Bridge,40.63580843,-74.19698238
1507,American Restaurant,40.91400286,-74.05003876
1508,American Restaurant,40.91996605,-74.06660557
1509,City,40.94269411,-73.99635315
1510,Mexican Restaurant,40.9192202,-74.06481385
1511,Bar,40.9106673,-74.0359708
1512,Mall,40.95634252,-74.06902772
1513,Department Store,40.91742684,-74.05707235
1514,Electronics Store,40.91818249,-74.07540321
1515,Electronics Store,40.91464765,-74.07557487
1516,Other Great Outdoors,40.75694498,-73.98601055
1517,Other Great Outdoors,40.79059947,-73.98023378
1518,Diner,40.865552,-73.927632
1519,Hotel,40.79080334,-73.97897114
1520,Bakery,40.76190063,-73.98709203
1521,Theater,40.76274737,-73.98761988
1522,Theater,40.76279562,-73.98758098
1523,Deli / Bodega,40.76268166,-73.98912938
1524,Food & Drink Shop,40.76298968,-73.98904329
1525,Neighborhood,40.69484243,-73.99427176
1526,Flea Market,40.69170793,-73.98287954
1527,Plaza,40.76245925,-73.98745933
1528,Coffee Shop,40.73005894,-74.00303438
1529,BBQ Joint,40.72999962,-74.003533
1530,Other Great Outdoors,40.790522,-73.98050129
1531,Theater,40.75827779,-73.98802757
1532,Other Great Outdoors,40.781191,-73.986495
1533,Park,40.87192313,-73.92123697
1534,Movie Theater,40.74500347,-73.99801308
1535,Burger Joint,40.76458531,-73.98759133
1536,Movie Theater,40.77082543,-73.98216215
1537,American Restaurant,40.7284373,-73.981822
1538,Neighborhood,40.70240703,-73.98875101
1539,Beer Garden,40.71653438,-73.96144836
1540,Office,40.74824322,-73.99192997
1541,Chinese Restaurant,40.717374,-73.997451
1542,Music Venue,40.717776,-73.957848
1543,Bar,40.717177,-73.955141
1544,Bar,40.710931,-73.950951
1545,Hotel,40.73852978,-73.98550232
1546,Music Venue,40.76331506,-73.98416511
1547,Burger Joint,40.76409431,-73.97870714
1548,Hotel,40.76808296,-73.9849858
1549,Office,40.7071022,-74.0108329
1550,Office,40.71370594,-74.01437341
1551,Fried Chicken Joint,40.711295,-73.961444
1552,Steakhouse,40.750866,-73.98664398
1553,Electronics Store,40.74107415,-74.00514082
1554,Gym / Fitness Center,40.67222616,-73.96994306
1555,Gym / Fitness Center,40.84227991,-73.94179433
1556,Gym / Fitness Center,40.73441328,-74.01055813
1557,Office,40.75737313,-73.98593275
1558,Home (private),40.71478703,-74.01238511
1559,BBQ Joint,40.71456339,-74.01544645
1560,Other Great Outdoors,40.712016,-74.01684
1561,French Restaurant,40.7099506,-74.00893271
1562,Coffee Shop,40.75660642,-73.98627135
1563,Government Building,40.71469253,-74.00184076
1564,Home (private),40.92039063,-74.00063278
1565,Paper / Office Supplies Store,40.82660915,-74.13912177
1566,American Restaurant,40.82816381,-74.13900375
1567,Bowling Alley,40.84666902,-74.11012566
1568,Food & Drink Shop,40.91338508,-74.00116934
1569,Zoo,40.84852098,-73.87776173
1570,Gas Station / Garage,40.9135406,-73.99784092
1571,College Academic Building,40.95149467,-74.08866405
1572,Office,40.765063,-73.977083
1573,Home (private),40.76908104,-73.97712596
1574,Home (private),40.76908104,-73.97712596
1575,Bar,40.76559121,-73.97658359
1576,Office,40.76510684,-73.97693943
1577,Design Studio,40.76504828,-73.97700256
1578,Camera Store,40.75300513,-73.99641772
1579,Office,40.76502573,-73.97697961
1580,Office,40.77255197,-73.98142179
1581,Bar,40.760753,-73.990799
1582,Scenic Lookout,40.76157928,-73.9906215
1583,Other Great Outdoors,40.76588402,-73.97373676
1584,Food Truck,40.73448772,-73.99039194
1585,Dessert Shop,40.73735617,-73.99066687
1586,Pool Hall,40.74143709,-73.99324417
1587,American Restaurant,40.74065935,-73.99826559
1588,College Academic Building,40.74161144,-73.97425915
1589,Bar,40.76682661,-73.98624659
1590,Performing Arts Venue,40.77114936,-73.98270607
1591,Park,40.76825672,-73.98103237
1592,Bar,40.74514799,-73.99811064
1593,Café,40.74034795,-73.99240629
1594,Sushi Restaurant,40.76400741,-73.98678786
1595,Ramen /  Noodle House,40.764596,-73.987449
1596,Hotel,40.75645363,-73.98866452
1597,Coffee Shop,40.76467118,-73.97688204
1598,Gym / Fitness Center,40.76024,-73.964614
1599,Hotel,40.76537006,-73.97605687
1600,Theater,40.74278835,-74.00067582
1601,Hotel,40.76224487,-73.97928718
1602,Food & Drink Shop,40.76450261,-73.97408009
1603,Donut Shop,40.76722201,-73.98257537
1604,Coffee Shop,40.769076,-73.984595
1605,BBQ Joint,40.75696124,-73.98907363
1606,Bar,40.76362499,-73.99757624
1607,Gym / Fitness Center,40.74442474,-73.99649232
1608,Deli / Bodega,40.76209858,-73.99399595
1609,Mexican Restaurant,40.759534,-73.991765
1610,Electronics Store,40.72330663,-74.00072747
1611,Bar,40.739058,-73.99472
1612,Latin American Restaurant,40.76040697,-73.99489403
1613,Convention Center,40.76897177,-73.99643898
1614,Spiritual Center,40.73632534,-73.99245221
1615,Bar,40.76548383,-73.91906686
1616,Gym / Fitness Center,40.73435871,-73.99081662
1617,Food & Drink Shop,40.74370081,-73.98277581
1618,Bar,40.74051841,-74.00581598
1619,Italian Restaurant,40.73471408,-73.99995804
1620,American Restaurant,40.727094,-74.002968
1621,Bar,40.73830504,-73.99300887
1622,American Restaurant,40.73679404,-73.98679975
1623,Coffee Shop,40.746011,-74.26018
1624,Food & Drink Shop,40.8041295,-74.248631
1625,Office,40.75790396,-73.98641825
1626,Office,40.72773425,-74.00777436
1627,Music Venue,40.71795206,-73.98541049
1628,Diner,40.75941221,-73.99178076
1629,Burger Joint,40.8272708,-74.13460493
1630,Movie Theater,40.79340869,-74.25605536
1631,Office,40.72465693,-74.00762916
1632,Office,40.75453842,-73.98646648
1633,Bar,40.754023,-73.995567
1634,Bar,40.72563263,-74.00750041
1635,Bar,40.73941067,-74.00158826
1636,Bar,40.77539049,-73.95306809
1637,Salon / Barbershop,40.8161551,-74.22036004
1638,Donut Shop,40.815758,-74.22062874
1639,Bar,40.816129,-74.21840954
1640,Home (private),40.80055076,-74.20032308
1641,Diner,40.80381274,-74.19446
1642,American Restaurant,40.741797,-73.997271
1643,Coffee Shop,40.812038,-74.19436435
1644,Bar,40.75176892,-74.0041993
1645,Park,40.73702497,-74.00548701
1646,Donut Shop,40.79691397,-74.17997812
1647,Bar,40.72637614,-74.00553063
1648,Bar,40.705466,-73.932782
1649,Bar,40.710938,-73.948309
1650,Bar,40.71317723,-73.95817666
1651,Ramen /  Noodle House,40.71400761,-73.95068596
1652,Bar,40.72910081,-74.00097997
1653,Bar,40.73878324,-73.98893999
1654,Mexican Restaurant,40.75315436,-73.98905477
1655,Bar,40.707225,-73.92125
1656,Hotel,40.72196149,-73.95811021
1657,Bar,40.71118782,-73.94923371
1658,Diner,40.7039631,-73.9311399
1659,Music Venue,40.71815359,-73.99221117
1660,Mexican Restaurant,40.733612,-73.993107
1661,Historic Site,40.75538459,-73.98365021
1662,Flea Market,40.71877293,-73.96211992
1663,High School,40.75118086,-73.75716011
1664,Dessert Shop,40.72924279,-73.98921546
1665,American Restaurant,40.91582773,-74.07631874
1666,Gym / Fitness Center,40.70819,-74.00648
1667,Dessert Shop,40.709807,-74.006824
1668,Food & Drink Shop,40.74174,-73.99365
1669,Bar,40.73466775,-73.9877635
1670,Coffee Shop,40.73378729,-73.99303526
1671,Bar,40.73301496,-73.9897871
1672,Brewery,40.73688467,-73.99073124
1673,American Restaurant,40.74077282,-74.00689638
1674,Donut Shop,40.70916048,-74.00464116
1675,Bar,40.74400939,-73.98565727
1676,Coffee Shop,40.77762296,-73.9822
1677,Mexican Restaurant,40.77885161,-73.98122549
1678,Bar,40.74072795,-74.00861104
1679,College Academic Building,40.72908585,-73.9960221
1680,Subway,40.59524418,-73.9551571
1681,Office,40.74361546,-73.98347855
1682,Thai Restaurant,40.73448595,-73.99209066
1683,Subway,40.59930044,-73.95592865
1684,Office,40.73930718,-73.98940086
1685,Drugstore / Pharmacy,40.70652259,-74.00947988
1686,Beer Garden,40.67621785,-73.9833954
1687,Bar,40.67625244,-73.98015261
1688,Food & Drink Shop,40.67685119,-73.98010177
1689,Park,40.59181678,-73.97895966
1690,Music Venue,40.72215257,-73.98682594
1691,Bar,40.68228883,-73.97998699
1692,Music Venue,40.71863981,-73.95997167
1693,Ice Cream Shop,40.68410746,-73.99934446
1694,Bar,40.73522028,-74.01000085
1695,Music Venue,40.71496421,-73.96650553
1696,Theater,40.75691248,-73.98746967
1697,Bakery,40.76025742,-73.99089123
1698,Camera Store,40.73937177,-73.99412221
1699,Movie Theater,40.68667486,-73.97774935
1700,Gastropub,40.73400375,-74.00299564
1701,Beer Garden,40.72321775,-73.95275116
1702,Mobile Phone Shop,40.74119055,-73.9896631
1703,Gym / Fitness Center,40.71775085,-73.95186268
1704,Office,40.73893324,-73.99237275
1705,Ferry,40.70325778,-73.99587254
1706,Residential Building (Apartment / Condo),40.71803615,-73.95103611
1707,Sandwich Place,40.73403987,-73.9931753
1708,Mexican Restaurant,40.73714481,-73.99020553
1709,Electronics Store,40.74260751,-73.99270535
1710,Salad Place,40.73728291,-73.99090845
1711,Middle Eastern Restaurant,40.73600396,-74.00174894
1712,Bar,40.7246097,-73.98294267
1713,Gym / Fitness Center,40.61252119,-73.91296404
1714,American Restaurant,40.63146467,-73.94761741
1715,Beach,40.557295,-73.911548
1716,College Academic Building,40.59083263,-73.95125997
1717,Mexican Restaurant,40.67335042,-73.95708034
1718,Coffee Shop,40.76389579,-73.98261554
1719,Church,40.78534773,-73.97571695
1720,Bakery,40.747631,-73.98613
1721,Office,40.75603128,-73.98568597
1722,Residential Building (Apartment / Condo),40.79481299,-73.96233803
1723,American Restaurant,40.82013,-73.959088
1724,Coffee Shop,40.80704983,-73.96448957
1725,Candy Store,40.76019572,-73.9848538
1726,Coffee Shop,40.72703335,-73.99521258
1727,Other Great Outdoors,40.78447336,-73.96120548
1728,Bar,40.75254812,-73.97774294
1729,American Restaurant,40.814755,-73.958872
1730,Fast Food Restaurant,40.75897724,-73.9851178
1731,Coffee Shop,40.73001497,-73.99150372
1732,Subway,40.72526675,-73.99617076
1733,College Academic Building,40.80861224,-73.96154881
1734,Bakery,40.759272,-73.981107
1735,Medical Center,40.77364375,-73.96081924
1736,Clothing Store,40.7629749,-73.97377968
1737,Subway,40.60189765,-73.99352074
1738,Subway,40.71814377,-74.00015652
1739,Subway,40.6352385,-73.96287918
1740,Plaza,40.63578842,-73.96276851
1741,Home (private),40.60259049,-73.98887973
1742,Office,40.68807374,-73.98104301
1743,Office,40.68667714,-73.97945324
1744,Bus Station,40.60217461,-73.99372458
1745,Bar,40.68444073,-73.97776015
1746,Pet Store,40.59707034,-73.98507762
1747,Train Station,40.6259562,-73.99701834
1748,Subway,40.68430738,-73.9775978
1749,Subway,40.60790819,-74.00176042
1750,Office,40.59875643,-73.99783442
1751,Subway,40.61895699,-73.99902999
1752,Subway,40.61262896,-74.000929
1753,Diner,40.61000618,-74.0067357
1754,Ramen /  Noodle House,40.72931975,-73.98924
1755,Electronics Store,40.59410797,-73.99925806
1756,Subway,40.61230103,-73.9822425
1757,Home (private),40.60259049,-73.98887973
1758,Home (private),40.60259049,-73.98887973
1759,Other Great Outdoors,40.604532,-73.992438
1760,Home (private),40.60259049,-73.98887973
1761,Professional & Other Places,40.604596,-73.992494
1762,Subway,40.60540028,-73.98058176
1763,Office,40.74140255,-74.00231706
1764,Clothing Store,40.75096328,-73.99081707
1765,Other Great Outdoors,40.604592,-73.992453
1766,Other Great Outdoors,40.75404836,-73.98442337
1767,Gym / Fitness Center,40.73757,-74.0017
1768,Bar,40.74789,-74.004466
1769,Bar,40.71985365,-73.98849235
1770,Bar,40.74527481,-73.99255501
1771,American Restaurant,40.728863,-73.980763
1772,Caribbean Restaurant,40.72763277,-74.00158882
1773,Coffee Shop,40.71735293,-73.96039224
1774,Coffee Shop,40.74277821,-73.99833798
1775,Airport,40.64557779,-73.77643347
1776,Mexican Restaurant,40.7240605,-73.99381805
1777,Bar,40.7794718,-73.97769702
1778,Gastropub,40.735697,-74.006838
1779,Seafood Restaurant,40.72463457,-73.99840236
1780,Road,40.73582866,-73.87626842
1781,Hotel,40.75447093,-73.96322769
1782,Coffee Shop,40.74330301,-73.9182637
1783,Outdoors & Recreation,40.76057136,-73.96232081
1784,Neighborhood,40.74530618,-73.94837379
1785,Athletic & Sport,40.73880317,-73.9027977
1786,Office,40.74790307,-73.98575484
1787,American Restaurant,40.75653417,-73.99421403
1788,Deli / Bodega,40.74586783,-73.98652387
1789,American Restaurant,40.74838488,-73.98577205
1790,Mexican Restaurant,40.748485,-73.985041
1791,Spanish Restaurant,40.72611538,-73.98368876
1792,Bar,40.75656798,-73.99236038
1793,Bar,40.76023135,-73.99512076
1794,Bar,40.76169095,-73.9910531
1795,Bar,40.76516262,-73.9876315
1796,Fast Food Restaurant,40.76195099,-73.98360729
1797,Thai Restaurant,40.76275282,-73.98943928
1798,Coffee Shop,40.74845179,-73.98507714
1799,Neighborhood,40.76466513,-73.98807049
1800,Aquarium,40.57413077,-73.97511005
1801,Theater,40.75081989,-74.00386647
1802,University,40.69404295,-73.98675917
1803,Gym / Fitness Center,40.66600335,-73.99015188
1804,University,40.70508924,-74.01143543
1805,College Academic Building,40.72962472,-73.99666429
1806,Bar,40.7245957,-73.99055837
1807,Mexican Restaurant,40.74056694,-74.00542734
1808,Coffee Shop,40.69386993,-73.98745202
1809,Flea Market,40.73558395,-73.99092436
1810,Bar,40.75302362,-73.99680376
1811,Café,40.75320512,-73.99811638
1812,Office,40.74496479,-73.99345636
1813,Coffee Shop,40.74433544,-73.99541344
1814,Coffee Shop,40.74895377,-73.99225708
1815,Coffee Shop,40.743644,-73.992241
1816,Bar,40.74427797,-73.99184797
1817,Office,40.75005298,-73.97360802
1818,Bar,40.71655808,-74.00008678
1819,Sandwich Place,40.75064359,-73.97614166
1820,Bar,40.72006791,-73.98831323
1821,BBQ Joint,40.742334,-73.9838552
1822,Bar,40.76976806,-73.9544034
1823,Pizza Place,40.72156713,-73.9955914
1824,Bar,40.737216,-73.989348
1825,Office,40.75023179,-73.97332907
1826,Bar,40.72596016,-73.98969753
1827,American Restaurant,40.72933457,-74.003691
1828,Cajun / Creole Restaurant,40.76198066,-73.99002465
1829,Tapas Restaurant,40.72908902,-73.98424546
1830,Art Gallery,40.75851346,-73.98532391
1831,Subway,40.7588571,-73.98109466
1832,Park,40.69829138,-73.9966321
1833,Food & Drink Shop,40.76175596,-73.98618221
1834,Food & Drink Shop,40.74287041,-73.98243763
1835,Italian Restaurant,40.73710688,-73.99720966
1836,Plaza,40.75353971,-73.97155881
1837,Bar,40.76064468,-73.98606474
1838,Diner,40.77095886,-73.98710351
1839,Food & Drink Shop,40.77504934,-73.98773789
1840,Coffee Shop,40.733029,-73.990038
1841,Sandwich Place,40.74082509,-73.98740768
1842,Gym / Fitness Center,40.61779134,-74.03036512
1843,Bagel Shop,40.61639572,-74.03059959
1844,Bowling Alley,40.7342896,-73.99255551
1845,Bar,40.71916167,-73.99774336
1846,Movie Theater,40.73850832,-73.98997896
1847,Cajun / Creole Restaurant,40.72729129,-73.99377823
1848,Bakery,40.798281,-73.963556
1849,Fast Food Restaurant,40.72817023,-73.98784958
1850,Ice Cream Shop,40.75886531,-73.99240629
1851,Burger Joint,40.75638016,-73.99022162
1852,American Restaurant,40.72717746,-74.00048375
1853,Movie Theater,40.73135645,-73.9886713
1854,Food & Drink Shop,40.72801404,-73.99303757
1855,Seafood Restaurant,40.740266,-74.005814
1856,Coffee Shop,40.75544236,-73.99124704
1857,Coffee Shop,40.7588767,-73.99229726
1858,Coffee Shop,40.71203303,-74.00699299
1859,Office,40.7309141,-73.99139625
1860,Diner,40.76844583,-73.98528423
1861,Airport,40.77345688,-73.88588905
1862,Train Station,40.70435915,-74.19071674
1863,Bar,40.7261384,-73.99496581
1864,Deli / Bodega,40.730642,-73.992378
1865,American Restaurant,40.73115587,-73.98872765
1866,Gym / Fitness Center,40.76695833,-73.95777486
1867,American Restaurant,40.72975423,-73.98083639
1868,Bar,40.72302981,-73.98893999
1869,Home (private),40.74598176,-73.95361626
1870,Airport,40.6458116,-73.7761834
1871,Bar,40.72610422,-73.98921311
1872,Food & Drink Shop,40.76753192,-73.96233803
1873,Asian Restaurant,40.71973985,-74.00430833
1874,Train Station,40.66748039,-74.21548963
1875,Train Station,40.7494759,-73.99223328
1876,Asian Restaurant,40.74185967,-74.00508642
1877,Road,40.76776459,-73.96407717
1878,High School,40.76557771,-73.95987566
1879,Train Station,40.75067614,-73.99135034
1880,Café,40.748572,-73.9924751
1881,City,40.74959782,-73.98605347
1882,Café,40.76523701,-73.95760841
1883,Subway,40.66147749,-73.91629392
1884,Other Great Outdoors,40.76673974,-73.95761415
1885,School,40.76539705,-73.95949683
1886,Home (private),40.6601875,-73.9065883
1887,Neighborhood,40.6643893,-73.90862936
1888,Airport,40.77387937,-73.87237072
1889,Train Station,40.66479595,-73.92295351
1890,Neighborhood,40.66148291,-73.91561646
1891,Mexican Restaurant,40.76362695,-73.97796103
1892,Home (private),40.8707152,-73.85954899
1893,Neighborhood,40.71847717,-74.00781155
1894,Subway,40.66939826,-73.9020267
1895,Community College,40.71789169,-74.01197433
1896,Coffee Shop,40.71554972,-74.00900781
1897,Subway,40.87142797,-73.86718869
1898,Subway,40.7648764,-73.97264242
1899,Subway,40.81648637,-73.9078071
1900,Café,40.76275135,-73.96765872
1901,Cupcake Shop,40.76300142,-73.9676415
1902,Neighborhood,40.84894322,-73.93697977
1903,Building,40.70872215,-73.7470186
1904,Bakery,40.72042061,-73.84588122
1905,American Restaurant,40.69379488,-73.98541049
1906,Plaza,40.72894634,-73.98850383
1907,Office,40.739435,-73.989745
1908,Bar,40.69995922,-73.92269517
1909,American Restaurant,40.7396811,-73.98966884
1910,Bar,40.73743415,-73.99128147
1911,Gastropub,40.73183948,-74.00335574
1912,Gym / Fitness Center,40.67956403,-73.98416519
1913,Bar,40.72724296,-73.98270163
1914,Bar,40.748315,-73.986064
1915,Bar,40.72417486,-73.98780941
1916,Home (private),40.72412958,-73.80073403
1917,Subway,40.72171705,-73.8445247
1918,Food & Drink Shop,40.73321324,-73.80445356
1919,Subway,40.80057233,-73.95817995
1920,Burger Joint,40.80451853,-73.96629269
1921,Home (private),40.77226863,-73.93010371
1922,College Academic Building,40.77022308,-73.9881134
1923,Other Great Outdoors,40.75625175,-73.97174527
1924,Clothing Store,40.75459739,-73.98423398
1925,Coffee Shop,40.76185347,-73.98369312
1926,Gym / Fitness Center,40.81730241,-73.9357324
1927,Home (private),40.80356164,-73.94186034
1928,Gym / Fitness Center,40.72255536,-73.99940758
1929,Bus Station,40.75220303,-73.99424272
1930,Gym / Fitness Center,40.728279,-73.992795
1931,Gym / Fitness Center,40.73289,-73.99
1932,Gym / Fitness Center,40.72800542,-73.9934852
1933,Gym / Fitness Center,40.68782813,-73.97807581
1934,Thai Restaurant,40.71815052,-73.96000767
1935,Gym / Fitness Center,40.73813869,-73.99076497
1936,Electronics Store,40.72322458,-74.00107813
1937,Bar,40.74311403,-73.98917529
1938,Food & Drink Shop,40.80423128,-73.93684032
1939,Office,40.74226611,-73.9844656
1940,Bar,40.74952299,-73.98322963
1941,Deli / Bodega,40.74379023,-73.98389161
1942,Italian Restaurant,40.736013,-74.001056
1943,Gym / Fitness Center,40.75382614,-73.99310644
1944,Beer Garden,40.80267822,-73.95649486
1945,Bakery,40.77984276,-73.9805603
1946,Bank,40.77825158,-73.95462938
1947,Building,40.79041075,-73.93977945
1948,Bus Station,40.77934649,-73.9497905
1949,Coffee Shop,40.76410316,-73.95882526
1950,Food,40.80474202,-73.95543871
1951,Dessert Shop,40.73441062,-73.99081662
1952,Library,40.79659549,-74.19749979
1953,Clothing Store,40.74995545,-73.9875555
1954,Food & Drink Shop,40.83162209,-74.13679361
1955,Food & Drink Shop,40.79691751,-74.17977333
1956,Deli / Bodega,40.81215882,-74.19442356
1957,Music Venue,40.72930064,-73.99192997
1958,Food & Drink Shop,40.80547443,-74.19282192
1959,Hardware Store,40.84371651,-74.15784359
1960,Pizza Place,40.59464554,-73.98148492
1961,American Restaurant,40.75534382,-73.98703464
1962,Coffee Shop,40.64172918,-73.96334823
1963,Mexican Restaurant,40.7643038,-73.988262
1964,Bar,40.76390346,-73.98853252
1965,American Restaurant,40.67984067,-73.97478819
1966,Furniture / Home Store,40.73856623,-73.99005335
1967,Concert Hall,40.76502267,-73.98019552
1968,Gym / Fitness Center,40.75538459,-73.92262459
1969,Deli / Bodega,40.75589317,-73.92044471
1970,Bakery,40.755564,-73.922738
1971,Food & Drink Shop,40.711608,-73.85917
1972,Subway,40.76211758,-73.92542481
1973,South American Restaurant,40.7585389,-73.91909557
1974,Food & Drink Shop,40.75208489,-73.91483545
1975,Government Building,40.71416726,-74.00162101
1976,Movie Theater,40.76325906,-73.97982055
1977,General Entertainment,40.72306983,-74.00795225
1978,Theater,40.72915009,-73.99201031
1979,Theater,40.77212438,-73.98369312
1980,Mexican Restaurant,40.771142,-73.983464
1981,Performing Arts Venue,40.74583424,-73.9932786
1982,University,40.77016785,-73.98444632
1983,Ice Cream Shop,40.7722819,-73.98311485
1984,Theater,40.76373252,-73.97949341
1985,Park,40.77094964,-73.9834018
1986,Hotel,40.77127936,-73.98193359
1987,Subway,40.71137561,-74.00988608
1988,Bank,40.71116686,-74.00893925
1989,Tea Room,40.778056,-73.97846529
1990,Building,40.76796323,-73.98168006
1991,Music Venue,40.74303712,-74.00573148
1992,Coffee Shop,40.71542774,-73.94444436
1993,Music Venue,40.72227645,-73.98881947
1994,Bar,40.74017876,-74.00560523
1995,Bar,40.7385661,-74.00351068
1996,Park,40.70659949,-73.94754036
1997,Sandwich Place,40.740784,-74.000721
1998,Coffee Shop,40.73819586,-74.00347051
1999,Gym / Fitness Center,40.74110659,-74.00172025
2000,Mexican Restaurant,40.7216609,-73.99736461
2001,Office,40.73659885,-73.9957635
2002,Bar,40.7191159,-74.00343034
2003,BBQ Joint,40.78413298,-73.97762241
2004,Pizza Place,40.72988293,-74.00054383
2005,Music Venue,40.74132957,-73.98120944
2006,Bar,40.80232143,-73.967963
2007,Bar,40.722342,-73.983208
2008,Bar,40.79884088,-73.96306124
2009,BBQ Joint,40.77155,-73.95620002
2010,Italian Restaurant,40.82919,-73.948376
2011,Office,40.74297207,-74.00662094
2012,Scenic Lookout,40.743832,-74.006813
2013,Neighborhood,40.74460673,-73.99882798
2014,Bar,40.8286509,-73.94854546
2015,Bar,40.73234594,-73.98798732
2016,Hotel,40.73920112,-74.02752493
2017,Middle Eastern Restaurant,40.7442855,-73.98748802
2018,Hotel,40.72201115,-74.00430259
2019,Bridge,40.75912297,-73.95833015
2020,Bar,40.71855466,-73.98899738
2021,Government Building,40.7110672,-73.99272193
2022,Coffee Shop,40.736772,-74.000943
2023,Sandwich Place,40.60948916,-73.92172337
2024,Home (private),40.62562269,-73.94186034
2025,Park,40.59792235,-73.9209938
2026,Clothing Store,40.76126838,-73.96862984
2027,Office,40.69999173,-73.91195932
2028,Plaza,40.63198743,-73.94709262
2029,Subway,40.65052299,-73.9629811
2030,Drugstore / Pharmacy,40.758494,-73.971037
2031,Bar,40.723503,-74.00284501
2032,Electronics Store,40.734269,-73.990084
2033,Fried Chicken Joint,40.687945,-73.944785
2034,Office,40.72522354,-74.00753335
2035,Italian Restaurant,40.733848,-74.00505
2036,Bar,40.76066702,-73.99494767
2037,Food & Drink Shop,40.75951197,-73.99498303
2038,Residential Building (Apartment / Condo),40.76124577,-73.99945923
2039,BBQ Joint,40.72829298,-73.99119292
2040,Office,40.70986497,-74.01053451
2041,Dim Sum Restaurant,40.71578597,-73.99703176
2042,Residential Building (Apartment / Condo),40.70907173,-74.0147923
2043,Gym / Fitness Center,40.70826518,-74.01454556
2044,Coffee Shop,40.73512485,-73.99009926
2045,Coffee Shop,40.702415,-74.01258301
2046,Gym / Fitness Center,40.70733076,-74.0104886
2047,Hotel,40.74996471,-73.99120113
2048,Office,40.76326769,-73.97889653
2049,Diner,40.7765279,-73.97940733
2050,Bar,40.77932014,-73.95068596
2051,Coffee Shop,40.74195653,-73.99369479
2052,Caribbean Restaurant,40.75819319,-73.96258484
2053,Cupcake Shop,40.79414528,-73.96695274
2054,Office,40.74698305,-73.98505467
2055,Mediterranean Restaurant,40.74739936,-73.98363711
2056,Hotel,40.745884,-73.988116
2057,Sandwich Place,40.74615153,-73.98220181
2058,Café,40.74521158,-73.9826385
2059,Office,40.7422385,-74.00484775
2060,Burger Joint,40.90634572,-74.12985407
2061,American Restaurant,40.96654854,-74.07587528
2062,Bar,40.74423228,-74.00669554
2063,Road,40.77114936,-73.99442196
2064,Stadium,40.73685215,-74.1503334
2065,Burger Joint,40.74204545,-74.0007619
2066,Coffee Shop,40.67966838,-73.97820175
2067,Park,40.66875802,-73.97030354
2068,Music Venue,40.7208599,-73.98799306
2069,American Restaurant,40.71341514,-73.95861863
2070,Pizza Place,40.797223,-73.93469
2071,Bar,40.758566,-73.9889859
2072,American Restaurant,40.68132817,-73.97727231
2073,Office,40.76227951,-73.96836469
2074,Cajun / Creole Restaurant,40.67084402,-73.97775441
2075,Coffee Shop,40.67196839,-73.97742153
2076,Food & Drink Shop,40.626571,-73.97696898
2077,Road,40.77748265,-74.05815125
2078,Hotel,40.76410615,-73.97356468
2079,Bar,40.74992039,-73.9723307
2080,Office,40.78377799,-73.95766007
2081,Asian Restaurant,40.78243059,-73.95342397
2082,Coffee Shop,40.78261765,-73.95334935
2083,Hot Dog Joint,40.68099,-73.975448
2084,Bar,40.7394915,-74.00168581
2085,Other Great Outdoors,40.66071748,-73.96858692
2086,Mexican Restaurant,40.77390987,-73.95466382
2087,Swiss Restaurant,40.72164844,-73.99753332
2088,Coffee Shop,40.715666,-73.955944
2089,General College & University,40.72944585,-73.99366021
2090,Bar,40.737977,-73.99069
2091,Bar,40.71841212,-73.98989439
2092,Gym / Fitness Center,40.74109556,-73.99270535
2093,Movie Theater,40.73095573,-73.9859557
2094,Bar,40.74079315,-74.00532404
2095,Gym / Fitness Center,40.72242771,-73.99760564
2096,Bar,40.72012442,-73.98738472
2097,Hotel,40.71982701,-74.00000095
2098,Mexican Restaurant,40.74840901,-73.97666394
2099,Dessert Shop,40.72736571,-73.98452667
2100,Mediterranean Restaurant,40.73823004,-73.98783237
2101,Bar,40.72581151,-73.98489475
2102,Italian Restaurant,40.72038389,-73.9895598
2103,Hotel,40.72783448,-73.99089697
2104,Building,40.7667616,-73.98313522
2105,American Restaurant,40.72641318,-73.99382114
2106,Bar,40.73035793,-73.98632874
2107,Spa / Massage,40.72439899,-73.99753103
2108,Office,40.75422695,-73.98861287
2109,Bar,40.72705648,-73.98041169
2110,Bar,40.71998485,-73.98781515
2111,American Restaurant,40.72195742,-73.99249077
2112,Burger Joint,40.7332304,-73.98759305
2113,Office,40.74119939,-73.99601027
2114,Mac & Cheese Joint,40.73907778,-73.98973197
2115,Coffee Shop,40.71493168,-74.01143789
2116,Gym / Fitness Center,40.72090442,-74.00063396
2117,Café,40.73597182,-73.99788683
2118,Italian Restaurant,40.73843377,-73.98562858
2119,Bar,40.72150208,-73.98914337
2120,Italian Restaurant,40.743042,-73.996272
2121,Bar,40.71977014,-73.99493712
2122,Bar,40.72706973,-73.99190605
2123,Bar,40.733412,-74.00624967
2124,Bar,40.68193081,-73.94995123
2125,Bar,40.7416219,-73.9812324
2126,Seafood Restaurant,40.73183206,-74.00324643
2127,Gym / Fitness Center,40.71877034,-73.95340101
2128,Gym / Fitness Center,40.71832985,-73.95531243
2129,Bar,40.730887,-74.001079
2130,Mexican Restaurant,40.72686017,-73.99980167
2131,Office,40.72494965,-74.00141716
2132,Bar,40.72644732,-74.00520354
2133,Coffee Shop,40.72428495,-74.00196433
2134,Bar,40.74225734,-74.00623646
2135,Bar,40.74213198,-74.00351733
2136,Clothing Store,40.75406798,-73.98010969
2137,Hotel,40.73814906,-74.00939258
2138,Italian Restaurant,40.707555,-74.007066
2139,Food & Drink Shop,40.7373,-74.03744
2140,Coffee Shop,40.74478805,-74.028754
2141,Coffee Shop,40.73729142,-74.03733633
2142,College Academic Building,40.750846,-74.030771
2143,Park,40.68061463,-74.11436096
2144,Road,40.73453221,-74.05920074
2145,High School,40.74767845,-74.03275774
2146,Bank,40.73275481,-74.03888226
2147,Department Store,40.81342911,-74.01354209
2148,Home (private),40.71651731,-74.0946311
2149,BBQ Joint,40.74455699,-73.99065019
2150,Office,40.74551752,-73.99235129
2151,Deli / Bodega,40.74446114,-73.99167172
2152,Tea Room,40.73046579,-73.98927859
2153,Bar,40.729872,-73.980802
2154,Bar,40.73198686,-73.98380354
2155,Bar,40.74769588,-73.99444342
2156,Stadium,40.71994085,-73.95129204
2157,Office,40.71043247,-74.01041974
2158,Ferry,40.74365292,-73.97128037
2159,Hotel,40.71965181,-73.99967156
2160,Coffee Shop,40.70964742,-74.0105173
2161,Café,40.71293116,-74.0096435
2162,Office,40.72757043,-74.00799242
2163,Coffee Shop,40.73328094,-74.00069878
2164,Bagel Shop,40.7302962,-74.00200144
2165,Gym / Fitness Center,40.72983,-74.00692
2166,Coffee Shop,40.73375384,-74.00628237
2167,Recycling Facility,40.73114557,-74.00841132
2168,Chinese Restaurant,40.76523438,-73.97995255
2169,Bar,40.73461265,-73.99217674
2170,BBQ Joint,40.73738738,-73.98839479
2171,Burrito Place,40.77687907,-73.979356
2172,Thai Restaurant,40.76184697,-73.99015091
2173,Fair,40.72081223,-73.99660136
2174,Mexican Restaurant,40.7375567,-74.00818752
2175,Gym / Fitness Center,40.76164249,-73.98418806
2176,Bar,40.7590758,-73.9839298
2177,Bar,40.74008,-74.030934
2178,Bank,40.76085023,-73.96694126
2179,Furniture / Home Store,40.76134,-73.96789039
2180,Breakfast Spot,40.76054277,-73.96734878
2181,Residential Building (Apartment / Condo),40.75628303,-73.92990565
2182,Furniture / Home Store,40.76064174,-73.96110972
2183,Drugstore / Pharmacy,40.761636,-73.925897
2184,Home (private),40.75568181,-73.88307006
2185,General Travel,40.76096605,-73.88538698
2186,Bagel Shop,40.76489501,-73.916954
2187,General Travel,40.76654851,-73.92228182
2188,High School,40.765689,-73.93309593
2189,Home (private),40.8839365,-73.88307006
2190,Movie Theater,40.7715858,-73.8364432
2191,Subway,40.84841002,-73.91185391
2192,Bagel Shop,40.621496,-74.03178885
2193,Food & Drink Shop,40.61982218,-74.03243615
2194,Mall,40.61001858,-73.92026424
2195,Student Center,40.62029339,-74.02953315
2196,Gym / Fitness Center,40.73003392,-73.99233169
2197,Clothing Store,40.75994642,-73.97615888
2198,Mexican Restaurant,40.75401922,-73.98210526
2199,Ferry,40.69739662,-74.01154518
2200,Vegetarian / Vegan Restaurant,40.73843,-74.003967
2201,Coffee Shop,40.732876,-73.988193
2202,Bar,40.726876,-73.983532
2203,Neighborhood,40.754114,-73.98860713
2204,Neighborhood,40.78911988,-73.97335052
2205,Mexican Restaurant,40.682925,-73.9641651
2206,Neighborhood,40.68383327,-73.93749474
2207,Neighborhood,40.80792361,-73.94556572
2208,Neighborhood,40.74831361,-73.98822069
2209,Bar,40.75952573,-73.97853496
2210,Bar,40.723733,-73.951196
2211,Bar,40.75561381,-73.96827285
2212,Residential Building (Apartment / Condo),40.89882443,-73.87089929
2213,Food Truck,40.779158,-73.98163319
2214,Sandwich Place,40.7458772,-73.97780567
2215,Drugstore / Pharmacy,40.74586844,-73.97830539
2216,Bus Station,40.89832388,-73.85429714
2217,Subway,40.8984304,-73.85434628
2218,Salon / Barbershop,40.89674586,-73.87049158
2219,Pizza Place,40.88662326,-73.878341
2220,Subway,40.88645952,-73.87842178
2221,Clothing Store,40.77909533,-73.98122549
2222,Playground,40.77729173,-73.98412228
2223,Food Truck,40.77789724,-73.98229837
2224,Drugstore / Pharmacy,40.77821865,-73.98549084
2225,Food Truck,40.7759124,-73.98830652
2226,Furniture / Home Store,40.74160136,-73.99920099
2227,Athletic & Sport,40.78289916,-73.98489971
2228,Coffee Shop,40.74697,-73.98138
2229,Deli / Bodega,40.89881587,-73.86759735
2230,Seafood Restaurant,40.73662677,-73.99088549
2231,Coffee Shop,40.7808997,-73.98125536
2232,Clothing Store,40.74115767,-73.99817951
2233,Deli / Bodega,40.77998124,-73.98419954
2234,Library,40.74797331,-73.98298859
2235,Park,40.78321,-73.984541
2236,Other Great Outdoors,40.78049171,-73.98642057
2237,Park,40.85196219,-73.82696629
2238,Coffee Shop,40.73923249,-74.00294535
2239,Church,40.92508078,-74.1067879
2240,Home (private),40.92549193,-74.1063776
2241,Government Building,40.90300407,-74.07862186
2242,Sandwich Place,40.93899093,-74.11943383
2243,Drugstore / Pharmacy,40.93951603,-74.118413
2244,Food & Drink Shop,40.91464765,-74.08042431
2245,Convention Center,40.933143,-74.11994998
2246,Parking,40.91864443,-74.07766104
2247,Seafood Restaurant,40.95998594,-74.06716333
2248,Gym / Fitness Center,40.92401799,-73.9976745
2249,Chinese Restaurant,40.897142,-74.0951043
2250,Gym / Fitness Center,40.92399289,-73.99764007
2251,Gym / Fitness Center,40.92405019,-73.99747365
2252,Donut Shop,40.91845514,-73.99684239
2253,City,40.92376506,-73.99755973
2254,Gym / Fitness Center,40.92542993,-73.965379
2255,Subway,40.73059222,-73.98163319
2256,Subway,40.58702393,-73.95421036
2257,Subway,40.595234,-73.95519733
2258,Train Station,40.68444569,-73.97785664
2259,Train Station,40.70961309,-73.83089304
2260,Subway,40.63180257,-74.00615931
2261,Train Station,40.71961559,-73.84486198
2262,Subway,40.57782668,-73.96074811
2263,Subway,40.62020951,-73.99021977
2264,Subway,40.81112146,-73.95236626
2265,Subway,40.71063781,-73.79437208
2266,Subway,40.82650767,-73.95039082
2267,Train Station,40.57693405,-73.98137569
2268,Subway,40.57611916,-73.97605419
2269,Subway,40.75321868,-73.8454628
2270,Subway,40.88357191,-73.86267185
2271,Subway,40.70779134,-74.01315451
2272,Subway,40.70195163,-74.01296139
2273,Subway,40.61801637,-73.95954251
2274,Italian Restaurant,40.77943802,-73.97402002
2275,Other Great Outdoors,40.85023766,-73.94696832
2276,General Entertainment,40.84336374,-73.93525593
2277,Park,40.86023699,-73.93291951
2278,Café,40.85137788,-73.9400804
2279,Park,40.82540356,-73.95661354
2280,Other Great Outdoors,40.84666055,-73.94214449
2281,Bar,40.734088,-74.002822
2282,Burger Joint,40.73809431,-74.00388368
2283,Park,40.82710774,-73.95492211
2284,Park,40.84634615,-73.94103527
2285,Plaza,40.71333351,-74.01606043
2286,Music Venue,40.71995712,-73.9834249
2287,American Restaurant,40.72643755,-74.00225393
2288,Other Great Outdoors,40.84654212,-73.94225356
2289,Music Venue,40.7213311,-73.98825705
2290,Clothing Store,40.61052932,-73.92085232
2291,Gym / Fitness Center,40.618779,-74.030048
2292,Mexican Restaurant,40.6941573,-73.99187258
2293,Deli / Bodega,40.72098907,-73.98104875
2294,Residential Building (Apartment / Condo),40.78302026,-73.94907872
2295,Home (private),40.70310011,-73.93010371
2296,Food & Drink Shop,40.70621215,-73.92255165
2297,Art Gallery,40.72172025,-73.97979759
2298,Bus Station,40.74115919,-73.9760154
2299,Beer Garden,40.730641,-73.98425102
2300,Coffee Shop,40.76434653,-73.95938777
2301,Food & Drink Shop,40.75202014,-73.97139516
2302,Bar,40.708226,-74.004974
2303,Pizza Place,40.72602291,-73.99227619
2304,Neighborhood,40.69433808,-73.91874075
2305,Bar,40.96541694,-74.06288376
2306,American Restaurant,40.96532878,-74.06292392
2307,Pool,40.96535502,-74.06283213
2308,Other Nightlife,40.96533795,-74.0628079
2309,Bar,40.96535583,-74.06285508
2310,Music Venue,40.96532194,-74.06280345
2311,Park,40.96541698,-74.06291968
2312,Road,40.96535005,-74.06280287
2313,Bus Station,40.9645718,-74.06643391
2314,American Restaurant,40.96536873,-74.06283225
2315,Hotel,40.96550875,-74.06288358
2316,Hotel,40.9652204,-74.06305587
2317,Bank,40.94832653,-74.06976773
2318,Post Office,40.94892338,-74.06972184
2319,Road,40.96530185,-74.06305252
2320,School,40.96581027,-74.06760603
2321,Other Great Outdoors,40.96533438,-74.06280387
2322,Cuban Restaurant,40.9653582,-74.06283223
2323,Restaurant,40.96533103,-74.0627049
2324,Pizza Place,40.967786,-74.07368968
2325,High School,40.9652741,-74.06268871
2326,Home (private),40.96811002,-74.05938719
2327,Office,40.96521461,-74.06837948
2328,Gas Station / Garage,40.94816652,-74.06842515
2329,Government Building,40.92680715,-74.06860895
2330,Coffee Shop,40.93280626,-74.07115459
2331,Drugstore / Pharmacy,40.9678387,-74.07378217
2332,Bank,40.96160539,-74.06000963
2333,Café,40.90546762,-74.064304
2334,Neighborhood,40.83345039,-73.8605913
2335,Residential Building (Apartment / Condo),40.84166285,-73.85724746
2336,American Restaurant,40.8378347,-73.85997683
2337,Bar,40.97338576,-74.07132232
2338,American Restaurant,40.96544643,-74.06296408
2339,Bar,40.96517163,-74.06274608
2340,Building,40.96516606,-74.06289524
2341,General Entertainment,40.96183294,-74.06030221
2342,City,40.94861205,-74.07191892
2343,Clothing Store,40.9190016,-74.07459209
2344,Office,40.96530457,-74.06287229
2345,Building,40.96178482,-74.06776428
2346,Theater,40.75909046,-73.98592472
2347,Gym / Fitness Center,40.87845725,-73.91519736
2348,Food & Drink Shop,40.88621093,-73.9097317
2349,Drugstore / Pharmacy,40.88584772,-73.9104551
2350,Hotel,40.75850534,-73.98914337
2351,Home (private),40.88729679,-73.9065883
2352,Medical Center,40.88822292,-73.91164355
2353,Burger Joint,40.66409703,-73.94408472
2354,Performing Arts Venue,40.73371665,-74.00263268
2355,Bar,40.77665985,-73.95561665
2356,Drugstore / Pharmacy,40.76503892,-73.74358177
2357,Road,40.76305616,-73.74328136
2358,Train Station,40.76806171,-73.74941826
2359,Office,40.7539479,-73.98551379
2360,Office,40.75369735,-73.98554249
2361,Deli / Bodega,40.76581056,-73.74500747
2362,Deli / Bodega,40.75344793,-73.98612213
2363,Neighborhood,40.74676927,-73.89099598
2364,Café,40.75510831,-73.98612787
2365,Steakhouse,40.75103293,-73.97515449
2366,Train Station,40.75018302,-73.99133205
2367,Coffee Shop,40.755779,-73.983663
2368,Building,40.75154847,-73.97530317
2369,Bank,40.75556339,-73.98371458
2370,Neighborhood,40.76712312,-73.74576021
2371,Light Rail,40.73416939,-74.02823925
2372,Residential Building (Apartment / Condo),40.753402,-74.038721
2373,Office,40.7376978,-73.98845792
2374,Coffee Shop,40.73784112,-73.98849809
2375,Sandwich Place,40.73938649,-73.99018534
2376,Drugstore / Pharmacy,40.73680709,-74.03088725
2377,Bar,40.73598132,-74.02930938
2378,Subway,40.73733991,-73.99686813
2379,University,40.74091672,-74.17513847
2380,Gym / Fitness Center,40.83913875,-74.1564703
2381,Gas Station / Garage,40.83173574,-74.13848877
2382,Food Truck,40.7611221,-73.97950888
2383,Fried Chicken Joint,40.70398501,-74.09881353
2384,Asian Restaurant,40.72678719,-74.03197289
2385,Office,40.7416049,-74.00776288
2386,Cupcake Shop,40.73589287,-74.00520444
2387,High School,40.80211254,-74.16162161
2388,Office,40.76648528,-73.98306893
2389,Residential Building (Apartment / Condo),40.72135571,-73.95639896
2390,Bridge,40.73330764,-73.94017696
2391,Building,40.72688322,-73.99640624
2392,Road,40.70897874,-73.84147167
2393,Gym / Fitness Center,40.77026714,-73.8364013
2394,Caribbean Restaurant,40.756225,-73.881152
2395,Home (private),40.69954649,-73.83602511
2396,Airport,40.64878509,-73.78984451
2397,Seafood Restaurant,40.72718559,-73.98873568
2398,Bar,40.74359714,-74.00332704
2399,Bar,40.72568187,-74.00740136
2400,Filipino Restaurant,40.72687935,-73.98571466
2401,Bar,40.72675799,-73.99956096
2402,Burger Joint,40.73350894,-73.99316956
2403,Food Truck,40.76186973,-73.97948742
2404,Community College,40.57840084,-73.93618584
2405,Bakery,40.70990587,-73.85941029
2406,Deli / Bodega,40.5799462,-73.83733749
2407,Burger Joint,40.76355998,-73.98277044
2408,Subway,40.60837737,-73.81592631
2409,Subway,40.77358688,-73.95987511
2410,University,40.8102201,-73.96047592
2411,Gym / Fitness Center,40.76088337,-73.98500876
2412,Office,40.75855147,-73.98488823
2413,Burger Joint,40.76240487,-73.98765446
2414,Gym / Fitness Center,40.75939973,-73.98947945
2415,Theater,40.76060089,-73.9858237
2416,Burrito Place,40.76271588,-73.98763664
2417,Bar,40.7299237,-73.98124388
2418,Medical Center,40.74307505,-74.00298847
2419,Bar,40.74005466,-73.98968031
2420,Government Building,40.74400575,-73.96837043
2421,Italian Restaurant,40.74222944,-73.99319252
2422,Hotel,40.75662912,-73.97388608
2423,Korean Restaurant,40.74770796,-73.98628283
2424,Bar,40.734692,-74.00214116
2425,Plaza,40.7498254,-73.98783445
2426,Food Truck,40.7358079,-73.98917529
2427,Art Gallery,40.68589841,-73.97376556
2428,Government Building,40.69277622,-73.99032354
2429,Bar,40.75671082,-73.96661984
2430,Gym / Fitness Center,40.714214,-74.009752
2431,Gym / Fitness Center,40.72125204,-73.98917288
2432,Office,40.75683121,-73.9820838
2433,Diner,40.74607025,-73.94567013
2434,Pizza Place,40.74425041,-73.95362487
2435,Other Great Outdoors,40.74391966,-73.95373967
2436,Gym / Fitness Center,40.74518568,-73.97689926
2437,Food & Drink Shop,40.74531055,-73.95656948
2438,Seafood Restaurant,40.74089234,-73.98833871
2439,Other Great Outdoors,40.74582838,-73.95688518
2440,Mexican Restaurant,40.72583692,-73.99480551
2441,Home (private),40.7657395,-73.95361626
2442,Office,40.76173158,-73.96798611
2443,Bus Station,40.76308867,-73.97442341
2444,Food & Drink Shop,40.79515544,-73.93099639
2445,Clothing Store,40.75928598,-73.97652046
2446,Sandwich Place,40.76003692,-73.98153658
2447,Office,40.75673069,-73.97406975
2448,Home (private),40.77879022,-73.9065883
2449,Bar,40.76593503,-73.98702316
2450,Gym / Fitness Center,40.7569093,-73.97454612
2451,Coffee Shop,40.77612993,-73.910881
2452,Bar,40.75722772,-73.98375189
2453,Coffee Shop,40.6946729,-73.99408204
2454,Theater,40.66715575,-73.99066167
2455,Sandwich Place,40.75457328,-73.97759945
2456,Drugstore / Pharmacy,40.754877,-73.979882
2457,Clothing Store,40.7537156,-73.98094722
2458,Clothing Store,40.75333652,-73.98098946
2459,Gym / Fitness Center,40.76364734,-73.97844136
2460,Food & Drink Shop,40.74681867,-73.94420527
2461,Gym / Fitness Center,40.74272122,-73.9927621
2462,American Restaurant,40.75828,-73.969253
2463,American Restaurant,40.76526385,-73.98754541
2464,Diner,40.76443027,-73.987953
2465,College Academic Building,40.63137918,-73.95144224
2466,University,40.63116748,-73.95221472
2467,Coffee Shop,40.632195,-73.94833088
2468,Pizza Place,40.679037,-73.86382
2469,Food & Drink Shop,40.59029976,-73.79982927
2470,Government Building,40.6906024,-73.98814227
2471,Subway,40.6804753,-73.84372473
2472,Coffee Shop,40.710421,-74.007762
2473,Office,40.63906641,-74.21741382
2474,Residential Building (Apartment / Condo),40.77948365,-74.23431096
2475,Bar,40.88742755,-74.13846282
2476,Home (private),40.7544177,-74.22380201
2477,Food & Drink Shop,40.79467579,-74.25571203
2478,General Travel,40.75912297,-74.20852661
2479,Food & Drink Shop,40.76633906,-74.21865463
2480,Office,40.74143697,-73.98566723
2481,Bar,40.747558,-73.993104
2482,Bar,40.71978728,-73.98724125
2483,Bar,40.741902,-73.98257443
2484,Bar,40.74304319,-73.98022804
2485,Residential Building (Apartment / Condo),40.88899013,-74.05581236
2486,Home (private),40.84494498,-74.0946311
2487,School,40.88244674,-74.05593644
2488,Building,40.85037086,-74.09999111
2489,Department Store,40.89833309,-74.03883934
2490,Food & Drink Shop,40.87908693,-74.08500909
2491,General Travel,40.8888685,-74.10844521
2492,Outdoors & Recreation,40.879797,-74.10825
2493,School,40.88257699,-74.05599955
2494,Office,40.72664084,-74.00570869
2495,Coffee Shop,40.73463856,-74.00065287
2496,Bar,40.74809415,-73.98609638
2497,Bar,40.74089876,-74.007826
2498,Dessert Shop,40.7299418,-74.00421739
2499,Bar,40.72036369,-73.98708344
2500,Bar,40.71990943,-73.987776
2501,French Restaurant,40.73968518,-74.00601983
2502,Coffee Shop,40.72556065,-73.98982379
2503,Bar,40.7438232,-74.00629384
2504,Cupcake Shop,40.72384567,-73.99920673
2505,Coffee Shop,40.72825069,-73.98465872
2506,Bar,40.74133942,-74.00620222
2507,Ice Cream Shop,40.730121,-74.00296
2508,Breakfast Spot,40.72842473,-73.98727568
2509,Burger Joint,40.75702324,-73.98943928
2510,Home (private),40.66336175,-73.85954899
2511,Other Great Outdoors,40.66328945,-73.85417079
2512,Medical Center,40.66338524,-73.85418802
2513,Medical Center,40.75577582,-73.69202145
2514,Ice Cream Shop,40.709917,-73.847299
2515,Salon / Barbershop,40.67462849,-73.73529632
2516,Coffee Shop,40.94609778,-74.07149792
2517,Gym / Fitness Center,40.96165519,-74.07493114
2518,Fast Food Restaurant,40.85446166,-74.07096148
2519,Playground,40.95177018,-74.05961037
2520,Convenience Store,40.967639,-74.073357
2521,Cuban Restaurant,40.91392932,-74.04846678
2522,Food & Drink Shop,40.9669698,-74.07514572
2523,Home (private),40.69954649,-73.83602511
2524,Food & Drink Shop,40.7069943,-73.85486126
2525,Mall,40.75775097,-73.83428195
2526,Coffee Shop,40.74546291,-73.99098305
2527,Office,40.74202375,-73.98998448
2528,Office,40.76083767,-73.97995949
2529,Drugstore / Pharmacy,40.75616479,-73.99060249
2530,Office,40.74929727,-73.97519467
2531,Synagogue,40.77315727,-73.95519763
2532,Coffee Shop,40.77464261,-73.95421036
2533,Office,40.75616073,-73.9901787
2534,Medical Center,40.76422632,-73.9567852
2535,French Restaurant,40.77917988,-73.95085242
2536,Gym / Fitness Center,40.75372664,-73.97734165
2537,Café,40.77874939,-73.95599549
2538,Other Great Outdoors,40.79292858,-73.92577229
2539,Bar,40.78662301,-73.95062282
2540,American Restaurant,40.84153586,-73.93958427
2541,Italian Restaurant,40.75759514,-73.98686886
2542,School,40.74999755,-74.15281441
2543,Deli / Bodega,40.7435948,-74.15569285
2544,Spanish Restaurant,40.75543084,-74.144715
2545,Home (private),40.71817726,-74.17684116
2546,Electronics Store,40.88691374,-74.21341896
2547,Home (private),40.73954761,-74.04763776
2548,American Restaurant,40.72853965,-74.04655055
2549,Cuban Restaurant,40.7628941,-73.98438893
2550,Office,40.75539132,-73.97425915
2551,Food Truck,40.75556339,-73.97573233
2552,Coffee Shop,40.75573065,-73.97545868
2553,Subway,40.82976714,-73.89216006
2554,Office,40.75394056,-73.97507988
2555,Office,40.75481866,-73.9751258
2556,Sandwich Place,40.75420354,-73.97569973
2557,Bus Station,40.81970408,-73.9016068
2558,Diner,40.737604,-73.997361
2559,Bar,40.737741,-74.033078
2560,Asian Restaurant,40.71800153,-73.9902829
2561,Bar,40.71944883,-73.99315808
2562,Music Venue,40.73171417,-73.9892292
2563,General Entertainment,40.65995244,-73.96886587
2564,Beer Garden,40.75518429,-74.03163889
2565,Thrift / Vintage Store,40.71822445,-73.95521
2566,Bar,40.73429764,-74.00621351
2567,Burger Joint,40.76030521,-73.99120687
2568,University,40.7470944,-73.99452925
2569,Office,40.74190869,-73.98925563
2570,Burger Joint,40.75881855,-73.9686574
2571,Thai Restaurant,40.74322529,-73.99635315
2572,Sushi Restaurant,40.743908,-73.995035
2573,Food & Drink Shop,40.75664218,-73.9141295
2574,Park,40.702634,-73.996119
2575,Building,40.75953472,-73.97844887
2576,Office,40.83422733,-73.88933746
2577,Department Store,40.91552327,-74.05737877
2578,Coffee Shop,40.97215437,-73.96090508
2579,Coffee Shop,40.75200362,-73.97566795
2580,Bakery,40.69375934,-73.98675917
2581,Food & Drink Shop,40.76750917,-73.93837452
2582,Dessert Shop,40.72173557,-73.99593566
2583,Bar,40.721613,-73.95814222
2584,City,40.84816411,-73.99766207
2585,Building,40.7420383,-73.990214
2586,American Restaurant,40.74586959,-73.9134463
2587,Office,40.71328429,-74.01170513
2588,Ice Cream Shop,40.73647548,-73.99754825
2589,Concert Hall,40.76963366,-73.99434602
2590,Ice Cream Shop,40.725891,-73.79143081
2591,Home (private),40.77519536,-73.81249842
2592,Food & Drink Shop,40.69705196,-73.93480817
2593,Home (private),40.70477381,-73.94186034
2594,Design Studio,40.67282273,-73.99241777
2595,Southern / Soul Food Restaurant,40.714718,-73.949522
2596,American Restaurant,40.72360525,-73.95165604
2597,Dessert Shop,40.71404731,-73.95492107
2598,Home (private),40.6915372,-73.91834636
2599,Bar,40.70725559,-73.95383725
2600,Home (private),40.6915372,-73.91834636
2601,Music Venue,40.75271456,-73.99419681
2602,College Academic Building,40.72917755,-73.99661064
2603,Sandwich Place,40.72989539,-73.99211361
2604,Home (private),40.68833899,-73.96537147
2605,Music Venue,40.71917242,-73.96151662
2606,Office,40.74170613,-73.98518667
2607,College Academic Building,40.72953529,-73.99347782
2608,Bar,40.71945037,-73.98781515
2609,Bar,40.7674265,-73.98600735
2610,Food & Drink Shop,40.75976949,-73.96155742
2611,Salad Place,40.75254117,-73.98836609
2612,Bar,40.72902308,-73.98088217
2613,Bar,40.72226743,-73.98837183
2614,Bar,40.72988846,-74.0006127
2615,Gym / Fitness Center,40.72918162,-73.99059713
2616,Office,40.76135898,-73.98041106
2617,Other Great Outdoors,40.76946376,-73.97914332
2618,Gym / Fitness Center,40.73899453,-73.98728142
2619,Bar,40.74150389,-73.99327286
2620,Office,40.72400949,-73.99834019
2621,American Restaurant,40.75554296,-73.97036779
2622,Sandwich Place,40.80135488,-73.94390103
2623,Neighborhood,40.79672258,-73.94124985
2624,General Entertainment,40.7565367,-73.99718671
2625,Gym / Fitness Center,40.80159,-73.942595
2626,Salon / Barbershop,40.815458,-73.94730239
2627,University,40.81965536,-73.95009041
2628,Post Office,40.75102831,-73.9942503
2629,Bus Station,40.75622089,-73.99083384
2630,Bank,40.825898,-73.95093853
2631,Home (private),40.82497237,-73.95361626
2632,Bagel Shop,40.74627906,-73.99794996
2633,Gym / Fitness Center,40.82514376,-73.95717144
2634,Home (private),40.82497237,-73.95361626
2635,Home (private),40.82497237,-73.95361626
2636,Building,40.83785766,-73.94426267
2637,Post Office,40.91208026,-74.03641259
2638,Home (private),40.85040529,-73.71836391
2639,Department Store,40.78830758,-73.70306969
2640,Building,40.67589787,-73.92373428
2641,French Restaurant,40.67595516,-73.92379743
2642,Residential Building (Apartment / Condo),40.67595516,-73.92373428
2643,Neighborhood,40.83013108,-73.8915079
2644,Subway,40.8734156,-73.88983727
2645,Subway,40.86761099,-73.89724967
2646,Neighborhood,40.87097829,-73.82876809
2647,Home (private),40.87719935,-73.83602511
2648,Neighborhood,40.87800267,-73.83420154
2649,Subway,40.87873731,-73.83842468
2650,Building,40.71500563,-73.83074965
2651,Mall,40.66266423,-73.72021008
2652,Train Station,40.71381,-73.83071483
2653,Building,40.70795117,-74.00567983
2654,Bar,40.73243131,-74.00174894
2655,Mexican Restaurant,40.70962611,-74.0063914
2656,Café,40.687084,-73.976106
2657,Office,40.68663651,-73.97745023
2658,Coffee Shop,40.729545,-73.99658518
2659,Other Great Outdoors,40.69118179,-74.01678085
2660,Music Venue,40.71971102,-74.00456656
2661,Bar,40.71967453,-74.00445179
2662,Deli / Bodega,40.72524,-73.721302
2663,Bank,40.72528919,-73.72103331
2664,Church,40.77729173,-73.98068905
2665,Building,40.66113868,-73.78219279
2666,Park,40.65173176,-73.97266388
2667,Building,40.653046,-73.973021
2668,Neighborhood,40.66623528,-73.98107529
2669,Bakery,40.71252065,-73.99714654
2670,American Restaurant,40.58384344,-73.943327
2671,American Restaurant,40.78645548,-74.04630661
2672,Coffee Shop,40.755002,-73.968647
2673,Bar,40.780482,-73.952901
2674,Park,40.73787644,-73.98590326
2675,Bar,40.726963,-73.98375
2676,Ice Cream Shop,40.715594,-73.998234
2677,Southern / Soul Food Restaurant,40.81111202,-73.95779782
2678,Gym / Fitness Center,40.7323221,-73.98535884
2679,Bar,40.73676142,-73.98462424
2680,Bar,40.72376558,-73.97913758
2681,Bar,40.730101,-73.980512
2682,Bar,40.72488011,-73.99468461
2683,Gym / Fitness Center,40.753013,-73.987575
2684,Drugstore / Pharmacy,40.75892783,-73.96144262
2685,Bar,40.75918262,-73.96217732
2686,Drugstore / Pharmacy,40.75887312,-73.9626652
2687,River,40.73560499,-73.97196337
2688,Gym / Fitness Center,40.76081329,-73.97227764
2689,Church,40.76074016,-73.97603273
2690,Food & Drink Shop,40.75895826,-73.96156316
2691,Bar,40.75619842,-73.97160178
2692,Building,40.76123753,-73.97577434
2693,Campground,40.73520973,-73.9910634
2694,Building,40.74906145,-73.98037152
2695,Gym / Fitness Center,40.77909533,-73.94470453
2696,Gym / Fitness Center,40.74700135,-73.98156527
2697,Coffee Shop,40.78567232,-73.97271524
2698,Bar,40.75027973,-73.99423698
2699,Coffee Shop,40.77934896,-73.94778144
2700,Burrito Place,40.74531025,-73.97842124
2701,Gym / Fitness Center,40.67685469,-73.97226182
2702,Gym / Fitness Center,40.69261,-73.991499
2703,Gym / Fitness Center,40.77800832,-73.95414722
2704,American Restaurant,40.73008303,-74.00060696
2705,Bagel Shop,40.73644,-73.99734223
2706,American Restaurant,40.72561027,-73.99197578
2707,Gym / Fitness Center,40.75723732,-73.96693552
2708,Bookstore,40.75837794,-73.96966183
2709,Library,40.67256636,-73.96884441
2710,Gym / Fitness Center,40.71601683,-74.01281261
2711,Bar,40.73246102,-73.98789303
2712,Italian Restaurant,40.74994732,-73.98151517
2713,Gym / Fitness Center,40.74404732,-73.98402737
2714,Bar,40.74428433,-74.00648321
2715,Gym / Fitness Center,40.76636629,-73.96289479
2716,Gym / Fitness Center,40.74149914,-73.9954823
2717,Bar,40.7298532,-73.9808077
2718,Gym / Fitness Center,40.76391211,-73.92862547
2719,Bar,40.72788438,-73.98509484
2720,Café,40.71812833,-73.9903116
2721,Bar,40.72961659,-73.98979783
2722,Mexican Restaurant,40.76442654,-73.91609872
2723,Café,40.76465036,-73.91651782
2724,Food & Drink Shop,40.91419535,-74.05796798
2725,Food & Drink Shop,40.84085839,-74.15875473
2726,Drugstore / Pharmacy,40.72229087,-73.99711785
2727,Food & Drink Shop,40.87627697,-74.03878791
2728,Park,40.73148466,-74.03214954
2729,Bar,40.74227764,-73.98525554
2730,Home (private),40.87744097,-73.9065883
2731,Subway,40.88941189,-73.89850616
2732,Subway,40.874486,-73.909589
2733,Plaza,40.8614402,-73.89091015
2734,Subway,40.8670225,-73.89393568
2735,Building,40.72066869,-73.99896571
2736,Italian Restaurant,40.75930175,-73.98495913
2737,Deli / Bodega,40.72250592,-73.99765155
2738,Bar,40.74946079,-73.98483658
2739,American Restaurant,40.68641859,-73.98530245
2740,Bagel Shop,40.680749,-73.974896
2741,Music Venue,40.75759517,-73.98607622
2742,Office,40.7451207,-73.99247516
2743,Sandwich Place,40.74563164,-73.99357128
2744,Mexican Restaurant,40.7460912,-73.99427142
2745,Gym / Fitness Center,40.86486627,-74.06523581
2746,Home (private),40.90911738,-74.20032308
2747,University,40.8607586,-74.19882774
2748,Japanese Restaurant,40.899824,-73.99951918
2749,Movie Theater,40.91532869,-74.0767014
2750,Road,40.90105787,-74.15076256
2751,Department Store,40.86679532,-74.10016537
2752,American Restaurant,40.91010722,-74.03248787
2753,Gym / Fitness Center,40.78453747,-73.97976316
2754,Office,40.73881588,-73.99365162
2755,Train Station,40.74593439,-74.26055347
2756,Italian Restaurant,40.72007263,-74.0103681
2757,Convenience Store,40.7370803,-73.98446928
2758,Home (private),40.693029,-73.85954899
2759,Train Station,40.69251591,-73.85915279
2760,Bus Station,40.70358545,-73.7992993
2761,Medical Center,40.70795059,-73.78573745
2762,Deli / Bodega,40.70795858,-73.78559957
2763,Taxi,40.72956781,-73.99841309
2764,Home (private),40.89042448,-73.85954899
2765,Outdoors & Recreation,40.88143281,-73.8341958
2766,Train Station,40.89544599,-73.86297226
2767,Road,40.81338937,-73.93073806
2768,Caribbean Restaurant,40.8880543,-73.86043051
2769,Convenience Store,40.89636855,-73.85535958
2770,Caribbean Restaurant,40.89295532,-73.85744923
2771,Bus Station,40.88649029,-73.87826673
2772,Laundry Service,40.889121,-73.859668
2773,Building,40.96911433,-73.88059232
2774,Bank,40.96520126,-73.872517
2775,Gas Station / Garage,40.89975994,-73.85712264
2776,Drugstore / Pharmacy,40.87894943,-73.84340247
2777,Office,40.72504971,-73.9968596
2778,Bar,40.73122637,-73.95257607
2779,College & University,40.74467397,-73.934148
2780,Scenic Lookout,40.73857556,-73.90704632
2781,College Academic Building,40.74473641,-73.93688625
2782,Gym / Fitness Center,40.74588207,-73.99768598
2783,Department Store,40.76214602,-73.96845818
2784,Gym / Fitness Center,40.77903412,-73.98289102
2785,Bowling Alley,40.75752044,-73.98714368
2786,Bar,40.7600187,-73.98401589
2787,Bank,40.6851395,-73.97796103
2788,Ferry,40.69977177,-74.01339054
2789,Mall,40.86782694,-73.82703923
2790,Food & Drink Shop,40.86812592,-73.82576466
2791,Neighborhood,40.86280336,-73.84731889
2792,Neighborhood,40.86616247,-73.86088014
2793,Building,40.87415924,-73.83753276
2794,Plaza,40.85803216,-73.8563633
2795,Road,40.85697957,-73.86219927
2796,Bridge,40.64225637,-74.14209366
2797,Neighborhood,40.85439106,-73.86379838
2798,Neighborhood,40.85483495,-73.88604999
2799,Train Station,40.85861884,-73.85582475
2800,Subway,40.85723693,-73.86762857
2801,Bus Station,40.85754529,-73.8563633
2802,Other Great Outdoors,40.91192343,-73.78237724
2803,Mall,40.91143695,-73.77997398
2804,Food & Drink Shop,40.89656885,-73.79472807
2805,Department Store,40.86499,-73.829949
2806,Food & Drink Shop,40.89180981,-73.82010067
2807,Train Station,40.84188829,-73.8734892
2808,Subway,40.816188,-73.917947
2809,Other Great Outdoors,40.86708741,-73.82829666
2810,Garden,40.82718999,-73.92147809
2811,Pizza Place,40.72896656,-73.98838905
2812,American Restaurant,40.75687997,-73.98888588
2813,Office,40.76640053,-73.98198997
2814,Coffee Shop,40.76761433,-73.9828738
2815,Café,40.75613514,-73.99784092
2816,Stadium,40.57483891,-73.98503171
2817,Bar,40.77223627,-73.95585199
2818,Seafood Restaurant,40.77268096,-73.95842347
2819,Home (private),40.76071686,-73.91834636
2820,Bagel Shop,40.76039529,-73.92194885
2821,Coffee Shop,40.75372604,-73.98864156
2822,Clothing Store,40.74959782,-73.98746967
2823,Drugstore / Pharmacy,40.75643019,-73.91317646
2824,Building,40.73998189,-73.9933598
2825,College Academic Building,40.740133,-73.993435
2826,Bar,40.7257302,-73.79252672
2827,Mexican Restaurant,40.7269,-73.788848
2828,University,40.7355939,-73.81717699
2829,Gym / Fitness Center,40.86453988,-73.9262947
2830,Coffee Shop,40.76162733,-73.99033455
2831,Coffee Shop,40.75455562,-73.98671865
2832,German Restaurant,40.73821027,-73.98364859
2833,Gym / Fitness Center,40.74361175,-74.00677014
2834,Indian Restaurant,40.72612736,-73.98620822
2835,Bar,40.76371236,-73.99295723
2836,Asian Restaurant,40.74036719,-74.00580608
2837,Deli / Bodega,40.75110146,-73.98130059
2838,Office,40.749978,-73.98153
2839,Deli / Bodega,40.74282782,-74.00383203
2840,Office,40.75525335,-73.97945898
2841,Gym / Fitness Center,40.73361897,-73.98806766
2842,Convenience Store,40.73124094,-73.9886473
2843,Food Truck,40.73577906,-73.9931345
2844,Japanese Restaurant,40.73105528,-73.98871043
2845,Coffee Shop,40.75512046,-73.97954643
2846,Gym / Fitness Center,40.78285517,-73.95284997
2847,Gym / Fitness Center,40.7769581,-73.95523781
2848,Drugstore / Pharmacy,40.78202292,-73.95167326
2849,Housing Development,40.7544058,-73.94328108
2850,Subway,40.71408594,-74.00858402
2851,Subway,40.75403547,-73.94245148
2852,University,40.70181618,-73.79611827
2853,Subway,40.63072779,-73.97716999
2854,Subway,40.60906918,-73.97311126
2855,Subway,40.59605782,-73.97335589
2856,Subway,40.58085356,-73.97476137
2857,Subway,40.62599054,-73.97624497
2858,Fast Food Restaurant,40.57696138,-73.98161693
2859,Bar,40.72656947,-73.985945
2860,Coffee Shop,40.71562697,-74.03412938
2861,Food & Drink Shop,40.73971083,-73.98251798
2862,Deli / Bodega,40.74577932,-73.97529224
2863,Coffee Shop,40.74627135,-73.97983777
2864,Snack Place,40.74423057,-73.97635976
2865,Bagel Shop,40.743527,-73.973873
2866,American Restaurant,40.74733835,-73.98198997
2867,Office,40.75068228,-73.98359694
2868,Deli / Bodega,40.74702447,-73.98137014
2869,Pizza Place,40.74510704,-73.97835016
2870,Miscellaneous Shop,40.7582496,-73.970181
2871,Office,40.80601359,-73.90249729
2872,Deli / Bodega,40.74374128,-73.97304239
2873,Coffee Shop,40.74400563,-73.97669792
2874,Bar,40.73522625,-73.98281336
2875,College Academic Building,40.74581151,-73.98004438
2876,Deli / Bodega,40.74627504,-73.97971725
2877,Sandwich Place,40.74341997,-73.97361059
2878,Bakery,40.75875903,-73.97877802
2879,Italian Restaurant,40.74551453,-73.97945324
2880,Cosmetics Shop,40.77936068,-73.95514023
2881,Coffee Shop,40.75784647,-73.97099914
2882,Bagel Shop,40.740223,-73.982688
2883,Bar,40.72586029,-73.98442268
2884,Tattoo Parlor,40.7471092,-74.15280867
2885,Spanish Restaurant,40.747048,-74.15257037
2886,Café,40.82787106,-74.10190679
2887,Gas Station / Garage,40.74553378,-74.16464567
2888,College Academic Building,40.74625307,-74.16346213
2889,Church,40.81919256,-74.16168988
2890,Sporting Goods Shop,40.82991733,-74.14106369
2891,Gym / Fitness Center,40.79751876,-74.14632914
2892,Deli / Bodega,40.79765285,-74.14848519
2893,Subway,40.7432578,-73.98407936
2894,Mexican Restaurant,40.71445595,-73.99812609
2895,Bar,40.7761672,-73.9561516
2896,Coffee Shop,40.75431202,-73.9752578
2897,Other Great Outdoors,40.74218482,-73.98838288
2898,Coffee Shop,40.74370844,-73.98708055
2899,Office,40.74499582,-73.99378936
2900,Coffee Shop,40.720787,-73.999497
2901,Park,40.65684335,-73.96807194
2902,Sculpture Garden,40.75525456,-73.84614944
2903,Office,40.7501685,-73.97381721
2904,Office,40.7632102,-73.9830345
2905,BBQ Joint,40.72853117,-73.98772332
2906,Office,40.75243234,-73.99025421
2907,Office,40.755993,-73.9934852
2908,Bar,40.739489,-74.002074
2909,Cuban Restaurant,40.73876405,-74.00011917
2910,Bar,40.74863873,-73.97566795
2911,Home (private),40.77582899,-74.23554036
2912,Train Station,40.74758209,-74.17188764
2913,Train Station,40.7718725,-74.23319221
2914,Gym / Fitness Center,40.78939508,-74.19575707
2915,Office,40.74642994,-73.98111762
2916,Coffee Shop,40.74997527,-73.97949341
2917,Train Station,40.86149294,-73.89058024
2918,Residential Building (Apartment / Condo),40.86810091,-73.88818908
2919,Coffee Shop,40.86730079,-73.897198
2920,Home (private),40.86590418,-73.89482953
2921,Garden,40.86301432,-73.88035297
2922,Clothing Store,40.72393331,-73.99804178
2923,Train Station,40.926865,-73.839701
2924,Coffee Shop,40.75171,-73.990295
2925,Gym / Fitness Center,40.7367546,-73.99521589
2926,Soup Place,40.73782767,-73.99236202
2927,Tapas Restaurant,40.73452445,-73.99826559
2928,Sushi Restaurant,40.74689526,-73.98500741
2929,Bar,40.75060567,-73.98532391
2930,Diner,40.7337627,-74.006264
2931,Neighborhood,40.74592188,-73.97801842
2932,Food & Drink Shop,40.74863807,-73.98934172
2933,Sandwich Place,40.74508,-73.982476
2934,Subway,40.87307487,-73.88679028
2935,Church,40.80396143,-73.96288905
2936,Office,40.75249644,-73.98982953
2937,Subway,40.74590514,-73.9980416
2938,Subway,40.7255768,-74.004252
2939,Other Great Outdoors,40.71430985,-73.94939443
2940,Smoke Shop,40.71595074,-73.94959534
2941,Bus Station,40.70416775,-73.948189
2942,Home (private),40.69321218,-73.93010371
2943,Home (private),40.69321218,-73.93010371
2944,General Travel,40.68900262,-73.92908473
2945,Subway,40.67933621,-73.93028498
2946,Paper / Office Supplies Store,40.727035,-74.005569
2947,Road,40.72584842,-74.00399271
2948,Home (private),40.69321218,-73.93010371
2949,General Travel,40.70408638,-73.94807993
2950,Convenience Store,40.727205,-74.003234
2951,General Entertainment,40.72649308,-74.00530109
2952,Deli / Bodega,40.71606901,-73.94973884
2953,Pizza Place,40.71441898,-73.94948053
2954,Deli / Bodega,40.70411215,-73.94863673
2955,Deli / Bodega,40.71559177,-73.94962404
2956,Deli / Bodega,40.72690199,-74.0032754
2957,Office,40.72648555,-74.00508877
2958,Drugstore / Pharmacy,40.72789663,-74.00722347
2959,Subway,40.66869292,-73.93140078
2960,Bakery,40.7150559,-73.94950349
2961,Laundry Service,40.69054151,-73.93374616
2962,Deli / Bodega,40.69050658,-73.9335395
2963,Chinese Restaurant,40.68990012,-73.93075528
2964,Coffee Shop,40.69677842,-73.93549919
2965,Diner,40.7263476,-74.00433702
2966,General Travel,40.71532845,-73.94954368
2967,Deli / Bodega,40.68914413,-73.93032074
2968,Subway,40.71380945,-73.95024061
2969,Residential Building (Apartment / Condo),40.70482394,-73.94824066
2970,Convenience Store,40.68904527,-73.93031898
2971,General Travel,40.70427839,-73.94789625
2972,Subway,40.80824173,-73.96360651
2973,Food & Drink Shop,40.80396857,-73.96643044
2974,General Entertainment,40.72641396,-74.00504286
2975,Deli / Bodega,40.71524653,-73.94961256
2976,Bar,40.722349,-73.987707
2977,Donut Shop,40.72620616,-73.98616231
2978,Falafel Restaurant,40.730178,-74.0003224
2979,Office,40.73329164,-73.99283671
2980,Gym / Fitness Center,40.77076561,-73.95504839
2981,Gym / Fitness Center,40.73448313,-73.98823409
2982,Gastropub,40.72436428,-73.99249812
2983,Coffee Shop,40.772298,-73.949633
2984,Office,40.75252271,-73.98677065
2985,Burrito Place,40.75491322,-73.9866972
2986,Deli / Bodega,40.74994975,-73.98386667
2987,Mexican Restaurant,40.75214806,-73.97416158
2988,Bridge,40.74485099,-73.96532536
2989,Clothing Store,40.75024805,-73.98991585
2990,Bar,40.74332108,-73.97721492
2991,Beer Garden,40.74220108,-73.95581961
2992,Hotel,40.72611794,-73.99161433
2993,Office,40.75602574,-73.97033335
2994,Home (private),40.68833899,-73.96537147
2995,Bar,40.75803174,-73.97142386
2996,University,40.76815922,-73.96420956
2997,Gym / Fitness Center,40.87050658,-73.95693684
2998,Office,40.75809656,-73.9820531
2999,High School,40.87081138,-73.98883224
3000,Parking,40.81134071,-74.08226967
3001,Bridge,40.80383714,-73.92893314
3002,Parking,40.72906373,-74.01128769
3003,Fried Chicken Joint,40.73281984,-73.99811268
3004,Gym / Fitness Center,40.72127309,-73.84692306
3005,Bar,40.854935,-73.93711
3006,Park,40.73998136,-73.87849068
3007,Korean Restaurant,40.74766009,-73.98522684
3008,Neighborhood,40.7162328,-73.85018349
3009,Gym / Fitness Center,40.75817623,-73.97035057
3010,Italian Restaurant,40.72665399,-73.99226856
3011,Coffee Shop,40.72828321,-73.9955914
3012,Jewelry Store,40.74854695,-73.98837027
3013,Clothing Store,40.71961735,-73.84357476
3014,Coffee Shop,40.72040231,-73.84445161
3015,Bar,40.74969536,-73.97648335
3016,Donut Shop,40.72075185,-73.84438456
3017,Bus Station,40.73021823,-73.95438194
3018,Tea Room,40.73151269,-74.00320653
3019,Bakery,40.73091,-74.002819
3020,Gym / Fitness Center,40.76295878,-73.91559067
3021,Bar,40.75518277,-73.97856939
3022,Office,40.75856659,-73.98478493
3023,Church,40.83665274,-73.92577229
3024,Medical Center,40.84125907,-73.9432983
3025,Food & Drink Shop,40.67755881,-73.7445248
3026,Coffee Shop,40.58114648,-73.970966
3027,Miscellaneous Shop,40.58000478,-73.97365077
3028,Residential Building (Apartment / Condo),40.57899857,-73.97844696
3029,Bus Station,40.57701554,-73.98116112
3030,Office,40.72050611,-74.03292987
3031,Gym / Fitness Center,40.71909517,-74.03437614
3032,Japanese Restaurant,40.76314177,-73.9770657
3033,Clothing Store,40.77925782,-73.95514369
3034,Building,40.75879851,-73.97944176
3035,Bar,40.77867,-73.948125
3036,Bar,40.96603006,-73.85720015
3037,Event Space,40.643109,-73.983272
3038,Residential Building (Apartment / Condo),40.76620905,-73.92425537
3039,Mall,40.96434077,-73.85661727
3040,Bar,40.75730502,-73.96864019
3041,Laundry Service,40.765279,-73.81657386
3042,Home (private),40.72554094,-73.74190168
3043,Home (private),40.72554094,-73.74190168
3044,Food & Drink Shop,40.78285959,-73.83525835
3045,American Restaurant,40.74131916,-74.00611595
3046,Bar,40.71105463,-74.00867529
3047,Gym / Fitness Center,40.749085,-73.98225698
3048,Coffee Shop,40.71077715,-74.01115999
3049,Arcade,40.71119344,-74.00895647
3050,Gym / Fitness Center,40.72135346,-74.00492809
3051,Bar,40.72987911,-74.01005249
3052,Donut Shop,40.75909748,-73.97041371
3053,River,40.76022036,-73.95868177
3054,Other Great Outdoors,40.76019568,-73.95687103
3055,Gym / Fitness Center,40.69057841,-73.98411346
3056,Factory,40.94642692,-74.13332927
3057,Building,40.85288961,-73.88768953
3058,Government Building,40.82907881,-74.10311699
3059,Medical Center,40.82934379,-74.10294492
3060,Medical Center,40.82921532,-74.10305964
3061,Medical Center,40.88431303,-74.0562864
3062,Medical Center,40.95672908,-74.06300068
3063,Chinese Restaurant,40.67284026,-73.87072702
3064,Chinese Restaurant,40.67284344,-73.87066385
3065,Pizza Place,40.67284108,-73.8706294
3066,Food & Drink Shop,40.67396185,-73.87238084
3067,Salon / Barbershop,40.67414892,-73.87085335
3068,Latin American Restaurant,40.67437281,-73.8709116
3069,Salon / Barbershop,40.67632099,-73.87072702
3070,Gas Station / Garage,40.67287551,-73.8706983
3071,Restaurant,40.6710256,-73.87547598
3072,Salon / Barbershop,40.67288164,-73.87076721
3073,Salon / Barbershop,40.67288874,-73.87088781
3074,Cosmetics Shop,40.67373751,-73.87086484
3075,Government Building,40.6728498,-73.87080693
3076,Gas Station / Garage,40.67285629,-73.8706983
3077,Deli / Bodega,40.6728958,-73.87072127
3078,Chinese Restaurant,40.67286343,-73.87288043
3079,Bus Station,40.67502037,-73.87178937
3080,Bus Station,40.6728312,-73.8705126
3081,Library,40.67399629,-73.87219708
3082,Salon / Barbershop,40.67401428,-73.87088206
3083,Housing Development,40.67294068,-73.87164116
3084,Office,40.67408378,-73.87095097
3085,Home (private),40.6749343,-73.87130988
3086,Movie Theater,40.66860605,-73.86195808
3087,Office,40.74185967,-74.00429249
3088,Office,40.74212106,-74.00506007
3089,Caribbean Restaurant,40.67295509,-73.87084187
3090,Laundry Service,40.67399629,-73.87219708
3091,Garden,40.67290579,-73.87081315
3092,Food & Drink Shop,40.67298252,-73.87070979
3093,Bar,40.6731,-73.870697
3094,Home (private),40.66700011,-74.23554036
3095,Gas Station / Garage,40.65640342,-74.22990914
3096,Home (private),40.8331652,-73.94186034
3097,Bar,40.75750197,-73.98468737
3098,Gym / Fitness Center,40.69780267,-73.99414516
3099,Home (private),40.70156643,-73.98887973
3100,Home (private),40.6272943,-73.95361626
3101,Road,40.62225921,-74.17456985
3102,Road,40.61037463,-74.1088983
3103,Subway,40.62962985,-73.96171239
3104,Other Great Outdoors,40.60863771,-74.09106628
3105,Moving Target,40.63174438,-73.96792603
3106,Coffee Shop,40.75254816,-73.99299502
3107,Bridge,40.67158175,-73.99846673
3108,Coffee Shop,40.711812,-73.949068
3109,Miscellaneous Shop,40.74444524,-74.02890199
3110,Bookstore,40.7558988,-73.97921219
3111,Gym / Fitness Center,40.7434671,-74.02893642
3112,Bakery,40.77514793,-73.90872122
3113,Deli / Bodega,40.74118161,-73.99238334
3114,Office,40.74089649,-73.99184389
3115,Ice Cream Shop,40.775053,-73.953727
3116,Sandwich Place,40.74576898,-73.98886704
3117,Sushi Restaurant,40.7281629,-73.98801601
3118,Bookstore,40.70881201,-74.00527954
3119,Train Station,40.74911015,-73.98845673
3120,Subway,40.7629749,-73.98186922
3121,Bar,40.82789148,-73.92472171
3122,American Restaurant,40.75876539,-73.95249367
3123,Subway,40.75923674,-73.95339489
3124,Ice Cream Shop,40.74753571,-73.9862197
3125,Mexican Restaurant,40.70428724,-74.01012135
3126,Gym / Fitness Center,40.707353,-74.004935
3127,Mexican Restaurant,40.70838587,-74.00035446
3128,Café,40.76066702,-73.98463726
3129,Government Building,40.71265873,-74.00588036
3130,Electronics Store,40.730928,-73.991353
3131,French Restaurant,40.72270549,-73.99819851
3132,Restaurant,40.72316832,-74.003018
3133,Fast Food Restaurant,40.71882683,-73.98820996
3134,Bar,40.72177884,-73.98748229
3135,Bar,40.71406102,-73.95600123
3136,Train Station,40.72465693,-73.70641708
3137,Office,40.74642075,-73.98215067
3138,Coffee Shop,40.74716739,-73.98341328
3139,Bank,40.745542,-73.98246058
3140,Gym / Fitness Center,40.75473442,-73.70051622
3141,Gym / Fitness Center,40.74663922,-73.98150444
3142,Café,40.74644415,-73.98384333
3143,Harbor / Marina,40.90307563,-73.91464047
3144,Park,40.89396748,-73.89624487
3145,Parking,40.70747071,-74.01449965
3146,Office,40.70834538,-74.01178546
3147,Bar,40.70935513,-74.01115999
3148,Burger Joint,40.72592126,-73.99782371
3149,Harbor / Marina,40.68571486,-74.07188416
3150,Office,40.75628267,-73.99342207
3151,Salad Place,40.75535208,-73.98656845
3152,Korean Restaurant,40.72926996,-73.98929007
3153,Train Station,40.66263818,-73.90887022
3154,Home (private),40.6601875,-73.9065883
3155,Home (private),40.6601875,-73.9065883
3156,Subway,40.66961585,-73.95960014
3157,Medical Center,40.58426059,-73.94598475
3158,Home (private),40.61404836,-73.93010371
3159,Food & Drink Shop,40.65386667,-73.91139093
3160,Miscellaneous Shop,40.65890928,-73.90905422
3161,Wings Joint,40.65615714,-73.908215
3162,Subway,40.67064595,-73.95802975
3163,Food & Drink Shop,40.88227407,-74.21217442
3164,Home (private),40.83018008,-74.20032308
3165,Coffee Shop,40.81223691,-74.14529699
3166,Coffee Shop,40.81215734,-74.1223644
3167,Seafood Restaurant,40.83561202,-74.08631691
3168,Coffee Shop,40.81436517,-74.22000466
3169,High School,40.822972,-74.21314001
3170,Office,40.730277,-74.008187
3171,American Restaurant,40.71339779,-73.95115091
3172,Bar,40.72532779,-73.99249812
3173,Coffee Shop,40.75610804,-73.98283363
3174,Coffee Shop,40.73690277,-73.99580367
3175,Subway,40.71823729,-73.99373531
3176,Subway,40.68610537,-73.99047375
3177,Café,40.64836553,-73.97875879
3178,Office,40.75447225,-73.98662143
3179,Home (private),40.75736154,-73.89482953
3180,Plaza,40.75874862,-73.97859809
3181,Gym / Fitness Center,40.74897025,-73.98947371
3182,Burrito Place,40.74892778,-73.99007056
3183,Office,40.74856989,-73.98940485
3184,Miscellaneous Shop,40.74858212,-73.98942206
3185,Office,40.67596848,-73.77132289
3186,Movie Theater,40.70304718,-73.79994416
3187,Office,40.64791919,-73.79936971
3188,Fast Food Restaurant,40.68014053,-73.87800259
3189,Government Building,40.65062473,-73.76847267
3190,Food & Drink Shop,40.64973768,-73.8891365
3191,Coffee Shop,40.71467146,-73.83194447
3192,Neighborhood,40.64365659,-73.90067339
3193,College Academic Building,40.737116,-73.81773097
3194,College Academic Building,40.73716581,-73.81772267
3195,College Academic Building,40.73707977,-73.81808281
3196,College Academic Building,40.73523007,-73.82015237
3197,Home (private),40.77394293,-73.94186034
3198,Burger Joint,40.76486773,-73.99153972
3199,College Academic Building,40.73629202,-73.81863596
3200,College Academic Building,40.735309,-73.82007195
3201,College Academic Building,40.73563273,-73.81625891
3202,Drugstore / Pharmacy,40.78003977,-73.94729018
3203,Deli / Bodega,40.77893543,-73.94720742
3204,Subway,40.76464888,-73.96635532
3205,Neighborhood,40.77527683,-73.95360947
3206,Bus Station,40.72150208,-73.84417534
3207,Subway,40.76256859,-73.96796465
3208,Home (private),40.77561585,-73.95361626
3209,Drugstore / Pharmacy,40.777059,-73.949276
3210,Cuban Restaurant,40.71047318,-74.00805225
3211,Bar,40.73453249,-74.00231132
3212,American Restaurant,40.762282,-73.989731
3213,Restaurant,40.86631938,-73.92820065
3214,Gym / Fitness Center,40.91205316,-73.78117561
3215,Café,40.92620713,-73.83934768
3216,Office,40.7514116,-73.97994108
3217,City,40.94082841,-73.83516071
3218,Train Station,40.939825,-73.835217
3219,Park,40.936052,-74.0375
3220,Government Building,40.93576464,-74.03786992
3221,Gym / Fitness Center,40.94957684,-74.06738705
3222,Other Great Outdoors,40.76856532,-74.1619427
3223,Office,40.70403381,-73.9866972
3224,Home (private),40.70477381,-73.94186034
3225,Gym / Fitness Center,40.71515505,-73.96037502
3226,Park,40.7797579,-73.97305387
3227,Coffee Shop,40.70411988,-73.98666161
3228,Office,40.81297517,-74.0017283
3229,Bank,40.81228336,-74.00254086
3230,Automotive Shop,40.800194,-73.99455
3231,Gas Station / Garage,40.80019176,-73.99466336
3232,Parking,40.83248411,-73.91520884
3233,Residential Building (Apartment / Condo),40.83260085,-73.91522032
3234,School,40.83255976,-73.91532367
3235,Deli / Bodega,40.83261202,-73.91535237
3236,Bar,40.805097,-73.966071
3237,Cemetery,40.81403772,-74.00417061
3238,Building,40.81313597,-74.00196127
3239,Donut Shop,40.80023122,-73.99446487
3240,Spanish Restaurant,40.83329771,-73.91433
3241,Deli / Bodega,40.83259791,-73.91518588
3242,Bridge,40.84564817,-73.92710924
3243,Bus Station,40.83319692,-73.91407371
3244,Food & Drink Shop,40.83262074,-73.9151744
3245,Moving Target,40.81309891,-74.00180054
3246,Sculpture Garden,40.75892112,-73.97719196
3247,Neighborhood,40.85035208,-73.82837752
3248,Moving Target,40.81341171,-74.00198364
3249,Coffee Shop,40.87357786,-73.90859127
3250,Moving Target,40.81348038,-74.00185394
3251,Bakery,40.78260006,-73.97871288
3252,Subway,40.86547281,-73.92727017
3253,Clothing Store,40.83259083,-73.91493327
3254,Fast Food Restaurant,40.81869993,-74.00139889
3255,Neighborhood,40.73298201,-74.0014161
3256,Drugstore / Pharmacy,40.72511192,-73.99697438
3257,Building,40.75924127,-73.99601027
3258,Office,40.7550028,-73.98374615
3259,City,40.81722175,-74.00341886
3260,Steakhouse,40.75917867,-73.98148492
3261,Chinese Restaurant,40.76135972,-73.97836852
3262,Residential Building (Apartment / Condo),40.82890437,-73.93824101
3263,Athletic & Sport,40.7535966,-73.98356438
3264,Gas Station / Garage,40.73468783,-73.93803653
3265,Bar,40.71158573,-73.94523852
3266,Office,40.81063408,-73.96387054
3267,Cupcake Shop,40.75245158,-73.97521763
3268,Residential Building (Apartment / Condo),40.76698912,-73.95874858
3269,Residential Building (Apartment / Condo),40.762458,-73.96319
3270,Mexican Restaurant,40.76679184,-73.96280869
3271,Office,40.73813052,-73.9920378
3272,BBQ Joint,40.73559208,-73.98869276
3273,Subway,40.70541414,-73.94938295
3274,Office,40.7095643,-73.7980628
3275,Residential Building (Apartment / Condo),40.70507146,-73.94710984
3276,Subway,40.69973923,-73.95021915
3277,Subway,40.68990543,-73.95177658
3278,Subway,40.68710604,-73.97541046
3279,Train Station,40.68069546,-73.99565446
3280,Subway,40.66039193,-73.99806976
3281,Coffee Shop,40.77418287,-73.95963458
3282,Office,40.71011732,-74.01186705
3283,Residential Building (Apartment / Condo),40.70321245,-73.9436255
3284,Miscellaneous Shop,40.70308361,-73.9426152
3285,Road,40.71862354,-73.98815632
3286,Subway,40.70756075,-73.9402559
3287,Subway,40.6653401,-73.99291992
3288,Office,40.75141877,-73.9912413
3289,Subway,40.63505531,-74.01172221
3290,Subway,40.64510634,-73.9791548
3291,American Restaurant,40.57689111,-73.9819211
3292,Bank,40.57684371,-73.98132997
3293,University,40.69541297,-73.98732159
3294,Subway,40.64092454,-73.96389146
3295,Subway,40.69928373,-73.99051666
3296,Park,40.7977622,-73.95309448
3297,Miscellaneous Shop,40.75277927,-73.97710013
3298,Sandwich Place,40.74496293,-73.98216215
3299,Subway,40.84076211,-73.93953323
3300,Fast Food Restaurant,40.70344665,-73.80027735
3301,Coffee Shop,40.76724915,-73.86524677
3302,Office,40.601836,-73.97629933
3303,Home (private),40.60092327,-73.97712596
3304,Building,40.834158,-73.883584
3305,Government Building,40.83393156,-73.8835448
3306,Gym / Fitness Center,40.71893159,-73.98912938
3307,Chinese Restaurant,40.727578,-73.9883929
3308,Gym / Fitness Center,40.70037464,-73.94091031
3309,Gym / Fitness Center,40.69973162,-73.91062734
3310,Breakfast Spot,40.72615563,-73.98364285
3311,Office,40.74322029,-74.00773419
3312,Food & Drink Shop,40.61678825,-73.9733064
3313,Office,40.758454,-73.988858
3314,Office,40.88448276,-73.87838157
3315,College Academic Building,40.80659156,-73.95105333
3316,Office,40.80537241,-73.94273575
3317,Train Station,40.86256571,-73.90098747
3318,Plaza,40.76161333,-73.96829581
3319,Coffee Shop,40.80798044,-73.94569774
3320,Deli / Bodega,40.80527186,-73.94752085
3321,Music Venue,40.81427223,-73.94119733
3322,Subway,40.803894,-73.937624
3323,General Entertainment,40.80631,-73.942012
3324,Road,40.80773608,-73.94555424
3325,Coffee Shop,40.80780017,-73.94511223
3326,General Travel,40.80435689,-73.9374733
3327,Donut Shop,40.88212562,-73.88050045
3328,Road,40.82397467,-73.94473672
3329,Pizza Place,40.725548,-73.95138
3330,Bar,40.73251711,-74.00978853
3331,Latin American Restaurant,40.764217,-73.988321
3332,Dessert Shop,40.71438598,-74.00665537
3333,Coffee Shop,40.72982798,-73.99982929
3334,Bagel Shop,40.75203644,-73.99116096
3335,Bar,40.739619,-74.006403
3336,Gym / Fitness Center,40.78236866,-73.94887782
3337,Gym / Fitness Center,40.74455036,-73.9812611
3338,Bar,40.7629357,-73.97780607
3339,Ice Cream Shop,40.70325,-73.994802
3340,Ferry,40.73144384,-73.96323917
3341,Home (private),40.78381751,-73.94186034
3342,Food & Drink Shop,40.78748826,-73.94453821
3343,Deli / Bodega,40.65570343,-74.00666684
3344,Latin American Restaurant,40.78991132,-73.94661044
3345,Racetrack,40.81721954,-74.07673359
3346,Residential Building (Apartment / Condo),40.78914409,-73.94554276
3347,Mall,40.80991152,-74.06785011
3348,Food & Drink Shop,40.77438258,-73.98286233
3349,Restaurant,40.67482848,-73.97626877
3350,Seafood Restaurant,40.633613,-74.014332
3351,Bar,40.757078,-73.9671573
3352,Gym / Fitness Center,40.74508413,-73.99430585
3353,Office,40.75757731,-73.98620822
3354,Candy Store,40.777543,-73.813097
3355,Home (private),40.77519536,-73.81249842
3356,Home (private),40.77519536,-73.81249842
3357,Road,40.780227,-73.792836
3358,Home (private),40.78168478,-73.78896895
3359,Home (private),40.78168478,-73.78896895
3360,Home (private),40.78168478,-73.78896895
3361,Home (private),40.78168478,-73.78896895
3362,Home (private),40.78168478,-73.78896895
3363,Restaurant,40.78007738,-73.79265423
3364,General Travel,40.78001046,-73.79287827
3365,Home (private),40.78168478,-73.78896895
3366,Bar,40.7640638,-73.77111197
3367,Home (private),40.78168478,-73.78896895
3368,Neighborhood,40.79059642,-73.705298
3369,Bar,40.78012942,-73.7927921
3370,Office,40.72025984,-74.00608152
3371,Food & Drink Shop,40.73037922,-73.989322
3372,Home (private),40.74110983,-73.98887973
3373,Coffee Shop,40.720087,-74.003961
3374,Chinese Restaurant,40.716722,-73.997818
3375,Office,40.72844582,-74.0076828
3376,Bar,40.725047,-73.978356
3377,Music Venue,40.727144,-73.988872
3378,Drugstore / Pharmacy,40.75077058,-73.98711499
3379,Food & Drink Shop,40.73109393,-74.00284501
3380,Bar,40.80120973,-73.94370586
3381,Pet Store,40.77965496,-73.95539279
3382,Mexican Restaurant,40.78762117,-74.04583991
3383,Office,40.78790142,-74.0447402
3384,Home (private),40.77741075,-74.0358876
3385,Drugstore / Pharmacy,40.80921402,-74.00200718
3386,Bus Station,40.80953746,-74.00075616
3387,Food & Drink Shop,40.77380068,-74.02056483
3388,Bar,40.68721847,-73.95717791
3389,Bar,40.753926,-73.991544
3390,Café,40.69004946,-73.96514475
3391,Bar,40.708437,-74.004841
3392,Food & Drink Shop,40.6838233,-73.97582352
3393,Gym / Fitness Center,40.74675949,-74.03818548
3394,Medical Center,40.71631412,-74.05027628
3395,Food & Drink Shop,40.85215695,-74.0043354
3396,Gas Station / Garage,40.80599684,-73.99773189
3397,Gym / Fitness Center,40.88770033,-74.21476562
3398,Home (private),40.59555553,-73.80073403
3399,Beach,40.59537125,-73.79675593
3400,School,40.59481117,-73.79541168
3401,Convention Center,40.63129906,-73.95096149
3402,College Academic Building,40.63118003,-73.95102463
3403,College Academic Building,40.63198984,-73.95062685
3404,Office,40.86681777,-73.87863423
3405,Medical Center,40.86695759,-73.90584469
3406,Garden,40.86187429,-73.8808335
3407,Garden,40.86090157,-73.87355803
3408,Rental Car Location,40.8732748,-73.88054639
3409,Neighborhood,40.81209887,-73.90957668
3410,Light Rail,40.76525832,-74.18006301
3411,College Academic Building,40.81384299,-74.21651962
3412,Home (private),40.7478465,-74.17684116
3413,Park,40.77381437,-74.17543888
3414,Burger Joint,40.74797621,-73.99285966
3415,Hardware Store,40.73166539,-74.19816256
3416,Building,40.7443538,-73.98249502
3417,Deli / Bodega,40.74434195,-73.98244911
3418,Building,40.69343783,-73.98600161
3419,Government Building,40.69360343,-73.98605901
3420,Office,40.693812,-73.986181
3421,Electronics Store,40.74428731,-73.98292546
3422,Sushi Restaurant,40.74476768,-73.98205429
3423,Home (private),40.73944139,-73.97712596
3424,Home (private),40.73944139,-73.97712596
3425,Bank,40.74453006,-73.9827418
3426,Falafel Restaurant,40.74437142,-73.98308158
3427,Office,40.69372397,-73.98639187
3428,BBQ Joint,40.7445,-73.98259
3429,Gym / Fitness Center,40.74424119,-73.98270737
3430,Office,40.70224444,-74.01071906
3431,American Restaurant,40.719607,-73.986764
3432,Burger Joint,40.74571872,-73.99372049
3433,Hotel,40.74380844,-73.98298859
3434,Sandwich Place,40.74448452,-73.9834018
3435,Gas Station / Garage,40.7497074,-74.21492038
3436,Middle School,40.93758532,-74.01820649
3437,Food & Drink Shop,40.86833072,-74.04842088
3438,Deli / Bodega,40.7910226,-74.1509775
3439,Home (private),40.80384465,-74.15335627
3440,Trade School,40.74254248,-74.16908741
3441,School,40.8024719,-74.15586487
3442,Convenience Store,40.80064521,-74.14708032
3443,Gas Station / Garage,40.811048,-74.145083
3444,Fast Food Restaurant,40.80332477,-74.14633488
3445,Parking,40.7515,-74.166768
3446,Home (private),40.80384465,-74.15335627
3447,Steakhouse,40.82388836,-74.15455753
3448,Italian Restaurant,40.8314335,-73.82718283
3449,Asian Restaurant,40.85080247,-73.97054571
3450,Bar,40.82530613,-74.13810253
3451,Vietnamese Restaurant,40.79751488,-74.18180323
3452,Gym / Fitness Center,40.850543,-74.1806394
3453,Bar,40.85408634,-74.13833588
3454,Office,40.73717732,-73.98822069
3455,Gym / Fitness Center,40.78001091,-73.94644971
3456,BBQ Joint,40.73761,-73.987941
3457,Office,40.77541855,-73.96286035
3458,Office,40.75094552,-74.00563392
3459,Residential Building (Apartment / Condo),40.67641886,-73.9589171
3460,Salon / Barbershop,40.67527609,-73.96332527
3461,Building,40.70849012,-74.00283353
3462,Fast Food Restaurant,40.742,-73.993378
3463,Diner,40.74088421,-73.98983002
3464,University,40.70558681,-74.01321429
3465,Building,40.70925615,-74.00439441
3466,Building,40.70687112,-74.00984017
3467,Office,40.70697756,-74.00999511
3468,Gym / Fitness Center,40.7068025,-74.01026481
3469,Residential Building (Apartment / Condo),40.676487,-73.958906
3470,Parking,40.76366214,-74.02338792
3471,Road,40.763792,-74.023892
3472,Road,40.70707563,-74.01064396
3473,Gym / Fitness Center,40.83487295,-74.22620649
3474,Bus Station,40.91907427,-74.17415142
3475,Bank,40.75593488,-73.99095436
3476,Home (private),40.84498742,-74.16509908
3477,Convenience Store,40.81354776,-74.10954797
3478,Residential Building (Apartment / Condo),40.84476009,-74.160515
3479,College Academic Building,40.87036516,-74.19895649
3480,College Academic Building,40.87077893,-74.1981411
3481,Ice Cream Shop,40.83887901,-74.15544033
3482,Office,40.719893,-74.000054
3483,Salon / Barbershop,40.67552674,-73.97461499
3484,Food & Drink Shop,40.675409,-73.97786352
3485,Ice Cream Shop,40.67492687,-73.966733
3486,Food & Drink Shop,40.67245203,-73.970037
3487,Mexican Restaurant,40.72592867,-73.99639476
3488,Mexican Restaurant,40.89559141,-73.97609001
3489,Bar,40.88591812,-74.01265768
3490,Train Station,40.91085317,-74.03508425
3491,Student Center,40.86283582,-74.19723988
3492,Furniture / Home Store,40.92405994,-74.07398701
3493,Gym / Fitness Center,40.74800475,-74.00862694
3494,Residential Building (Apartment / Condo),40.76152697,-74.00021673
3495,Office,40.74746237,-73.99307193
3496,Office,40.74586841,-73.99024273
3497,Medical Center,40.76256708,-73.75869997
3498,Subway,40.71299104,-73.78283049
3499,Medical Center,40.68449898,-73.8454856
3500,Government Building,40.69487842,-73.98735029
3501,Food & Drink Shop,40.74488351,-73.93421173
3502,Beach,40.57623201,-73.83881355
3503,Church,40.78455919,-73.80962919
3504,Home (private),40.77519536,-73.81249842
3505,Office,40.745209,-73.992652
3506,Hotel,40.72192027,-73.95813648
3507,Office,40.71545433,-73.92808009
3508,Bar,40.746245,-73.97755086
3509,Building,40.75261349,-73.98631726
3510,General Travel,40.7356878,-73.81273681
3511,Home (private),40.73569746,-73.81249842
3512,Home (private),40.73569746,-73.81249842
3513,Home (private),40.70408557,-73.73013314
3514,Church,40.69162083,-73.78819052
3515,Subway,40.86249503,-73.90103281
3516,Neighborhood,40.82144158,-73.98789883
3517,Moving Target,40.69952011,-73.72844696
3518,Bar,40.7207366,-73.9887598
3519,Bagel Shop,40.782566,-73.948258
3520,Bar,40.75533,-73.968463
3521,Mexican Restaurant,40.721215,-73.987393
3522,Bar,40.74364473,-74.00428604
3523,Home (private),40.71633255,-73.95361626
3524,Bar,40.739871,-74.0069882
3525,Office,40.7604494,-73.9747355
3526,Coffee Shop,40.75708314,-73.97595227
3527,Gym / Fitness Center,40.77771108,-73.97734692
3528,Vegetarian / Vegan Restaurant,40.681098,-73.97596
3529,Hotel,40.76219055,-73.98360841
3530,Bus Station,40.7689256,-74.02333054
3531,Road,40.76123919,-73.98410198
3532,College Stadium,40.72232026,-74.01168791
3533,Sandwich Place,40.76181081,-73.98395276
3534,Athletic & Sport,40.77131186,-73.91743183
3535,Sandwich Place,40.77405406,-73.9177537
3536,Office,40.761436,-73.972889
3537,Bakery,40.77220969,-73.92897606
3538,Bar,40.71412239,-73.9490328
3539,Bar,40.73486134,-73.99302609
3540,Bar,40.75485633,-73.98597836
3541,Food & Drink Shop,40.75769266,-73.99150372
3542,Food & Drink Shop,40.80089549,-73.95909504
3543,Park,40.80505531,-73.95914555
3544,Bar,40.73138084,-74.00059104
3545,Coffee Shop,40.74112455,-74.0015653
3546,Spa / Massage,40.736071,-73.97903
3547,Café,40.72198995,-73.9977479
3548,Coffee Shop,40.72686037,-73.9802599
3549,Gym / Fitness Center,40.72424,-73.997779
3550,Music Venue,40.73359624,-74.00313914
3551,Bar,40.72510954,-73.98130127
3552,French Restaurant,40.72320299,-73.9826098
3553,Post Office,40.78143609,-74.05677403
3554,Post Office,40.78095823,-74.05988916
3555,Department Store,40.91552327,-74.06089783
3556,Office,40.75098826,-74.00588641
3557,Home (private),40.75605707,-74.23554036
3558,Fast Food Restaurant,40.75358313,-74.21445035
3559,Home (private),40.72310696,-74.21206292
3560,Road,40.73760275,-74.21820483
3561,City,40.77170549,-74.23246542
3562,Other Great Outdoors,40.76474676,-74.21715014
3563,Park,40.74231475,-74.21509234
3564,Building,40.73004245,-74.22056065
3565,College Academic Building,40.7315477,-74.21958623
3566,Cemetery,40.74899617,-74.2121403
3567,Park,40.74506719,-74.21509234
3568,Neighborhood,40.7387372,-74.23257432
3569,Neighborhood,40.73234018,-74.23508048
3570,Zoo,40.74631475,-74.22861379
3571,Government Building,40.74569253,-74.26388868
3572,Road,40.74959714,-74.21510381
3573,Road,40.72963715,-74.22331194
3574,Road,40.7266775,-74.23907375
3575,Park,40.74970173,-74.21523564
3576,Office,40.75305572,-73.9914778
3577,Bookstore,40.931951,-74.132019
3578,Arcade,40.962451,-74.092604
3579,Office,40.92780458,-74.13085191
3580,Deli / Bodega,40.96293528,-74.09249425
3581,Music Venue,40.96236367,-74.0923167
3582,Convenience Store,40.9311041,-74.13194418
3583,Coffee Shop,40.93142418,-74.13221102
3584,Electronics Store,40.96577081,-74.07566071
3585,Residential Building (Apartment / Condo),40.86876282,-73.90120565
3586,Home (private),40.61915107,-74.0358876
3587,Building,40.70646022,-74.01242815
3588,Other Nightlife,40.621783,-74.031636
3589,Home (private),40.7312265,-73.98887973
3590,College Academic Building,40.59772185,-74.14854253
3591,Bank,40.78087427,-73.80279343
3592,Residential Building (Apartment / Condo),40.706889,-73.818512
3593,Gym / Fitness Center,40.70257473,-73.81899783
3594,Donut Shop,40.70888267,-73.81835451
3595,Gym / Fitness Center,40.74559725,-73.99836888
3596,College Academic Building,40.7435646,-73.98216215
3597,College Academic Building,40.74355232,-73.98197849
3598,General College & University,40.74554431,-73.98028543
3599,University,40.74556629,-73.98013115
3600,College Academic Building,40.74629298,-73.97945898
3601,University,40.85056717,-73.93158768
3602,Home (private),40.85121752,-73.93010371
3603,Home (private),40.85121752,-73.93010371
3604,Office,40.73709603,-73.99273753
3605,Subway,40.76045573,-73.98377895
3606,Train Station,40.69978804,-73.80866289
3607,Subway,40.76146341,-73.98403645
3608,Office,40.75812306,-73.9820818
3609,Coffee Shop,40.75911807,-73.98258685
3610,Building,40.72026611,-74.04388189
3611,College Academic Building,40.8624788,-74.19912815
3612,Train Station,40.93954446,-74.12166474
3613,Train Station,40.7528228,-73.97742153
3614,Train Station,40.878445,-73.921659
3615,Bar,40.744607,-73.995232
3616,Tanning Salon,40.74434648,-73.99543065
3617,Office,40.75136273,-73.97971151
3618,Café,40.75128039,-73.97968281
3619,Pizza Place,40.75349907,-73.97978783
3620,Home (private),40.79012656,-73.8477874
3621,Department Store,40.7829786,-73.83175135
3622,Deli / Bodega,40.78969237,-73.846969
3623,Home (private),40.79012656,-73.8477874
3624,Park,40.78888603,-73.84657272
3625,Drugstore / Pharmacy,40.78526854,-73.84581462
3626,Bank,40.78413087,-73.84579739
3627,Home (private),40.79012656,-73.8477874
3628,Home (private),40.79012656,-73.8477874
3629,Church,40.78593559,-73.84662151
3630,Moving Target,40.78982,-73.84712
3631,Post Office,40.78423703,-73.84710109
3632,Mall,40.73314504,-73.86301517
3633,Subway,40.74803726,-73.94687176
3634,Gym / Fitness Center,40.72721803,-74.05188611
3635,Home (private),40.72966217,-74.04763776
3636,Office,40.74686681,-73.94427538
3637,Café,40.74673849,-73.94372308
3638,Drugstore / Pharmacy,40.719853,-74.042841
3639,Pizza Place,40.72674978,-74.0502912
3640,Bar,40.72798919,-74.05002155
3641,Coffee Shop,40.72019284,-74.04319424
3642,Taxi,40.72132945,-74.04318456
3643,Subway,40.76526206,-73.9800329
3644,American Restaurant,40.72906877,-74.04480209
3645,Park,40.72758399,-74.04523373
3646,Neighborhood,40.75329972,-73.9743395
3647,Subway,40.86802856,-73.91990483
3648,Neighborhood,40.80486852,-73.96618903
3649,Train Station,40.79670228,-73.69991541
3650,Subway,40.70637212,-74.0095067
3651,Other Great Outdoors,40.75962691,-73.95245965
3652,Gym / Fitness Center,40.77548,-73.911166
3653,Bar,40.76741458,-73.9213116
3654,Bar,40.75899294,-73.91949177
3655,Office,40.65553514,-74.00862938
3656,Office,40.65556632,-74.00839411
3657,Bus Station,40.88989838,-74.00271876
3658,Bar,40.91142654,-73.98693848
3659,Bus Station,40.91180261,-73.99780649
3660,Bus Station,40.75790224,-73.99486825
3661,Bar,40.91142074,-73.98678303
3662,Professional & Other Places,40.65624023,-74.00596101
3663,Other Great Outdoors,40.90447651,-74.10088012
3664,Building,40.91167346,-73.99739904
3665,Other Great Outdoors,40.65541812,-74.006839
3666,Office,40.91141477,-73.9868099
3667,Medical Center,40.87857913,-74.04712737
3668,Office,40.91147606,-73.98685099
3669,Neighborhood,40.86251126,-74.04789448
3670,Road,40.78666669,-74.05026825
3671,Residential Building (Apartment / Condo),40.76028084,-73.95057116
3672,General College & University,40.72867965,-73.85947146
3673,Drugstore / Pharmacy,40.75903231,-73.95321733
3674,Residential Building (Apartment / Condo),40.75706555,-73.94701226
3675,Food & Drink Shop,40.7299582,-73.8607923
3676,Home (private),40.75418872,-73.94186034
3677,School,40.72797249,-73.85994811
3678,Food & Drink Shop,40.82678954,-73.94950924
3679,Bus Station,40.80463955,-73.93786213
3680,Home (private),40.82477735,-73.88307006
3681,Subway,40.69321652,-73.989999
3682,Deli / Bodega,40.82723115,-73.9456059
3683,Deli / Bodega,40.82733296,-73.9456346
3684,Arcade,40.82763613,-73.94684494
3685,Deli / Bodega,40.82677243,-73.9460766
3686,Movie Theater,40.82728397,-73.94556199
3687,Deli / Bodega,40.82723997,-73.94570922
3688,Bus Station,40.82742367,-73.94623159
3689,Salon / Barbershop,40.825409,-73.947929
3690,Home (private),40.82141255,-73.85954899
3691,Laundry Service,40.82739197,-73.94585847
3692,Subway,40.86939159,-73.91524315
3693,Arts & Crafts Store,40.71981038,-74.00258103
3694,Café,40.71553668,-73.99857548
3695,Post Office,40.82655469,-73.94860803
3696,Convenience Store,40.82639153,-73.94816604
3697,Deli / Bodega,40.82731769,-73.94561738
3698,Neighborhood,40.82422152,-73.89264478
3699,University,40.827397,-73.945516
3700,Deli / Bodega,40.73308,-73.99987221
3701,Office,40.72814633,-74.00120951
3702,Light Rail,40.71027794,-74.05594647
3703,Light Rail,40.71509636,-74.04848322
3704,Park,40.72973296,-74.00623072
3705,Bus Station,40.78004725,-74.16535996
3706,Light Rail,40.77972902,-74.1746369
3707,Bus Station,40.75678717,-73.99014517
3708,Bus Station,40.77211001,-74.02176408
3709,Drugstore / Pharmacy,40.78129195,-74.02120749
3710,American Restaurant,40.78139497,-74.020429
3711,Post Office,40.7813562,-74.020316
3712,Home (private),40.78562442,-74.02413672
3713,Bus Station,40.75737744,-73.99335321
3714,Bank,40.78252292,-74.02104683
3715,French Restaurant,40.76579649,-73.97983203
3716,Professional & Other Places,40.77812523,-74.02435763
3717,Other Great Outdoors,40.78214848,-74.0214657
3718,Bus Station,40.75674954,-73.99741626
3719,Food & Drink Shop,40.76597842,-73.98156527
3720,General College & University,40.70473328,-73.98773789
3721,Other Great Outdoors,40.6768514,-73.95570849
3722,Gym / Fitness Center,40.79151161,-73.94457839
3723,Pizza Place,40.80438737,-73.96660837
3724,American Restaurant,40.74359606,-73.99962565
3725,Clothing Store,40.71993202,-74.00094199
3726,Other Great Outdoors,40.81106462,-73.95043373
3727,Residential Building (Apartment / Condo),40.80842209,-73.94872284
3728,College Academic Building,40.77111686,-73.98942232
3729,Deli / Bodega,40.75558488,-73.97939585
3730,Coffee Shop,40.72111513,-73.84733082
3731,Office,40.75497082,-73.98015343
3732,Laundry Service,40.721585,-73.980478
3733,Clothing Store,40.76883184,-73.96759558
3734,Pizza Place,40.747788,-73.985107
3735,Park,40.69594185,-73.99039194
3736,Other Great Outdoors,40.64250711,-73.88739669
3737,Rest Area,40.64244029,-73.88737372
3738,Medical Center,40.7654697,-73.98041169
3739,Train Station,40.65059217,-73.89949322
3740,Park,40.64261786,-73.88745411
3741,Building,40.64256911,-73.88731056
3742,Bank,40.63855505,-73.895153
3743,Deli / Bodega,40.64906766,-73.89617597
3744,Government Building,40.69382563,-73.98716664
3745,College Academic Building,40.69604842,-73.98802175
3746,College Academic Building,40.69590546,-73.98825131
3747,Drugstore / Pharmacy,40.63730038,-73.89276087
3748,Food & Drink Shop,40.6495103,-73.88901592
3749,Neighborhood,40.65200851,-73.9590168
3750,American Restaurant,40.765524,-73.980336
3751,Medical Center,40.76245411,-73.97216999
3752,Building,40.6529928,-73.90020088
3753,Subway,40.68036953,-73.94965589
3754,Bookstore,40.690812,-73.991917
3755,Caribbean Restaurant,40.64526737,-73.90237391
3756,Residential Building (Apartment / Condo),40.59035715,-73.98456685
3757,Clothing Store,40.65050103,-73.87139888
3758,College Academic Building,40.8081047,-73.96045983
3759,College Academic Building,40.80741037,-73.96249294
3760,College Academic Building,40.69772074,-73.99302035
3761,Home (private),40.75265863,-74.00063278
3762,American Restaurant,40.75257191,-73.99460427
3763,Donut Shop,40.65079702,-73.9587736
3764,Home (private),40.64053341,-73.97712596
3765,Donut Shop,40.64931643,-73.96389924
3766,Residential Building (Apartment / Condo),40.650315,-73.964913
3767,Food & Drink Shop,40.64672168,-73.9570172
3768,Cosmetics Shop,40.638219,-73.975845
3769,Bank,40.65052977,-73.95860141
3770,Building,40.65673532,-73.79530828
3771,Beach,40.59075551,-74.06651509
3772,Bar,40.721488,-73.995029
3773,Spa / Massage,40.75985403,-73.97611871
3774,Diner,40.78340104,-73.9800024
3775,Hotel,40.73650716,-73.98880407
3776,Bar,40.73295047,-74.00384925
3777,General Travel,40.7633247,-74.03166184
3778,Nursery School,40.62738682,-73.96217732
3779,Home (private),40.76586902,-74.02413672
3780,Bar,40.8707769,-74.18019444
3781,Cemetery,40.83537241,-74.13870335
3782,General College & University,40.962576,-74.07160158
3783,Gas Station / Garage,40.8933489,-74.107129
3784,Gym / Fitness Center,40.75346143,-73.97989516
3785,Café,40.75358444,-73.97478717
3786,Coffee Shop,40.75299358,-73.97476995
3787,Ramen /  Noodle House,40.754391,-73.973077
3788,Residential Building (Apartment / Condo),40.7984262,-73.96144836
3789,Home (private),40.65635876,-73.74190168
3790,Bus Station,40.65753498,-73.73591119
3791,Bus Station,40.70075068,-73.7957736
3792,Home (private),40.78716215,-73.96537147
3793,Department Store,40.66094629,-73.72244126
3794,Building,40.73209199,-73.99478217
3795,Residential Building (Apartment / Condo),40.74079126,-73.97669264
3796,Residential Building (Apartment / Condo),40.76002776,-73.96960443
3797,Residential Building (Apartment / Condo),40.75585436,-73.96379018
3798,Building,40.76018396,-73.969324
3799,Residential Building (Apartment / Condo),40.77135468,-73.95065308
3800,Theater,40.73012815,-74.00051514
3801,Home (private),40.60259049,-73.98887973
3802,Home (private),40.60259049,-73.98887973
3803,Neighborhood,40.74053451,-73.9948453
3804,General Entertainment,40.76513699,-73.98681656
3805,Office,40.73706888,-73.99301461
3806,Deli / Bodega,40.7386668,-73.995777
3807,Neighborhood,40.71849344,-73.98266315
3808,Food & Drink Shop,40.73582642,-73.99305479
3809,Mexican Restaurant,40.72234061,-73.98782909
3810,General Travel,40.82641025,-73.95053029
3811,Ferry,40.67310559,-74.04338357
3812,Building,40.88442299,-73.91246455
3813,Office,40.74181917,-73.99140199
3814,Gift Shop,40.885582,-73.909884
3815,Bar,40.777423,-73.948947
3816,College Academic Building,40.76162174,-73.95653504
3817,University,40.76253816,-73.95631119
3818,Food & Drink Shop,40.7793939,-73.94523829
3819,Medical Center,40.73423003,-73.98337311
3820,Fast Food Restaurant,40.67394769,-73.72899245
3821,Neighborhood,40.63004223,-74.02755361
3822,Building,40.74320844,-74.0001823
3823,Office,40.73997624,-73.98656978
3824,Gym / Fitness Center,40.631303,-74.023116
3825,Neighborhood,40.81562808,-73.95837307
3826,University,40.76966852,-73.98251832
3827,Church,40.681168,-74.212389
3828,Train Station,40.64321699,-74.07350421
3829,Comedy Club,40.76963997,-73.98299096
3830,Beach,40.59029693,-74.06643391
3831,Sushi Restaurant,40.61178464,-74.15868019
3832,University,40.60248415,-74.15037632
3833,Subway,40.6316723,-74.07531738
3834,Home (private),40.63719415,-73.95361626
3835,Home (private),40.69655801,-73.95361626
3836,Deli / Bodega,40.69032712,-73.95148383
3837,Gym / Fitness Center,40.83306206,-73.87470651
3838,Home (private),40.69655801,-73.95361626
3839,Deli / Bodega,40.69003077,-73.95147809
3840,Coffee Shop,40.760802,-73.983493
3841,Drugstore / Pharmacy,40.694928,-73.952353
3842,Bank,40.75988431,-73.98124962
3843,Office,40.76058068,-73.98322389
3844,Bar,40.73083197,-74.00095127
3845,Deli / Bodega,40.7613984,-73.98193359
3846,Residential Building (Apartment / Condo),40.70922058,-74.00514041
3847,Office,40.72313944,-74.00639714
3848,Office,40.70352292,-74.01192318
3849,Building,40.86855201,-73.92238516
3850,Park,40.70483495,-74.01370168
3851,Church,40.8683508,-73.92031841
3852,Deli / Bodega,40.86822477,-73.9221383
3853,Diner,40.86840304,-73.92228182
3854,Miscellaneous Shop,40.86849117,-73.9224196
3855,Miscellaneous Shop,40.86817689,-73.92223589
3856,Other Great Outdoors,40.65064101,-74.22077894
3857,Building,40.66336208,-74.19909345
3858,Café,40.80807167,-74.2085978
3859,Office,40.7633203,-73.98245485
3860,Train Station,40.80815748,-74.20869827
3861,Gas Station / Garage,40.79146893,-74.23331941
3862,Bagel Shop,40.82998794,-74.2063622
3863,Middle School,40.82679441,-74.21639352
3864,Electronics Store,40.8048818,-74.24818632
3865,Home (private),40.86590418,-73.89482953
3866,Gym / Fitness Center,40.86225161,-73.89434338
3867,Campground,40.84906259,-73.86863675
3868,Gym / Fitness Center,40.83451924,-73.85034595
3869,Gym / Fitness Center,40.85432363,-73.86778111
3870,Clothing Store,40.73216903,-73.99034603
3871,Elementary School,40.68506775,-73.99229152
3872,Residential Building (Apartment / Condo),40.78158643,-74.03603391
3873,Bus Station,40.77194222,-74.02945856
3874,Residential Building (Apartment / Condo),40.7724097,-73.98468737
3875,Burger Joint,40.77657677,-73.9791441
3876,Gym / Fitness Center,40.78928261,-74.04390567
3877,Park,40.80122721,-74.00030281
3878,Gym / Fitness Center,40.8497448,-73.93489428
3879,Salon / Barbershop,40.8485971,-73.93165083
3880,Home (private),40.59424065,-73.93010371
3881,Neighborhood,40.59655374,-73.95077705
3882,Deli / Bodega,40.58648442,-73.9312662
3883,Coffee Shop,40.75794809,-73.98231137
3884,Office,40.75915318,-73.97472978
3885,Building,40.76416303,-73.97197485
3886,Office,40.7602394,-73.97610723
3887,Clothing Store,40.75969839,-73.9762048
3888,Bar,40.74768164,-73.986323
3889,Jewelry Store,40.76004983,-73.97590635
3890,Ice Cream Shop,40.74763189,-73.98638613
3891,American Restaurant,40.71528089,-74.03639537
3892,Gym / Fitness Center,40.71518525,-74.03540851
3893,Medical Center,40.77951439,-73.95375115
3894,Deli / Bodega,40.71512167,-74.03455935
3895,Athletic & Sport,40.82658398,-73.95593809
3896,Spa / Massage,40.66745895,-74.10527927
3897,Residential Building (Apartment / Condo),40.82770708,-73.94696633
3898,Light Rail,40.69908851,-74.07866478
3899,Light Rail,40.69233694,-74.08724785
3900,Train Station,40.67866699,-74.10167277
3901,Light Rail,40.67190135,-74.10740137
3902,Office,40.74185268,-74.00432555
3903,Playground,40.7270546,-73.94717407
3904,Residential Building (Apartment / Condo),40.68966428,-73.9597666
3905,Subway,40.68864363,-73.96114111
3906,Home (private),40.57128332,-74.11812338
3907,Miscellaneous Shop,40.73529129,-74.0023613
3908,Plaza,40.735259,-74.001785
3909,Home (private),40.69655801,-73.95361626
3910,Office,40.66979964,-73.91386986
3911,University,40.75382138,-73.98249502
3912,Home (private),40.87785168,-74.11812338
3913,Food & Drink Shop,40.7918742,-74.04288442
3914,Food & Drink Shop,40.89883304,-74.09218477
3915,Post Office,40.873059,-74.109526
3916,Food & Drink Shop,40.87698509,-74.06686306
3917,Medical Center,40.8778474,-73.98289102
3918,Café,40.82966259,-74.13705099
3919,Building,40.76651829,-73.97933845
3920,Office,40.75917985,-73.98177266
3921,Thai Restaurant,40.69516274,-73.99544787
3922,Road,40.71926348,-74.00123247
3923,Performing Arts Venue,40.72603917,-73.9820838
3924,General Entertainment,40.82446719,-73.95373967
3925,Park,40.70901127,-74.01094437
3926,Bar,40.726142,-73.989499
3927,Office,40.73815469,-74.00123247
3928,Home (private),40.72143496,-74.05938719
3929,Event Space,40.72050781,-74.04410074
3930,Bar,40.76081794,-73.99016239
3931,Bar,40.72283954,-74.0474972
3932,Indian Restaurant,40.72656,-73.989137
3933,Office,40.73952471,-73.98845218
3934,Residential Building (Apartment / Condo),40.6888147,-73.98510632
3935,Seafood Restaurant,40.75250499,-73.97758004
3936,Airport,40.66104097,-73.82962304
3937,Residential Building (Apartment / Condo),40.676807,-73.970136
3938,Home (private),40.7312265,-73.98887973
3939,Office,40.75158901,-73.9745289
3940,Other Great Outdoors,40.730769,-73.9974505
3941,Bar,40.76004834,-73.91922187
3942,Medical Center,40.79161977,-73.70201055
3943,Home (private),40.7359251,-73.88307006
3944,Home (private),40.72268116,-73.85954899
3945,Neighborhood,40.69480989,-73.99426103
3946,Bank,40.598891,-73.955353
3947,Coffee Shop,40.750546,-73.976485
3948,Gym / Fitness Center,40.60924779,-73.95837181
3949,Sandwich Place,40.75187358,-73.97408009
3950,Home (private),40.61906293,-73.96537147
3951,Office,40.75323439,-73.9877348
3952,Gym / Fitness Center,40.86236866,-74.22758209
3953,Food & Drink Shop,40.95643123,-74.06887283
3954,Office,40.74919195,-73.98907772
3955,Gym / Fitness Center,40.75924836,-73.99605618
3956,Home (private),40.96324076,-74.0946311
3957,Toy / Game Store,40.95620483,-74.06860321
3958,Residential Building (Apartment / Condo),40.7575648,-73.96864592
3959,Bar,40.736988,-73.98458
3960,Deli / Bodega,40.80496514,-73.941094
3961,Home (private),40.80356164,-73.94186034
3962,Other Great Outdoors,40.80489686,-73.93880357
3963,Drugstore / Pharmacy,40.74287573,-73.99256124
3964,Drugstore / Pharmacy,40.80451012,-73.93754641
3965,Bank,40.74157843,-73.989482
3966,Taxi,40.756266,-73.984787
3967,Other Great Outdoors,40.80467222,-73.93980815
3968,Hot Dog Joint,40.75281068,-73.97726655
3969,Building,40.72878266,-74.00717183
3970,Music Venue,40.72892143,-74.00715461
3971,General Entertainment,40.72884745,-74.00745875
3972,Office,40.72884559,-74.00747596
3973,Office,40.72880249,-74.00722921
3974,Home (private),40.7114548,-73.98887973
3975,Home (private),40.7114548,-73.98887973
3976,Miscellaneous Shop,40.70986036,-74.01044844
3977,Government Building,40.71178449,-74.00208235
3978,Home (private),40.8360806,-73.82426211
3979,Gym / Fitness Center,40.86554662,-73.85753613
3980,Deli / Bodega,40.709456,-74.0063757
3981,Deli / Bodega,40.71021491,-74.00571406
3982,Bar,40.81010861,-73.80350574
3983,Road,40.73477099,-74.10484314
3984,Department Store,40.90122521,-73.817176
3985,Gym / Fitness Center,40.73070062,-73.69388942
3986,Food & Drink Shop,40.70866313,-74.00490513
3987,Coffee Shop,40.70927151,-74.00545029
3988,Home (private),40.93508142,-73.96537147
3989,Home (private),40.93508142,-73.96537147
3990,Home (private),40.948271,-73.98887973
3991,Seafood Restaurant,40.94216741,-73.9616837
3992,Home (private),40.93508142,-73.96537147
3993,Food & Drink Shop,40.9692381,-73.96309376
3994,Office,40.73081839,-73.99138477
3995,Gastropub,40.80202685,-74.20413768
3996,Automotive Shop,40.80408605,-74.19322894
3997,Hardware Store,40.78572596,-74.19757431
3998,Home (private),40.81042888,-74.20032308
3999,Food & Drink Shop,40.797306,-74.200943
4000,Food & Drink Shop,40.83778432,-74.18405059
4001,Home (private),40.81042888,-74.20032308
4002,Gas Station / Garage,40.812808,-74.19439352
4003,Office,40.81142848,-74.19674308
4004,Residential Building (Apartment / Condo),40.64977004,-73.96059126
4005,Coffee Shop,40.719222,-73.990248
4006,Office,40.761782,-73.958256
4007,Snack Place,40.7257302,-74.00098801
4008,Office,40.72257996,-73.9976745
4009,Café,40.754458,-73.97720497
4010,Home (private),40.61848447,-73.75366953
4011,Home (private),40.61848447,-73.75366953
4012,Home (private),40.61848447,-73.75366953
4013,Home (private),40.61848447,-73.75366953
4014,Bar,40.70188518,-73.76582452
4015,Office,40.6741287,-73.73220921
4016,Miscellaneous Shop,40.89239657,-74.11344767
4017,Food & Drink Shop,40.9163785,-74.07649656
4018,Electronics Store,40.90692416,-74.13381671
4019,College Academic Building,40.77214895,-73.98764872
4020,College Academic Building,40.77667657,-73.98056665
4021,Residential Building (Apartment / Condo),40.776898,-73.980176
4022,Office,40.7606168,-73.98074457
4023,Coffee Shop,40.72555133,-73.99476528
4024,Gym / Fitness Center,40.7451672,-73.97694517
4025,Cuban Restaurant,40.722534,-73.982745
4026,Fried Chicken Joint,40.68154052,-73.92269517
4027,High School,40.81848618,-73.94988656
4028,Moving Target,40.6797999,-73.92130012
4029,Cuban Restaurant,40.67960154,-73.92159865
4030,College Academic Building,40.67993866,-73.92109918
4031,Fast Food Restaurant,40.774093,-74.03775911
4032,Home (private),40.69617272,-73.81249842
4033,Fast Food Restaurant,40.75335279,-73.90842842
4034,Home (private),40.7619429,-73.78896895
4035,Residential Building (Apartment / Condo),40.712683,-73.961298
4036,Clothing Store,40.72319922,-73.99869599
4037,Bar,40.72556759,-73.99785519
4038,Donut Shop,40.74456392,-73.99663005
4039,Medical Center,40.63535651,-74.10638621
4040,Home (private),40.74776981,-74.0358876
4041,Gym / Fitness Center,40.63007814,-74.1092711
4042,Drugstore / Pharmacy,40.64153996,-73.93751621
4043,Subway,40.68171422,-73.88032244
4044,Gas Station / Garage,40.6731469,-73.99895423
4045,Coffee Shop,40.70813495,-73.83076429
4046,Laundry Service,40.723876,-73.848102
4047,Historic Site,40.79301881,-73.94794464
4048,Drugstore / Pharmacy,40.71292913,-73.87201399
4049,Park,40.69670788,-73.77355207
4050,Home (private),40.70098517,-73.77720317
4051,Bar,40.75993303,-73.90088412
4052,Train Station,40.69114925,-73.76555443
4053,Train Station,40.74120936,-73.95635605
4054,Home (private),40.78229375,-74.00063278
4055,Gym / Fitness Center,40.81135695,-73.98144007
4056,Bar,40.73963321,-74.00200718
4057,Travel Lounge,40.827343,-73.975336
4058,School,40.69402063,-73.9278275
4059,Café,40.7557711,-73.99114374
4060,Gym / Fitness Center,40.74902921,-73.99237186
4061,Gym / Fitness Center,40.71926874,-74.00171451
4062,Office,40.69381982,-73.98556545
4063,Home (private),40.84302969,-73.94186034
4064,Bank,40.84350463,-73.93913652
4065,Medical Center,40.86088438,-73.88990591
4066,Office,40.86133199,-73.89028488
4067,Bar,40.83934784,-73.86264038
4068,Home (private),40.84113866,-73.85954899
4069,Home (private),40.84113866,-73.85954899
4070,Train Station,40.912175,-73.851171
4071,Gym / Fitness Center,40.743854,-73.987898
4072,Office,40.77952303,-73.94635787
4073,Home (private),40.74277689,-74.00063278
4074,Office,40.75133978,-73.97533815
4075,Home (private),40.76741096,-73.96537147
4076,Design Studio,40.75386724,-73.98179412
4077,Bridge,40.82809887,-73.93391132
4078,College Academic Building,40.81212025,-73.96193504
4079,Deli / Bodega,40.8270873,-73.92414762
4080,Italian Restaurant,40.81399873,-73.96054722
4081,Harbor / Marina,40.76006566,-74.02218819
4082,Building,40.82749248,-73.8566178
4083,Pizza Place,40.83261032,-73.86104498
4084,Electronics Store,40.82593,-73.85714
4085,Drugstore / Pharmacy,40.83274926,-73.86167094
4086,Home (private),40.83127645,-73.85954899
4087,College Academic Building,40.736618,-73.996506
4088,Bar,40.72508076,-73.95140921
4089,Office,40.74295829,-73.99244073
4090,Food & Drink Shop,40.67995491,-73.94446358
4091,Home (private),40.73928284,-73.9065883
4092,Home (private),40.73928284,-73.9065883
4093,American Restaurant,40.7640638,-73.91577959
4094,Home (private),40.74277689,-74.00063278
4095,Bar,40.61429111,-73.99510928
4096,Bar,40.62947368,-74.0050199
4097,Salon / Barbershop,40.753754,-73.934274
4098,Hotel,40.66726067,-73.79829884
4099,Gym / Fitness Center,40.76112918,-73.93004343
4100,Home (private),40.62578449,-74.08288386
4101,Post Office,40.62039213,-74.0774029
4102,Automotive Shop,40.61357473,-74.08616203
4103,Coffee Shop,40.612287,-74.1324905
4104,Electronics Store,40.59537149,-74.1623498
4105,Home (private),40.70627746,-73.88307006
4106,Food & Drink Shop,40.7525888,-73.92107964
4107,Airport,40.670769,-74.18085153
4108,Parking,40.67274111,-74.18081713
4109,Residential Building (Apartment / Condo),40.73167117,-74.14584174
4110,Gym / Fitness Center,40.72710348,-74.17256302
4111,Food,40.91776755,-73.8644102
4112,Gas Station / Garage,40.93314089,-73.8725646
4113,Gas Station / Garage,40.93896744,-73.88559944
4114,Gas Station / Garage,40.93907434,-73.88491039
4115,Playground,40.93863446,-73.88495633
4116,Residential Building (Apartment / Condo),40.93855828,-73.88512859
4117,Deli / Bodega,40.93342226,-73.8731432
4118,Road,40.94972445,-73.87962189
4119,Building,40.93902494,-73.88512859
4120,Building,40.91683921,-73.86337652
4121,Home (private),40.9466008,-73.97712596
4122,Convenience Store,40.97283977,-73.96039224
4123,Park,40.97407206,-73.96234377
4124,Home (private),40.9466008,-73.97712596
4125,Home (private),40.97446248,-73.96537147
4126,Coffee Shop,40.72622618,-73.85275841
4127,Medical Center,40.7287873,-73.85198593
4128,Food Truck,40.728851,-73.851599
4129,Office,40.72612003,-73.9957922
4130,Café,40.72672879,-73.99563725
4131,Office,40.73138498,-74.00880727
4132,Home (private),40.63404533,-74.14161271
4133,Bus Station,40.643219,-74.07446016
4134,Building,40.6380616,-74.0761237
4135,Food & Drink Shop,40.84274539,-74.10117837
4136,Bus Station,40.83664807,-74.11432386
4137,Road,40.84066471,-74.1617918
4138,Bus Station,40.75773228,-73.99475922
4139,Breakfast Spot,40.83654656,-74.11412886
4140,Home (private),40.83838534,-74.11812338
4141,Train Station,40.8282937,-74.1008091
4142,Road,40.8900283,-74.07025337
4143,Coffee Shop,40.59225076,-74.16298624
4144,Bookstore,40.59245498,-74.16285436
4145,Park,40.62689263,-74.07646537
4146,Residential Building (Apartment / Condo),40.62506712,-74.07837233
4147,Bus Station,40.862906,-74.12739533
4148,Arts & Crafts Store,40.82939777,-74.13660049
4149,Bank,40.85303714,-74.13976337
4150,Home (private),40.85155841,-74.14161271
4151,Furniture / Home Store,40.76266835,-73.9686574
4152,Bar,40.718862,-73.945087
4153,Office,40.7545802,-73.99409351
4154,Sandwich Place,40.75337803,-73.99275063
4155,Gym / Fitness Center,40.71637918,-73.96096945
4156,Clothing Store,40.72259727,-73.99791553
4157,Library,40.72421064,-73.99553969
4158,Home (private),40.6537657,-74.00063278
4159,Salon / Barbershop,40.60832376,-74.16391841
4160,Deli / Bodega,40.60732665,-74.16343868
4161,Bank,40.77755077,-73.97868992
4162,Office,40.72546967,-73.99663579
4163,Gym / Fitness Center,40.73426695,-73.99088144
4164,Office,40.75983811,-73.98109674
4165,Residential Building (Apartment / Condo),40.78903347,-74.02381826
4166,Laundry Service,40.729545,-73.986137
4167,College Academic Building,40.7465742,-73.99579525
4168,Home (private),40.86590418,-73.89482953
4169,Salon / Barbershop,40.76008993,-73.97408123
4170,Office,40.75662186,-73.97053998
4171,Bakery,40.76183722,-73.96639824
4172,Historic Site,40.70718136,-74.01041865
4173,Home (private),40.84113866,-73.85954899
4174,Laundry Service,40.836805,-73.85742545
4175,Food & Drink Shop,40.83872834,-73.85827696
4176,Home (private),40.82831493,-73.97712596
4177,Park,40.83374486,-73.97092581
4178,Bank,40.82750052,-73.97340971
4179,Pizza Place,40.823047,-73.975966
4180,Gas Station / Garage,40.82815477,-73.972297
4181,Home (private),40.82831493,-73.97712596
4182,College Academic Building,40.82191335,-73.97825373
4183,Student Center,40.95158381,-74.08855677
4184,Home (private),40.74118775,-74.27075087
4185,Home (private),40.74932295,-73.97712596
4186,Outdoors & Recreation,40.85064963,-73.89570515
4187,General College & University,40.75356409,-73.97953033
4188,Spanish Restaurant,40.85127,-73.895332
4189,School,40.85846571,-73.88847617
4190,Fast Food Restaurant,40.86650324,-73.82576466
4191,Road,40.88224162,-74.20962095
4192,Home (private),40.82998414,-73.98887973
4193,Mall,40.78629711,-74.04612026
4194,Home (private),40.75765181,-74.0358876
4195,General College & University,40.94931792,-74.08792872
4196,Office,40.843089,-73.973083
4197,Mall,40.81283483,-73.98407936
4198,College Academic Building,40.94766989,-74.08349276
4199,Road,40.76159667,-74.04429007
4200,Food & Drink Shop,40.82118177,-73.99176121
4201,Student Center,40.95118044,-74.08925947
4202,Home (private),40.75931344,-74.04763776
4203,Home (private),40.98764596,-73.98887973
4204,Factory,40.87871569,-73.98809062
4205,Athletic & Sport,40.971054,-73.95484792
4206,Office,40.70242744,-73.99048448
4207,Ice Cream Shop,40.721719,-73.984641
4208,Bar,40.72517114,-73.98317224
4209,Government Building,40.72045082,-74.00687343
4210,Train Station,40.79263096,-74.20009375
4211,Home (private),40.79067094,-74.20032308
4212,Food & Drink Shop,40.83855433,-74.15413678
4213,Donut Shop,40.75566647,-73.98954258
4214,Home (private),40.81866125,-74.18858249
4215,Bakery,40.80887397,-74.19238049
4216,Laundry Service,40.81261907,-74.19081544
4217,College Academic Building,40.82422307,-74.17802507
4218,Home (private),40.79726156,-74.17684116
4219,School,40.82478654,-74.18406487
4220,Donut Shop,40.802794,-74.169468
4221,Other Great Outdoors,40.91667915,-74.08733792
4222,General Travel,40.9163819,-74.08719452
4223,Gym / Fitness Center,40.91395359,-74.04993549
4224,Government Building,40.88302033,-74.07587528
4225,Post Office,40.905482,-74.063861
4226,Bank,40.9032621,-74.06131189
4227,Diner,40.9027721,-74.0781142
4228,Office,40.74049402,-73.98673475
4229,Office,40.7621704,-73.97281408
4230,College Academic Building,40.71068343,-74.00461247
4231,Home (private),40.67008029,-73.9065883
4232,Road,40.66986247,-73.94729353
4233,Coffee Shop,40.77762434,-73.95491637
4234,Clothing Store,40.77879,-73.953984
4235,Bus Station,40.85275748,-73.82689118
4236,Gym / Fitness Center,40.77589237,-73.95573145
4237,Pizza Place,40.72646806,-73.9956598
4238,Gym / Fitness Center,40.75552694,-73.98908346
4239,Building,40.75230661,-73.97185432
4240,Road,40.62945995,-73.96164352
4241,Office,40.74031183,-73.98946223
4242,Residential Building (Apartment / Condo),40.78980843,-74.22594283
4243,Home (private),40.76921864,-74.25901479
4244,Medical Center,40.58475655,-74.08510208
4245,Bar,40.742019,-74.048426
4246,Community College,40.78236483,-74.02322726
4247,College & University,40.78214674,-74.02334202
4248,School,40.74075414,-74.05782938
4249,Shrine,40.7420359,-74.04859874
4250,Food & Drink Shop,40.74299725,-74.05132961
4251,Coffee Shop,40.74550126,-74.04941797
4252,College Academic Building,40.89748968,-74.03334618
4253,Home (private),40.72134149,-73.98887973
4254,Coffee Shop,40.730096,-73.992499
4255,Ice Cream Shop,40.73282333,-73.99385248
4256,Other Great Outdoors,40.72768969,-74.0447402
4257,Office,40.77350199,-73.98102579
4258,Post Office,40.68942794,-73.82757914
4259,Dessert Shop,40.73948602,-73.78538132
4260,Theater,40.7817733,-73.98112909
4261,Theater,40.75853189,-73.99273915
4262,Home (private),40.8298142,-73.91834636
4263,Office,40.71421958,-74.01256013
4264,Bar,40.863929,-74.079579
4265,Home (private),40.86302085,-74.08288386
4266,Hardware Store,40.82827747,-74.0917325
4267,High School,40.77001154,-74.03672815
4268,Home (private),40.76753212,-74.0358876
4269,Mexican Restaurant,40.7694624,-74.04381387
4270,Office,40.74260869,-73.97532093
4271,Clothing Store,40.65947006,-74.17110495
4272,Home (private),40.79396686,-74.15335627
4273,Home (private),40.79396686,-74.15335627
4274,Office,40.65944909,-74.17111642
4275,Coffee Shop,40.78019857,-74.17540534
4276,Donut Shop,40.84120528,-74.15902422
4277,Home (private),40.75765181,-74.0358876
4278,Bookstore,40.79929296,-74.00858921
4279,Other Great Outdoors,40.86179722,-73.98802757
4280,Office,40.75175358,-73.97683038
4281,Office,40.75664746,-73.97222739
4282,Residential Building (Apartment / Condo),40.853956,-73.865397
4283,Subway,40.82406999,-73.89306694
4284,College Academic Building,40.69420718,-73.98686247
4285,Bar,40.73018616,-73.98356824
4286,Bar,40.731805,-73.975817
4287,Arcade,40.73159998,-73.97557347
4288,Temple,40.73170296,-73.97570547
4289,Office,40.702696,-74.013553
4290,Home (private),40.72955814,-73.97712596
4291,Home (private),40.86633341,-74.1063776
4292,Home (private),40.86633341,-74.1063776
4293,Home (private),40.86633341,-74.1063776
4294,Home (private),40.72436339,-73.87130988
4295,Professional & Other Places,40.72953,-73.874835
4296,Salon / Barbershop,40.717664,-73.997261
4297,Bar,40.74727714,-73.88893553
4298,Salon / Barbershop,40.71860898,-73.99960843
4299,Salad Place,40.74267914,-73.99292279
4300,Fast Food Restaurant,40.743901,-73.9235
4301,Home (private),40.74610688,-74.02413672
4302,Home (private),40.63886447,-73.96537147
4303,Building,40.624326,-73.93889487
4304,Residential Building (Apartment / Condo),40.63715067,-73.967366
4305,General Entertainment,40.77211222,-73.98436598
4306,Coffee Shop,40.75818931,-73.91956633
4307,Moving Target,40.80050589,-74.2041839
4308,Home (private),40.91733204,-74.18858249
4309,Bus Station,40.89487348,-74.0784928
4310,Home (private),40.92714664,-74.11812338
4311,Neighborhood,40.92511213,-74.10214195
4312,Road,40.91830593,-74.19020776
4313,Cupcake Shop,40.70554075,-74.00825638
4314,Home (private),40.88605967,-74.1063776
4315,Home (private),40.88605967,-74.1063776
4316,Office,40.889077,-74.108426
4317,City,40.80507337,-74.11943957
4318,Home (private),40.78898753,-74.25901479
4319,Food & Drink Shop,40.88483589,-74.21012257
4320,Home (private),40.87129192,-74.14161271
4321,Home (private),40.64220098,-73.98887973
4322,Bank,40.63673571,-73.99040342
4323,Synagogue,40.63489673,-73.98903181
4324,Synagogue,40.64119799,-73.99636033
4325,Home (private),40.63396697,-74.00063278
4326,College Academic Building,40.63216904,-73.94998567
4327,Home (private),40.63230087,-73.98887973
4328,Miscellaneous Shop,40.635281,-73.992483
4329,Home (private),40.63396697,-74.00063278
4330,Synagogue,40.63319354,-73.99490842
4331,Synagogue,40.6343599,-73.99505189
4332,Food & Drink Shop,40.64017661,-73.98533014
4333,Bar,40.72854337,-73.98469884
4334,Coffee Shop,40.77624184,-73.94997419
4335,Office,40.73672208,-73.99558067
4336,Bar,40.73539436,-74.00042332
4337,Post Office,40.87436275,-74.13854778
4338,Home (private),40.8795046,-74.12986841
4339,Hotel,40.76053962,-73.98462424
4340,Home (private),40.84817643,-74.04763776
4341,Bar,40.88827738,-74.02044434
4342,Office,40.92970904,-74.07544681
4343,Stadium,40.86154,-74.10002
4344,Theater,40.69293303,-73.99788683
4345,Home (private),40.72454481,-73.94186034
4346,Gym / Fitness Center,40.7918,-73.974
4347,Gym / Fitness Center,40.7343718,-73.99168894
4348,Residential Building (Apartment / Condo),40.7722145,-73.95037025
4349,Office,40.74030493,-74.00716609
4350,Food & Drink Shop,40.87828304,-74.06579018
4351,Bar,40.80618073,-74.10409776
4352,Home (private),40.76387645,-73.87130988
4353,School,40.78211019,-73.77890086
4354,Bus Station,40.76833815,-73.87623971
4355,Bar,40.72714572,-74.00021099
4356,Coffee Shop,40.73018571,-73.86310101
4357,Bar,40.75991553,-73.97295056
4358,Gym / Fitness Center,40.74108344,-73.99256698
4359,Road,40.72247782,-74.23110008
4360,Neighborhood,40.73701074,-74.17657456
4361,Church,40.69084923,-73.98717238
4362,Office,40.7498523,-73.97285299
4363,River,40.72587318,-74.01050582
4364,College Academic Building,40.80740645,-73.95863011
4365,Office,40.7541601,-73.97382869
4366,Gym / Fitness Center,40.769538,-73.951956
4367,Park,40.76595673,-73.96033484
4368,Government Building,40.82660908,-73.92459541
4369,Office,40.736676,-73.98891
4370,Bank,40.61282873,-74.12415
4371,Office,40.7532997,-73.99249812
4372,Bar,40.75945627,-73.9912413
4373,College Academic Building,40.69351488,-73.99171189
4374,Home (private),40.57912418,-73.82426211
4375,Train Station,40.58358323,-73.82655859
4376,Church,40.58325449,-73.82132413
4377,Residential Building (Apartment / Condo),40.58573021,-73.81194985
4378,Bank,40.694002,-73.99107
4379,College Academic Building,40.69316586,-73.99186684
4380,Bus Station,40.58372201,-73.82126669
4381,Office,40.74836993,-73.99050672
4382,Gym / Fitness Center,40.73025005,-74.06467936
4383,Light Rail,40.66130995,-74.11637131
4384,Office,40.60623852,-74.17891372
4385,General College & University,40.60522108,-74.17977333
4386,Home (private),40.60761562,-74.16509908
4387,Beach,40.57263129,-74.08819199
4388,Food & Drink Shop,40.68006413,-73.76161876
4389,BBQ Joint,40.68083,-73.76331
4390,Department Store,40.70423611,-73.79380892
4391,Bakery,40.70439311,-73.79307359
4392,Fried Chicken Joint,40.70239646,-73.79117783
4393,School,40.67495826,-73.73607208
4394,Bar,40.760472,-73.977779
4395,Indian Restaurant,40.76026069,-73.9774704
4396,Building,40.7602,-73.977355
4397,Gas Station / Garage,40.70064826,-73.78878224
4398,Pizza Place,40.68152414,-73.765308
4399,Bar,40.69331268,-73.78037161
4400,Post Office,40.67952991,-73.75119
4401,Caribbean Restaurant,40.6802963,-73.75347376
4402,Food & Drink Shop,40.67463257,-73.73529058
4403,Spanish Restaurant,40.67693173,-73.742518
4404,Food & Drink Shop,40.67608156,-73.74047041
4405,Brewery,40.77833165,-73.90178919
4406,Home (private),40.67443633,-73.73013314
4407,Sushi Restaurant,40.75008549,-73.99309158
4408,Bar,40.67685054,-73.72460203
4409,Pet Store,40.96312723,-74.07778723
4410,Mexican Restaurant,40.93259915,-74.07112728
4411,Office,40.75053654,-73.93951539
4412,Gym / Fitness Center,40.84835184,-73.83081858
4413,High School,40.8213706,-73.90869252
4414,Gym / Fitness Center,40.85381451,-73.84339098
4415,Home (private),40.81343117,-73.94186034
4416,Office,40.75395032,-74.00023969
4417,Bar,40.79388813,-73.94269556
4418,College Academic Building,40.74169948,-73.97477569
4419,College Academic Building,40.84129182,-73.94046256
4420,Gym / Fitness Center,40.84340118,-73.94228226
4421,American Restaurant,40.75046894,-73.97637698
4422,Home (private),40.6785979,-74.1063776
4423,Plaza,40.73256334,-74.06331976
4424,Gym / Fitness Center,40.75968986,-73.96237247
4425,Gym / Fitness Center,40.77202688,-73.95888805
4426,Gym / Fitness Center,40.76246451,-73.96581055
4427,Bus Station,40.82670252,-73.95129204
4428,Bus Station,40.82517624,-73.94768715
4429,Bus Station,40.81894086,-73.95222545
4430,Home (private),40.82497237,-73.95361626
4431,Bus Station,40.81593663,-73.9171958
4432,Building,40.75476717,-73.99819098
4433,Coffee Shop,40.74086677,-73.99179797
4434,School,40.67085009,-73.87511421
4435,Bus Station,40.577285,-74.00001014
4436,Church,40.68670036,-73.98017065
4437,Donut Shop,40.63434459,-74.0144767
4438,Home (private),40.5745306,-74.00063278
4439,Church,40.634953,-74.014235
4440,Residential Building (Apartment / Condo),40.72461184,-73.99843201
4441,Scenic Lookout,40.64410926,-74.01935985
4442,Government Building,40.64440723,-74.02412811
4443,Office,40.64310442,-74.02556832
4444,Art Gallery,40.64705935,-74.02248859
4445,Home (private),40.63230087,-73.98887973
4446,Automotive Shop,40.6349397,-73.98424029
4447,Gym / Fitness Center,40.78821907,-73.94870561
4448,Hotel,40.75169333,-73.97658359
4449,Gym / Fitness Center,40.6541389,-73.94508927
4450,Fast Food Restaurant,40.65093,-73.94946905
4451,Coffee Shop,40.6552549,-73.94445784
4452,Bus Station,40.65213849,-73.94643823
4453,Medical Center,40.65405934,-73.94525
4454,College Academic Building,40.65419777,-73.9451352
4455,Medical Center,40.65424567,-73.94505483
4456,Home (private),40.65531693,-73.94186034
4457,Fast Food Restaurant,40.75762764,-73.98214817
4458,Gym / Fitness Center,40.75303121,-73.98586388
4459,Office,40.75305038,-73.98573762
4460,Neighborhood,40.706115,-73.831815
4461,Office,40.73963589,-74.00600118
4462,Building,40.75164786,-73.99287688
4463,Gym / Fitness Center,40.74205,-73.9984
4464,Gym / Fitness Center,40.92769035,-73.9964292
4465,Office,40.879528,-73.991493
4466,Residential Building (Apartment / Condo),40.75801773,-73.99225473
4467,Bank,40.8101151,-73.95118535
4468,General Entertainment,40.75550931,-73.99264733
4469,Clothing Store,40.74858132,-73.98541049
4470,Office,40.70685239,-74.01221009
4471,Home (private),40.76087145,-73.98887973
4472,Home (private),40.94175915,-74.01238511
4473,General Travel,40.94603931,-74.01625553
4474,Building,40.81699042,-74.0745462
4475,Home (private),40.90080728,-74.07113589
4476,Food,40.81669915,-74.07417334
4477,College Stadium,40.81829848,-74.07686943
4478,Other Great Outdoors,40.62637169,-74.09202991
4479,Electronics Store,40.66310131,-74.10717196
4480,Home (private),40.62743941,-74.0946311
4481,Office,40.76376011,-73.9727382
4482,Home (private),40.81827071,-73.9065883
4483,Snack Place,40.81586356,-73.90775979
4484,Home (private),40.81827071,-73.9065883
4485,Home (private),40.89266892,-74.15335627
4486,General College & University,40.75238561,-73.98051739
4487,Home (private),40.70477381,-73.94186034
4488,Home (private),40.70477381,-73.94186034
4489,Home (private),40.70477381,-73.94186034
4490,Other Great Outdoors,40.70613843,-73.95296477
4491,Home (private),40.71967322,-73.97712596
4492,Campground,40.70357198,-73.94676543
4493,Athletic & Sport,40.70323547,-73.94361976
4494,Gym / Fitness Center,40.88031729,-73.90822173
4495,Movie Theater,40.70315615,-73.94373456
4496,Other Great Outdoors,40.75779018,-73.98193359
4497,Bar,40.67695539,-73.96361799
4498,Residential Building (Apartment / Condo),40.67743868,-73.94246021
4499,Office,40.75013223,-73.98493767
4500,Building,40.75117964,-73.98341328
4501,Coffee Shop,40.77411745,-73.87395426
4502,Office,40.671416,-73.99287055
4503,Office,40.72941074,-74.00511746
4504,Café,40.74532376,-73.992229
4505,Plaza,40.72655953,-74.03254151
4506,Deli / Bodega,40.82677782,-73.849831
4507,Scenic Lookout,40.82737512,-73.95293033
4508,Animal Shelter,40.771046,-74.065758
4509,Home (private),40.77085419,-74.05938719
4510,Home (private),40.68499609,-73.94186034
4511,Deli / Bodega,40.68470717,-73.94382641
4512,Office,40.76162534,-73.98163414
4513,Home (private),40.68499609,-73.94186034
4514,College Academic Building,40.8623652,-74.1963172
4515,College Academic Building,40.86035289,-74.19816256
4516,College Academic Building,40.86677098,-74.20047998
4517,College Academic Building,40.86552149,-74.19462204
4518,Home (private),40.85977463,-74.12986841
4519,Office,40.73847801,-73.9904952
4520,Bus Station,40.74643844,-74.05212133
4521,Home (private),40.74943137,-74.04763776
4522,Bus Station,40.73186007,-74.06219535
4523,Residential Building (Apartment / Condo),40.74928104,-74.0501994
4524,Train Station,40.7321491,-74.06057758
4525,College Academic Building,40.77079185,-73.98592472
4526,Event Space,40.77070564,-73.98444059
4527,Home (private),40.8331652,-73.94186034
4528,College Academic Building,40.7708529,-73.98486528
4529,College Academic Building,40.77040184,-73.98463726
4530,Fast Food Restaurant,40.83429362,-73.94444636
4531,Fast Food Restaurant,40.93165072,-73.9955021
4532,Home (private),40.90719916,-73.97712596
4533,Deli / Bodega,40.92946911,-73.99539622
4534,Home (private),40.90719916,-73.97712596
4535,Drugstore / Pharmacy,40.91404636,-73.99786388
4536,Home (private),40.90719916,-73.97712596
4537,Office,40.91724345,-74.17148336
4538,Other Great Outdoors,40.82533633,-73.97627367
4539,Candy Store,40.82527052,-73.97467238
4540,Medical Center,40.7585219,-73.78216407
4541,Animal Shelter,40.75883153,-73.78253175
4542,Bar,40.72904747,-74.00032282
4543,Bar,40.729465,-73.99994128
4544,Road,40.71610082,-73.82379974
4545,Residential Building (Apartment / Condo),40.6562363,-73.90769926
4546,Park,40.65544671,-73.90874419
4547,Deli / Bodega,40.71182866,-73.99882224
4548,Student Center,40.75315559,-73.99096583
4549,Residential Building (Apartment / Condo),40.65518834,-73.95983548
4550,Residential Building (Apartment / Condo),40.8242984,-73.8927022
4551,Convenience Store,40.824327,-73.89258736
4552,Office,40.75331461,-73.98689691
4553,Deli / Bodega,40.754052,-73.987177
4554,School,40.75121342,-74.02533881
4555,Home (private),40.67200392,-74.12986841
4556,Ice Cream Shop,40.80396498,-74.00513467
4557,Home (private),40.80204208,-74.00063278
4558,Bus Station,40.83309951,-74.01021481
4559,Parking,40.95589867,-74.06818444
4560,Road,40.76165063,-74.04438427
4561,Other Great Outdoors,40.80227785,-73.99948597
4562,Parking,40.80331738,-74.00635242
4563,Other Great Outdoors,40.80336761,-74.00644684
4564,Road,40.80342452,-74.00652338
4565,Road,40.80568875,-74.01008606
4566,Food & Drink Shop,40.80334164,-74.00644878
4567,Gas Station / Garage,40.80235417,-74.01239946
4568,Road,40.80186853,-74.0266943
4569,High School,40.8011246,-74.01424885
4570,American Restaurant,40.81328955,-74.01137352
4571,Road,40.80633842,-74.01708126
4572,Elementary School,40.76187989,-74.04414743
4573,Road,40.93773416,-74.12587166
4574,Other Great Outdoors,40.80117333,-74.01482821
4575,Residential Building (Apartment / Condo),40.79924638,-73.93220767
4576,Home (private),40.87719935,-73.83602511
4577,Gym / Fitness Center,40.76130088,-73.98620367
4578,Park,40.7429291,-73.91636855
4579,Neighborhood,40.74693184,-73.91768932
4580,Office,40.91147597,-74.02532159
4581,Donut Shop,40.74319278,-73.92275333
4582,Bus Station,40.90202619,-74.00853756
4583,Breakfast Spot,40.76319957,-73.826103
4584,Coffee Shop,40.91126487,-74.02518962
4585,Home (private),40.91387038,-74.02413672
4586,Factory,40.91137,-74.025244
4587,Factory,40.76050366,-73.94384937
4588,Home (private),40.73928284,-73.9065883
4589,Building,40.714243,-74.006438
4590,Coffee Shop,40.61960195,-74.00806702
4591,Café,40.68679616,-73.99378936
4592,American Restaurant,40.71943403,-74.00049218
4593,Government Building,40.78813688,-74.13162035
4594,Home (private),40.78243805,-74.14161271
4595,Medical School,40.794407,-74.119329
4596,Medical Center,40.794539,-74.11938
4597,Office,40.75408424,-73.98231983
4598,Residential Building (Apartment / Condo),40.70452181,-74.009186
4599,Clothing Store,40.91604842,-74.07639331
4600,Home (private),40.76071686,-73.91834636
4601,Spa / Massage,40.74010129,-73.9920677
4602,Residential Building (Apartment / Condo),40.58469545,-73.93245452
4603,Gym / Fitness Center,40.587728,-73.951596
4604,Bagel Shop,40.58802,-73.953244
4605,Bar,40.58384788,-73.93279322
4606,Home (private),40.62896454,-73.96537147
4607,Moving Target,40.63130312,-73.96078213
4608,College Academic Building,40.63180863,-73.95350433
4609,Performing Arts Venue,40.82374735,-73.93987656
4610,Home (private),40.91053753,-74.00063278
4611,Beer Garden,40.912369,-74.073662
4612,College Academic Building,40.95196465,-74.09025192
4613,College Academic Building,40.74837051,-73.98568869
4614,College Academic Building,40.71918331,-73.9890146
4615,Residential Building (Apartment / Condo),40.7509389,-73.98590326
4616,University,40.70665366,-74.01229043
4617,Government Building,40.76280834,-74.21647377
4618,Coffee Shop,40.74088518,-74.17124255
4619,Coffee Shop,40.73327746,-74.19221998
4620,Residential Building (Apartment / Condo),40.73153918,-74.1860858
4621,Home (private),40.85072846,-73.78896895
4622,Other Great Outdoors,40.84868352,-73.7870121
4623,Deli / Bodega,40.85251321,-73.78934524
4624,Bar,40.852661,-73.78941
4625,Home (private),40.71931256,-73.83602511
4626,Office,40.7428899,-73.98457258
4627,Building,40.74269664,-73.98441763
4628,Neighborhood,40.87591427,-73.90795827
4629,Bar,40.862018,-73.925207
4630,Bar,40.86104665,-73.92088102
4631,Food,40.87612796,-73.90854898
4632,Neighborhood,40.67002749,-73.81902695
4633,Home (private),40.61416155,-74.00063278
4634,Bridal Shop,40.71949455,-73.99329008
4635,Moving Target,40.62096405,-74.02290344
4636,Office,40.74697652,-73.98325259
4637,Donut Shop,40.74748348,-73.98228267
4638,Event Space,40.75985074,-73.98114631
4639,Bar,40.74595882,-73.99392709
4640,Residential Building (Apartment / Condo),40.827749,-73.85003008
4641,Residential Building (Apartment / Condo),40.62937,-73.963472
4642,Miscellaneous Shop,40.905543,-74.0643
4643,Burger Joint,40.700051,-73.996479
4644,Government Building,40.70707691,-74.00506007
4645,Bus Station,40.82349539,-73.90899681
4646,Bus Station,40.73899827,-73.81505728
4647,Bus Station,40.82214582,-73.91185024
4648,Residential Building (Apartment / Condo),40.75704778,-73.997927
4649,Office,40.71482597,-74.005692
4650,Electronics Store,40.71194233,-74.00806128
4651,Event Space,40.70172388,-73.84065628
4652,Bank,40.80383638,-73.96740617
4653,Home (private),40.93508142,-73.96537147
4654,Sandwich Place,40.89652821,-73.97421323
4655,Bank,40.89601173,-73.97199207
4656,Bank,40.92652167,-73.96489857
4657,Home (private),40.79226924,-74.07113589
4658,Café,40.75811657,-73.99289984
4659,Restaurant,40.62940441,-73.918612
4660,Other Great Outdoors,40.63355856,-73.92037008
4661,Bus Station,40.6323191,-73.91826886
4662,Home (private),40.63217491,-73.91834636
4663,Home (private),40.63217491,-73.91834636
4664,Drugstore / Pharmacy,40.73177921,-73.98240566
4665,Bus Station,40.64060641,-73.90576441
4666,Government Building,40.64041091,-73.9056668
4667,Bus Station,40.64070805,-73.90567254
4668,Laundry Service,40.74379354,-73.88155946
4669,Food & Drink Shop,40.74296924,-73.88276696
4670,Coffee Shop,40.74305983,-73.88234942
4671,Coffee Shop,40.75692338,-73.99151677
4672,Bakery,40.74319546,-73.88231497
4673,Park,40.74331831,-73.88193025
4674,Office,40.7259,-74.005962
4675,Other Great Outdoors,40.715964,-73.938698
4676,Building,40.88766429,-74.01919918
4677,Home (private),40.93190934,-74.01238511
4678,Home (private),40.86926138,-73.91834636
4679,Office,40.75588577,-73.97850043
4680,Home (private),40.85121752,-73.93010371
4681,Office,40.70247696,-74.01283556
4682,Other Great Outdoors,40.78785598,-73.79333211
4683,Harbor / Marina,40.7909522,-73.80611369
4684,Beach,40.78689589,-73.80806101
4685,Park,40.79020117,-73.79713507
4686,Stadium,40.7908749,-73.79151102
4687,Harbor / Marina,40.79133224,-73.80516052
4688,Chinese Restaurant,40.75975539,-73.83231766
4689,Residential Building (Apartment / Condo),40.73773054,-73.7873173
4690,Building,40.72273391,-73.7960321
4691,Law School,40.71800554,-74.00696397
4692,Library,40.71815088,-74.00698246
4693,General Entertainment,40.760302,-73.99527
4694,Office,40.70478901,-73.98833166
4695,Government Building,40.92846162,-74.03604984
4696,Bar,40.834873,-74.225148
4697,Home (private),40.85320906,-74.22380201
4698,College Academic Building,40.817635,-73.950606
4699,College Academic Building,40.81775402,-73.9506056
4700,Bar,40.63357692,-74.00645452
4701,Clothing Store,40.76253282,-73.9743108
4702,Government Building,40.68735739,-74.14447699
4703,Neighborhood,40.70712443,-74.01072979
4704,Home (private),40.76071686,-73.91834636
4705,Office,40.75009174,-73.91028287
4706,Restaurant,40.76051875,-73.92217274
4707,Home (private),40.68650397,-73.88307006
4708,Home (private),40.77728739,-73.96537147
4709,Coffee Shop,40.7770213,-73.94996845
4710,Home (private),40.8445038,-73.88307006
4711,Medical Center,40.82548744,-73.83964634
4712,Home (private),40.82329903,-73.94186034
4713,Medical Center,40.77696675,-73.70148182
4714,Medical Center,40.63873748,-73.99900588
4715,Office,40.86849913,-74.04021263
4716,Home (private),40.86790523,-74.04763776
4717,Gas Station / Garage,40.94251513,-74.1485712
4718,Subway,40.85541922,-73.92921209
4719,Residential Building (Apartment / Condo),40.85172105,-73.92831547
4720,Government Building,40.86837411,-73.91199951
4721,Office,40.72608796,-74.00557995
4722,Gym / Fitness Center,40.75962682,-73.97417665
4723,College Academic Building,40.753464,-73.9908
4724,Train Station,40.8314435,-74.13145065
4725,Office,40.73692493,-73.98861287
4726,Building,40.76339949,-73.92409712
4727,Food & Drink Shop,40.76240414,-73.92674249
4728,Home (private),40.59770413,-74.16509908
4729,Office,40.66051124,-73.81729761
4730,Home (private),40.60927923,-74.1063776
4731,Home (private),40.78549052,-73.95361626
4732,Residential Building (Apartment / Condo),40.77466128,-73.9545318
4733,Office,40.76348875,-73.99609061
4734,Home (private),40.80713952,-74.17684116
4735,Gym / Fitness Center,40.80168342,-74.17055454
4736,Subway,40.67396596,-73.88071775
4737,Building,40.74154412,-74.0010144
4738,Office,40.72435609,-73.99737239
4739,Residential Building (Apartment / Condo),40.6612058,-73.88063192
4740,High School,40.71216158,-73.93977945
4741,Elementary School,40.69280692,-73.95247687
4742,Light Rail,40.65449923,-74.12866116
4743,Church,40.64996586,-74.12832864
4744,Comedy Club,40.75799557,-73.9895311
4745,Theater,40.725851,-73.994335
4746,Office,40.71612228,-74.19334445
4747,Residential Building (Apartment / Condo),40.75362869,-74.17654016
4748,Home (private),40.76741096,-73.96537147
4749,Burger Joint,40.76680493,-73.96270537
4750,Bar,40.82659732,-73.82250163
4751,Food & Drink Shop,40.80428215,-73.96649931
4752,Food & Drink Shop,40.80245899,-73.96771037
4753,Deli / Bodega,40.80276513,-73.96798611
4754,Bank,40.80492717,-73.96622955
4755,Bakery,40.80323038,-73.9670618
4756,Convenience Store,40.80300261,-73.96761854
4757,Residential Building (Apartment / Condo),40.80312908,-73.96678629
4758,Bank,40.80344732,-73.96704197
4759,Deli / Bodega,40.80237966,-73.96470854
4760,Miscellaneous Shop,40.8041201,-73.96687239
4761,Home (private),40.68262247,-73.71836391
4762,Food & Drink Shop,40.68152423,-73.71970005
4763,Food & Drink Shop,40.68287734,-73.71464218
4764,Trade School,40.705436,-73.780708
4765,Residential Building (Apartment / Condo),40.75455195,-73.97195763
4766,Automotive Shop,40.90756752,-74.16476367
4767,Home (private),40.92051512,-73.97909741
4768,Home (private),40.88939318,-74.20032308
4769,Home (private),40.61249562,-73.98887973
4770,Home (private),40.61249562,-73.98887973
4771,Gym / Fitness Center,40.7270014,-73.95298773
4772,School,40.74484352,-73.98396998
4773,Ferry,40.74260751,-73.96644115
4774,School,40.791172,-73.944024
4775,Fast Food Restaurant,40.78986319,-73.94593309
4776,Food & Drink Shop,40.79042147,-73.94543943
4777,Movie Theater,40.76280415,-73.98008456
4778,Home (private),40.79536351,-73.95361626
4779,Housing Development,40.7875497,-73.94378623
4780,Latin American Restaurant,40.83424989,-73.94523278
4781,Coffee Shop,40.76860986,-73.91103498
4782,Bar,40.769619,-73.910056
4783,Bank,40.83448112,-73.944442
4784,Deli / Bodega,40.834315,-73.944861
4785,Bus Station,40.76923889,-73.9105929
4786,Home (private),40.8331652,-73.94186034
4787,Church,40.70095305,-73.89970136
4788,Church,40.7927292,-73.97301369
4789,Home (private),40.69807076,-73.89482953
4790,Office,40.74104509,-74.00211047
4791,Home (private),40.81827071,-73.9065883
4792,Subway,40.81807001,-73.91209137
4793,College Academic Building,40.70006672,-73.98789549
4794,Subway,40.7076499,-74.01398788
4795,Gym / Fitness Center,40.75618884,-73.92255165
4796,Deli / Bodega,40.82161194,-73.91215452
4797,Coffee Shop,40.7271903,-73.98609918
4798,Home (private),40.7312265,-73.98887973
4799,University,40.89690578,-74.03017044
4800,College Academic Building,40.89851723,-74.02913151
4801,College Academic Building,40.89839491,-74.02952167
4802,Office,40.74037378,-73.98467589
4803,Home (private),40.84637534,-73.96537147
4804,Home (private),40.84637534,-73.96537147
4805,Office,40.88605566,-74.14766834
4806,Theater,40.76082903,-73.98788402
4807,Playground,40.9177621,-73.77304649
4808,Park,40.91788114,-73.77322459
4809,Deli / Bodega,40.914614,-73.772586
4810,Donut Shop,40.91802034,-73.76782894
4811,Home (private),40.91799602,-73.77720317
4812,Coffee Shop,40.91376222,-73.77644768
4813,Home (private),40.82621864,-73.82426211
4814,Neighborhood,40.82296794,-73.8196063
4815,Medical Center,40.97149974,-73.87811743
4816,Office,40.71930535,-74.03364133
4817,Coffee Shop,40.71333778,-74.0157938
4818,Bookstore,40.73839925,-73.99183815
4819,Home (private),40.72384336,-73.73013314
4820,Home (private),40.72384336,-73.73013314
4821,Playground,40.72644571,-73.72920513
4822,Taxi,40.645638,-73.776775
4823,Home (private),40.73202068,-73.71836391
4824,Temple,40.726302,-73.730433
4825,Airport,40.64615123,-73.77607998
4826,Military Base,40.726328,-73.730388
4827,Bar,40.733212,-73.712695
4828,Gym / Fitness Center,40.94709963,-74.072561
4829,Gym / Fitness Center,40.7492402,-74.03639317
4830,Home (private),40.85471533,-74.02413672
4831,Home (private),40.82358935,-74.22380201
4832,Home (private),40.86107855,-73.93010371
4833,Light Rail,40.68727875,-74.09511566
4834,Gas Station / Garage,40.66117475,-74.11694482
4835,Gym / Fitness Center,40.6622634,-74.1164516
4836,Other Nightlife,40.74623905,-73.98058961
4837,Beer Garden,40.76094971,-73.96321621
4838,Coffee Shop,40.68670555,-73.9904895
4839,Office,40.7516135,-73.98787737
4840,Donut Shop,40.82637853,-73.82213976
4841,Medical Center,40.82798023,-73.8188887
4842,Home (private),40.82452994,-73.81249842
4843,Bus Station,40.646505,-73.77692
4844,Bus Station,40.70637,-73.831785
4845,Hotel,40.705896,-73.829739
4846,Synagogue,40.706031,-73.829719
4847,Asian Restaurant,40.64572694,-73.77540779
4848,Residential Building (Apartment / Condo),40.6597978,-74.11579728
4849,College Academic Building,40.69866967,-73.98709777
4850,Food & Drink Shop,40.7184992,-73.99673335
4851,Medical Center,40.77741106,-73.7014818
4852,Parking,40.77634771,-73.70125765
4853,Café,40.77725461,-73.70149329
4854,Medical Center,40.77725225,-73.70148754
4855,Medical Center,40.77729034,-73.70121765
4856,Home (private),40.73424417,-73.87130988
4857,Road,40.70269166,-73.85483123
4858,Road,40.70764494,-73.85936737
4859,Road,40.73321851,-73.87100266
4860,Road,40.71184142,-73.85988235
4861,Road,40.70111334,-73.84200685
4862,Bakery,40.76425844,-73.95432516
4863,Home (private),40.66624695,-73.74190168
4864,Pizza Place,40.72388896,-73.95048506
4865,Home (private),40.65220328,-74.12986841
4866,Office,40.7597731,-73.98116112
4867,Gym / Fitness Center,40.750746,-74.002286
4868,Office,40.74449573,-73.98918676
4869,Asian Restaurant,40.71487,-73.9995
4870,Bar,40.6790566,-73.97373112
4871,Nursery School,40.76852291,-73.96591961
4872,Home (private),40.87239872,-73.87130988
4873,Home (private),40.87239872,-73.87130988
4874,Home (private),40.89103646,-74.21206292
4875,Home (private),40.76071686,-73.91834636
4876,Residential Building (Apartment / Condo),40.84115129,-73.91632836
4877,Breakfast Spot,40.7679726,-73.9642551
4878,Bar,40.785953,-73.976422
4879,Building,40.72927158,-73.85851241
4880,Home (private),40.7458043,-73.88307006
4881,Café,40.7045885,-74.00963933
4882,Office,40.70410314,-74.00835394
4883,Residential Building (Apartment / Condo),40.80095259,-73.95901468
4884,Molecular Gastronomy Restaurant,40.868112,-73.96659
4885,River,40.868138,-73.966478
4886,Bus Station,40.85425384,-73.96673464
4887,Bus Station,40.8485393,-73.93785065
4888,Home (private),40.81024607,-73.98887973
4889,Fast Food Restaurant,40.85577271,-73.96678055
4890,Bar,40.85801019,-74.14769961
4891,Home (private),40.67640029,-73.81249842
4892,Synagogue,40.66436018,-73.94593883
4893,Home (private),40.66521166,-73.94186034
4894,General College & University,40.66983926,-73.94427989
4895,Food & Drink Shop,40.67003927,-73.944317
4896,Bus Station,40.6699453,-73.94423397
4897,Museum,40.669202,-73.94220592
4898,Road,40.66988611,-73.9312375
4899,Office,40.910894,-74.031547
4900,Home (private),40.73132217,-74.05938719
4901,Road,40.7395,-74.06545
4902,Bar,40.713404,-74.03974172
4903,Home (private),40.72966217,-74.04763776
4904,School,40.83433374,-73.88697178
4905,Coffee Shop,40.84912373,-73.88328539
4906,Home (private),40.8543645,-73.88307006
4907,Residential Building (Apartment / Condo),40.662271,-73.766433
4908,Home (private),40.66144137,-73.77720317
4909,Home (private),40.67343128,-73.93010371
4910,Home (private),40.72800078,-74.0358876
4911,Bar,40.7396093,-74.00215064
4912,Home (private),40.86107855,-73.93010371
4913,Office,40.75335633,-73.98701743
4914,Deli / Bodega,40.75453936,-73.9883709
4915,Office,40.70593002,-74.01464884
4916,Bar,40.75384252,-73.98741916
4917,Home (private),40.77688363,-73.82426211
4918,College Academic Building,40.722904,-73.79474
4919,Office,40.75738861,-73.97569399
4920,High School,40.94246719,-74.02115822
4921,Pizza Place,40.91455036,-73.99710417
4922,Gym / Fitness Center,40.73501762,-74.16568105
4923,Drugstore / Pharmacy,40.69880622,-74.23142801
4924,Brazilian Restaurant,40.69843457,-74.232187
4925,Salon / Barbershop,40.82537481,-73.95092131
4926,Home (private),40.84954116,-73.91834636
4927,Office,40.8387242,-74.18097766
4928,Residential Building (Apartment / Condo),40.76923069,-74.19950046
4929,Café,40.77290293,-74.18828725
4930,Home (private),40.78407281,-74.22380201
4931,Hotel,40.769254,-74.19946033
4932,Building,40.82403326,-73.94429137
4933,Neighborhood,40.82388374,-73.9419034
4934,Building,40.823993,-73.9443357
4935,Road,40.82405586,-73.94476891
4936,Office,40.74337624,-73.98483084
4937,Deli / Bodega,40.74349261,-73.98497432
4938,High School,40.72480192,-73.99019108
4939,Home (private),40.78506564,-73.81249842
4940,Department Store,40.78257007,-73.83682058
4941,Home (private),40.76025057,-73.77720317
4942,Subway,40.67826219,-73.89171481
4943,Residential Building (Apartment / Condo),40.70742662,-73.96012247
4944,Arts & Entertainment,40.74656487,-73.98202441
4945,Office,40.751621,-73.990009
4946,Office,40.75134162,-73.99047803
4947,American Restaurant,40.8684001,-73.9013328
4948,Home (private),40.8149116,-73.88307006
4949,Building,40.75289565,-74.00650043
4950,Other Great Outdoors,40.62443787,-74.08435517
4951,Campground,40.67172008,-73.80660295
4952,Taxi,40.6717,-73.8066
4953,Convenience Store,40.69968352,-73.80787141
4954,Light Rail,40.74870949,-73.92597322
4955,Bus Station,40.6721711,-73.80669961
4956,Athletic & Sport,40.82600061,-73.95562239
4957,Subway,40.69772339,-73.8115921
4958,General Entertainment,40.67198238,-73.80652728
4959,Neighborhood,40.66992984,-73.81906986
4960,Road,40.67602432,-73.81949756
4961,Train Station,40.74739874,-73.93213304
4962,Bar,40.67716004,-73.80491886
4963,Bar,40.87262347,-73.82675779
4964,Home (private),40.69321218,-73.93010371
4965,Library,40.69355169,-73.92581821
4966,Home (private),40.69321218,-73.93010371
4967,Bus Station,40.69499419,-73.92605359
4968,Deli / Bodega,40.71878936,-73.99280801
4969,Office,40.7394917,-73.9883374
4970,College Stadium,40.63027996,-73.95441413
4971,College Academic Building,40.71140759,-74.00542734
4972,Train Station,40.85353415,-73.92035859
4973,Sandwich Place,40.7588332,-73.9704424
4974,Japanese Restaurant,40.75911759,-73.97041371
4975,Gym / Fitness Center,40.93462184,-73.90129566
4976,Residential Building (Apartment / Condo),40.93460889,-73.90130326
4977,Park,40.93545362,-73.90199225
4978,Hotel,40.74954093,-73.97773325
4979,Hotel,40.75215522,-73.99148807
4980,Airport,40.64407991,-73.7823987
4981,Hotel,40.66574948,-73.7846574
4982,Airport,40.76465914,-73.86291137
4983,Performing Arts Venue,40.71841401,-74.00240888
4984,Home (private),40.61082832,-73.97712596
4985,Church,40.59977194,-73.9739033
4986,Restaurant,40.5966063,-73.97727231
4987,School,40.60244708,-73.97195763
4988,Residential Building (Apartment / Condo),40.5975802,-73.93835306
4989,Residential Building (Apartment / Condo),40.5981113,-73.93832782
4990,Office,40.70283942,-73.98913511
4991,Deli / Bodega,40.67744017,-73.97271524
4992,Home (private),40.83676329,-74.17684116
4993,Bakery,40.838385,-74.155839
4994,General Travel,40.81653821,-74.21447328
4995,City,40.82009313,-74.21089069
4996,Plaza,40.81646795,-73.93601943
4997,Home (private),40.81175653,-73.93010371
4998,Home (private),40.89859144,-73.8477874
4999,Church,40.73906331,-73.98695469
5000,Deli / Bodega,40.68339282,-73.88350359
5001,Home (private),40.71448092,-73.87130988
5002,Home (private),40.68499609,-73.94186034
5003,Office,40.65899162,-73.91504809
5004,Residential Building (Apartment / Condo),40.68610406,-73.94382641
5005,Deli / Bodega,40.68614152,-73.94364846
5006,Home (private),40.68499609,-73.94186034
5007,Deli / Bodega,40.67657411,-73.74043927
5008,Elementary School,40.70343522,-73.81633261
5009,Middle School,40.67486172,-73.73472169
5010,Residential Building (Apartment / Condo),40.731154,-73.860719
5011,Performing Arts Venue,40.73635519,-74.007347
5012,Home (private),40.78573534,-74.16509908
5013,Pizza Place,40.80087841,-74.15413678
5014,Gym / Fitness Center,40.82715714,-73.99534464
5015,Home (private),40.73569746,-73.81249842
5016,College Academic Building,40.83326516,-73.87441365
5017,Home (private),40.91220464,-74.01238511
5018,Home (private),40.86565638,-73.82426211
5019,Other Great Outdoors,40.86848291,-73.83256674
5020,Home (private),40.84594087,-73.82426211
5021,Movie Theater,40.86674826,-73.82558032
5022,Office,40.75071945,-73.97515297
5023,Gym / Fitness Center,40.71670852,-74.0105474
5024,Home (private),40.67844744,-73.96537147
5025,Sporting Goods Shop,40.76011569,-73.9835338
5026,Home (private),40.63552245,-73.94186034
5027,Office,40.745731,-73.992756
5028,Home (private),40.7491622,-73.9065883
5029,Neighborhood,40.84769339,-73.90088797
5030,Office,40.80343175,-73.92120826
5031,Home (private),40.85155841,-74.14161271
5032,Bar,40.85785364,-74.14799452
5033,Bar,40.87161002,-74.10911051
5034,Community College,40.91777713,-74.16923761
5035,Residential Building (Apartment / Condo),40.875788,-74.065925
5036,Residential Building (Apartment / Condo),40.87576042,-74.06575785
5037,Home (private),40.79216876,-74.00063278
5038,Church,40.737646,-73.87628
5039,Asian Restaurant,40.787051,-73.72852
5040,Home (private),40.75099148,-73.98887973
5041,Home (private),40.77895756,-73.97712596
5042,Music Venue,40.69965767,-73.72302743
5043,Bar,40.69962896,-73.72320558
5044,Office,40.71073369,-73.85139118
5045,Office,40.70585148,-74.00528387
5046,Office,40.75850534,-73.97038937
5047,Library,40.7369991,-73.99245221
5048,Housing Development,40.71057519,-73.81579267
5049,Toy / Game Store,40.77801771,-73.95453754
5050,Residential Building (Apartment / Condo),40.79438498,-73.94910742
5051,Café,40.72075399,-74.03930068
5052,Bakery,40.73019307,-73.98927285
5053,Home (private),40.70156643,-73.98887973
5054,Gym / Fitness Center,40.76936,-73.987263
5055,Residential Building (Apartment / Condo),40.87063009,-74.09792627
5056,Home (private),40.87454171,-74.0946311
5057,Funeral Home,40.87053932,-74.09795495
5058,Moving Target,40.86981347,-74.09694672
5059,Office,40.72518463,-73.99675057
5060,Gym / Fitness Center,40.73339069,-73.97608427
5061,Clothing Store,40.73352393,-74.00432555
5062,Home (private),40.76723746,-73.89482953
5063,Train Station,40.75288139,-73.97699833
5064,Office,40.75326986,-73.98982379
5065,Latin American Restaurant,40.75228597,-73.99172337
5066,Office,40.712611,-73.956427
5067,Office,40.75301444,-73.97435098
5068,Medical Center,40.90981229,-73.90852556
5069,Home (private),40.73569746,-73.81249842
5070,Gym / Fitness Center,40.75557586,-73.97379999
5071,Deli / Bodega,40.76161763,-73.97267506
5072,Office,40.76043706,-73.97220443
5073,Deli / Bodega,40.74131673,-73.9883087
5074,Scenic Lookout,40.70427281,-73.98675917
5075,Office,40.78614008,-73.85758207
5076,Bus Station,40.759019,-73.82994493
5077,Residential Building (Apartment / Condo),40.89995265,-73.86681062
5078,Home (private),40.79889202,-74.11812338
5079,Breakfast Spot,40.76839607,-74.14227502
5080,School,40.765378,-74.147923
5081,Home (private),40.78243805,-74.14161271
5082,Building,40.74951025,-73.97160752
5083,Office,40.75630916,-73.97491918
5084,Office,40.75665893,-73.98240893
5085,Home (private),40.76087145,-73.98887973
5086,Clothing Store,40.71994272,-74.00254086
5087,Home (private),40.74557446,-73.81249842
5088,Home (private),40.63063339,-73.97712596
5089,Home (private),40.63063339,-73.97712596
5090,Deli / Bodega,40.70114391,-73.80793463
5091,Building,40.70012693,-73.80860097
